opportunity_id,chunk_id,chunk_index,chunk_text,source,opportunity_type_canonical,discipline_canonical,batch,keyword_class
nordic_culture_point_99a3ce7db217,nordic_culture_point_99a3ce7db217_0,0,"Funding is available for professional artists and cultural practitioners (such as curators, producers, literary translators, cultural editors or researchers) in all forms of art and culture.",nordic_culture_point,['Grant/Funding'],['Multidisciplinary'],round1,
nordic_culture_point_99a3ce7db217,nordic_culture_point_99a3ce7db217_1,1,Applications may be submitted by individuals or organisations. “Professional” means that there is documented experience of work in the field of art and culture and/or training in art or culture.,nordic_culture_point,['Grant/Funding'],['Multidisciplinary'],round1,
nordic_culture_point_99a3ce7db217,nordic_culture_point_99a3ce7db217_2,2,"To apply for network funding, you must be a resident of the Nordic Region (Denmark, Finland, the Faroe Islands, Greenland, Iceland, Norway, Sweden, or Åland) or the Baltic countries (Estonia, Latvia, or Lithuania), although you do not need to be a Nordic or Baltic citizen.",nordic_culture_point,['Grant/Funding'],['Multidisciplinary'],round1,
nordic_culture_point_99a3ce7db217,nordic_culture_point_99a3ce7db217_3,3,"Groups, organisations, and institutions must be registered in a Nordic or Baltic country in order to apply.",nordic_culture_point,['Grant/Funding'],['Multidisciplinary'],round1,
nordic_culture_point_99a3ce7db217,nordic_culture_point_99a3ce7db217_4,4,"The network must consist of partners from: at least three Nordic and/or Baltic countries (Denmark, Estonia, Finland, the Faroe Islands, Greenland, Iceland, Latvia, Lithuania, Norway, Sweden, and Åland.) The network may include additional partners who do not operate in the Nordic or Baltic region.",nordic_culture_point,['Grant/Funding'],['Multidisciplinary'],round1,
kunsten_be_flanders_29113af76b09,kunsten_be_flanders_29113af76b09_0,0,"the Berlin Biennale invites a group of fifteen early-career curators, educators, and other practitioners to participate in this seven-day workshop.",kunsten_be_flanders,['Workshop/Training'],['Curating/Art Criticism'],round1,
kunst_dk_denmark_823c0bbbc582,kunst_dk_denmark_823c0bbbc582_0,0,"Smaller theatres, performing arts groups, independent performing artists and operators organising or working with performing arts activities can apply for grants of max.",kunst_dk_denmark,['Grant/Funding'],['Performing Arts'],round1,
kunst_dk_denmark_823c0bbbc582,kunst_dk_denmark_823c0bbbc582_1,1,"DKK 100,000 for international performing arts activities.",kunst_dk_denmark,['Grant/Funding'],['Performing Arts'],round1,
kunst_dk_denmark_823c0bbbc582,kunst_dk_denmark_823c0bbbc582_2,2,Who may apply?,kunst_dk_denmark,['Grant/Funding'],['Performing Arts'],round1,
kunst_dk_denmark_823c0bbbc582,kunst_dk_denmark_823c0bbbc582_3,3,"Smaller theatres, performing arts groups, independent performing artists and operators organising or working with performing arts activities.",kunst_dk_denmark,['Grant/Funding'],['Performing Arts'],round1,
kunst_dk_denmark_823c0bbbc582,kunst_dk_denmark_823c0bbbc582_4,4,Who may not apply?,kunst_dk_denmark,['Grant/Funding'],['Performing Arts'],round1,
kunst_dk_denmark_823c0bbbc582,kunst_dk_denmark_823c0bbbc582_5,5,"Support cannot be granted for projects, which are carried out exclusively by the large institutional theatres.",kunst_dk_denmark,['Grant/Funding'],['Performing Arts'],round1,
kunst_dk_denmark_823c0bbbc582,kunst_dk_denmark_823c0bbbc582_6,6,"By large institutional theatres we mean The Royal Danish Theatre, the Danish regional theatres, the Jutland Opera, and the theatres in the Copenhagen theatre association may not apply.",kunst_dk_denmark,['Grant/Funding'],['Performing Arts'],round1,
kunst_dk_denmark_823c0bbbc582,kunst_dk_denmark_823c0bbbc582_7,7,You cannot receive funding for the following purposes activities initiated ahead of the deadline educational purposes for individuals,kunst_dk_denmark,['Grant/Funding'],['Performing Arts'],round1,
kunsten_be_flanders_0c520b567ceb,kunsten_be_flanders_0c520b567ceb_0,0,The Rencontres d’Arles curatorial research grant is aimed at exhibition curators wishing to carry out an original project relating to image or photography.,kunsten_be_flanders,['Grant/Funding'],['Photography'],round1,
kulturdirektoratet_norway_424c960502a7,kulturdirektoratet_norway_424c960502a7_0,0,Publishers with a Norwegian organization number may apply for this scheme.,kulturdirektoratet_norway,['Grant/Funding'],['Literature/Writing'],round1,
kulturdirektoratet_norway_424c960502a7,kulturdirektoratet_norway_424c960502a7_1,1,It is important that you as the publisher have entered into an agreement with the author and any other creators (such as illustrators and translators) before applying.,kulturdirektoratet_norway,['Grant/Funding'],['Literature/Writing'],round1,
dansateliers_rotterdam_33931cad7e6f,dansateliers_rotterdam_33931cad7e6f_0,0,We are looking for experienced dancers and circus artists with a strong physical presence and technical ability.,dansateliers_rotterdam,['Open Call'],"['Dance', 'Circus/Street Arts']",round1,
dansateliers_rotterdam_33931cad7e6f,dansateliers_rotterdam_33931cad7e6f_1,1,"Performers who are versatile, comfortable with working in both acrobatic and dance-based contexts, and who can engage with abstract concepts while bringing their own individuality and creativity to the process.",dansateliers_rotterdam,['Open Call'],"['Dance', 'Circus/Street Arts']",round1,
dansateliers_rotterdam_33931cad7e6f,dansateliers_rotterdam_33931cad7e6f_2,2,It is preferred that you live in the area around Rotterdam.,dansateliers_rotterdam,['Open Call'],"['Dance', 'Circus/Street Arts']",round1,
dansateliers_rotterdam_33931cad7e6f,dansateliers_rotterdam_33931cad7e6f_3,3,"Marta & Kim are searching for a total of 2 additional performers, who meet the following conditions:",dansateliers_rotterdam,['Open Call'],"['Dance', 'Circus/Street Arts']",round1,
dansateliers_rotterdam_33931cad7e6f,dansateliers_rotterdam_33931cad7e6f_4,4,HBO level circus or dance trained,dansateliers_rotterdam,['Open Call'],"['Dance', 'Circus/Street Arts']",round1,
dansateliers_rotterdam_33931cad7e6f,dansateliers_rotterdam_33931cad7e6f_5,5,"Relevant stage experience is highly valued •.Experience and talent for partnering, but also able to execute solo material",dansateliers_rotterdam,['Open Call'],"['Dance', 'Circus/Street Arts']",round1,
dansateliers_rotterdam_33931cad7e6f,dansateliers_rotterdam_33931cad7e6f_6,6,Able to commute to our studio space at Dansateliers Rotterdam (we can’t provide accommodation during rehearsals),dansateliers_rotterdam,['Open Call'],"['Dance', 'Circus/Street Arts']",round1,
dansateliers_rotterdam_33931cad7e6f,dansateliers_rotterdam_33931cad7e6f_7,7,Availability for rehearsals and touring.,dansateliers_rotterdam,['Open Call'],"['Dance', 'Circus/Street Arts']",round1,
mondriaan_fund_a939eddff305,mondriaan_fund_a939eddff305_0,0,"Applications can only be submitted by visual artists who have been professionally active for at least 1 year: If you have completed a Bachelor’s degree programme (HBO) with a visual arts curriculum, the date on your diploma will be considered the start of your professional practice.",mondriaan_fund,['Grant/Funding'],['Visual Arts'],round1,
mondriaan_fund_a939eddff305,mondriaan_fund_a939eddff305_1,1,"If there is an interim period between your graduation from the Bachelor’s programme with a visual arts curriculum and the start of your Master’s programme, this period will be considered as part of your professional practice.",mondriaan_fund,['Grant/Funding'],['Visual Arts'],round1,
mondriaan_fund_a939eddff305,mondriaan_fund_a939eddff305_2,2,"If you have not completed a Bachelor’s degree programme (HBO) with a visual arts curriculum, the date on which you first presented work in professional art circles will be considered the start of your professional practice.",mondriaan_fund,['Grant/Funding'],['Visual Arts'],round1,
mondriaan_fund_a939eddff305,mondriaan_fund_a939eddff305_3,3,"In order to be eligible for a contribution, you must be artistically and substantively active within the visual arts field, and in this capacity, part of the professional art practice in the Netherlands and/or the Caribbean part of the Kingdom.",mondriaan_fund,['Grant/Funding'],['Visual Arts'],round1,
mondriaan_fund_a939eddff305,mondriaan_fund_a939eddff305_4,4,You cannot apply for or use a contribution while enrolled to study at educational institutions for e.g.,mondriaan_fund,['Grant/Funding'],['Visual Arts'],round1,
mondriaan_fund_a939eddff305,mondriaan_fund_a939eddff305_5,5,"Bachelor’s, Master’s or postdoctoral programmes.",mondriaan_fund,['Grant/Funding'],['Visual Arts'],round1,
mondriaan_fund_a939eddff305,mondriaan_fund_a939eddff305_6,6,This also applies to participation in programmes at postgraduate institutions and to PhD programmes.,mondriaan_fund,['Grant/Funding'],['Visual Arts'],round1,
mondriaan_fund_a939eddff305,mondriaan_fund_a939eddff305_7,7,The exception is part-time programmes (not Bachelor’s programmes) of less than 20 hours a week.,mondriaan_fund,['Grant/Funding'],['Visual Arts'],round1,
kunsten_be_flanders_4d016b2d08b2,kunsten_be_flanders_4d016b2d08b2_0,0,"We are inviting anyone to send us a proposal to create a performance, character or small happening around the (social) aspects of drinking tea (ceremonial, historical, colonial, its gossipy aspect etc) to be presented during our Dress-up-tea-Party.",kunsten_be_flanders,['Open Call'],"['Performing Arts', 'Design/Architecture']",round1,
kunsten_be_flanders_4d016b2d08b2,kunsten_be_flanders_4d016b2d08b2_1,1,"For the ‘Dress-up’ part of our party, we welcome fashion- & costume designers to send a proposal of a selection of pieces/ costumes (from their oeuvre) to be used during the Dress-Up-Tea-Party.",kunsten_be_flanders,['Open Call'],"['Performing Arts', 'Design/Architecture']",round1,
kunsten_be_flanders_4d016b2d08b2,kunsten_be_flanders_4d016b2d08b2_2,2,Your pieces will be actively worn by visitors/participants and will be handled with care.,kunsten_be_flanders,['Open Call'],"['Performing Arts', 'Design/Architecture']",round1,
kunsten_be_flanders_1c78c30f66d3,kunsten_be_flanders_1c78c30f66d3_0,0,"Eligible for support are Dutch-Belgian co-projects across all disciplines, but special attention is given to the performing arts, contemporary visual arts, the creative industries (especially architecture, design, fashion and digital art), and cultural heritage.",kunsten_be_flanders,['Grant/Funding'],"['Multidisciplinary', 'Performing Arts', 'Visual Arts', 'Design/Architecture', 'Cultural Heritage']",round1,
kunsten_be_flanders_1c78c30f66d3,kunsten_be_flanders_1c78c30f66d3_1,1,Multidisciplinary projects are also welcome.,kunsten_be_flanders,['Grant/Funding'],"['Multidisciplinary', 'Performing Arts', 'Visual Arts', 'Design/Architecture', 'Cultural Heritage']",round1,
kunsten_be_flanders_1c78c30f66d3,kunsten_be_flanders_1c78c30f66d3_2,2,"In addition, the embassy welcomes projects that explore innovative formats and presentation methods, cross-border cultural exchange, and initiatives that promote participation and inclusion, equal rights, and sustainability.",kunsten_be_flanders,['Grant/Funding'],"['Multidisciplinary', 'Performing Arts', 'Visual Arts', 'Design/Architecture', 'Cultural Heritage']",round1,
kunsten_be_flanders_1c78c30f66d3,kunsten_be_flanders_1c78c30f66d3_3,3,"Projects must take place in Belgium, unless they involve virtual collaboration.",kunsten_be_flanders,['Grant/Funding'],"['Multidisciplinary', 'Performing Arts', 'Visual Arts', 'Design/Architecture', 'Cultural Heritage']",round1,
kunsten_be_flanders_1c78c30f66d3,kunsten_be_flanders_1c78c30f66d3_4,4,Special attention is given to projects taking place in Wallonia and the Meuse-Rhine Euregion.,kunsten_be_flanders,['Grant/Funding'],"['Multidisciplinary', 'Performing Arts', 'Visual Arts', 'Design/Architecture', 'Cultural Heritage']",round1,
kunsten_be_flanders_1c78c30f66d3,kunsten_be_flanders_1c78c30f66d3_5,5,Note: only the Belgian partner can apply for this funding.,kunsten_be_flanders,['Grant/Funding'],"['Multidisciplinary', 'Performing Arts', 'Visual Arts', 'Design/Architecture', 'Cultural Heritage']",round1,
vkkf_konkursu_grafiks_1c89433f51e6,vkkf_konkursu_grafiks_1c89433f51e6_0,0,"The objectives, tasks, applicant eligibility and other issues related to the conduct of the program competition are set out in the regulations of each target program competition.",vkkf_konkursu_grafiks,['Other'],['Design/Architecture'],round1,
kunsten_be_flanders_73af767aad70,kunsten_be_flanders_73af767aad70_0,0,No prior professional experience in performance is required.,kunsten_be_flanders,['Open Call'],['Performing Arts'],round1,
kunsten_be_flanders_73af767aad70,kunsten_be_flanders_73af767aad70_1,1,Participants contribute to situated individual and speculative narratives embedded in the architectural and institutional context.,kunsten_be_flanders,['Open Call'],['Performing Arts'],round1,
kunsten_be_flanders_73af767aad70,kunsten_be_flanders_73af767aad70_2,2,A connection to the local context and openness to collaborative work are essential.,kunsten_be_flanders,['Open Call'],['Performing Arts'],round1,
kunsten_be_flanders_217b1f327dad,kunsten_be_flanders_217b1f327dad_0,0,You are a performing musician,kunsten_be_flanders,['Workshop/Training'],['Music'],round1,
kunsten_be_flanders_217b1f327dad,kunsten_be_flanders_217b1f327dad_1,1,You are pursuing a master’s degree or have just graduated as a musician,kunsten_be_flanders,['Workshop/Training'],['Music'],round1,
kunsten_be_flanders_217b1f327dad,kunsten_be_flanders_217b1f327dad_2,2,You are building a career in Flanders or Brussels.,kunsten_be_flanders,['Workshop/Training'],['Music'],round1,
kunsten_be_flanders_217b1f327dad,kunsten_be_flanders_217b1f327dad_3,3,"Because some of the topics we will discuss (such as the different statutes or developing projects) are tied to a specific context, we believe the workshop will be most useful for those who work or will work in this context.",kunsten_be_flanders,['Workshop/Training'],['Music'],round1,
kunsten_be_flanders_217b1f327dad,kunsten_be_flanders_217b1f327dad_4,4,"Specifically, the workshop is intended for those who:",kunsten_be_flanders,['Workshop/Training'],['Music'],round1,
kunsten_be_flanders_217b1f327dad,kunsten_be_flanders_217b1f327dad_5,5,have studied or are studying at a Flemish or Brussels Conservatoire.,kunsten_be_flanders,['Workshop/Training'],['Music'],round1,
kunsten_be_flanders_217b1f327dad,kunsten_be_flanders_217b1f327dad_6,6,want to build a career in Flanders or Brussels.,kunsten_be_flanders,['Workshop/Training'],['Music'],round1,
kunsten_be_flanders_217b1f327dad,kunsten_be_flanders_217b1f327dad_7,7,You work with early music,kunsten_be_flanders,['Workshop/Training'],['Music'],round1,
deutscher_uebersetzerfonds_c207b387a453,deutscher_uebersetzerfonds_c207b387a453_0,0,Work grant (target language German),deutscher_uebersetzerfonds,['Grant/Funding'],['Literature/Writing'],round1,
kunsten_be_flanders_df27ab545c60,kunsten_be_flanders_df27ab545c60_0,0,"We are looking for a person whose artistic practice is centered around hosting and hospitality, someone who builds an open and curious space where creation can appear unexpectedly.",kunsten_be_flanders,['Open Call'],['Multidisciplinary'],round1,
kunsten_be_flanders_df27ab545c60,kunsten_be_flanders_df27ab545c60_1,1,"We are looking for someone who: works across disciplines (textile, movement, ceramics, poetry, cooking, etc.); blends art, hospitality, care, and community; feels comfortable in multilingual settings; is familiar with migration (by lived experience or affinity); can listen, let go, and stay open to the unexpected; prefers process over product; enjoys collaborating with people with no artistic training but strong imagination.",kunsten_be_flanders,['Open Call'],['Multidisciplinary'],round1,
kunsten_be_flanders_df27ab545c60,kunsten_be_flanders_df27ab545c60_2,2,"We especially welcome applications from artists with migration backgrounds, artists of color, queer, neurodiverse, and non-binary artists.",kunsten_be_flanders,['Open Call'],['Multidisciplinary'],round1,
dgartes_portugal_111bdc1e2ebf,dgartes_portugal_111bdc1e2ebf_0,0,"Private legal persons with headquarters in Portugal, who carry out, on a predominant basis, professional activities here in one or more of the artistic areas provided for in Article 1, paragraph 2 of Decree-Law No.",dgartes_portugal,['Competition/Prize'],['Dance'],round1,
dgartes_portugal_111bdc1e2ebf,dgartes_portugal_111bdc1e2ebf_1,1,"103/2017, of 24 August, in its current wording, in accordance with the following access conditions:",dgartes_portugal,['Competition/Prize'],['Dance'],round1,
dgartes_portugal_111bdc1e2ebf,dgartes_portugal_111bdc1e2ebf_2,2,Biennial support modality: have at least four years of continuous professional activity;,dgartes_portugal,['Competition/Prize'],['Dance'],round1,
dgartes_portugal_111bdc1e2ebf,dgartes_portugal_111bdc1e2ebf_3,3,"Quadriennial support modality: have at least six years of continuous professional activity; have benefited, at least once in the last six years, from financial support from the State through DGARTES in the support type",dgartes_portugal,['Competition/Prize'],['Dance'],round1,
dgartes_portugal_111bdc1e2ebf,dgartes_portugal_111bdc1e2ebf_4,4,"Private foundations or public foundations under private law that have another type of continuous funding, ensured by the budget programme of the culture area, as well as associations mainly constituted by public entities and companies in the state business sector and of the autonomous regions, are not admitted to the tender procedure.",dgartes_portugal,['Competition/Prize'],['Dance'],round1,
dgartes_portugal_111bdc1e2ebf,dgartes_portugal_111bdc1e2ebf_5,5,Entities that have signed an addendum to renew the sustained support contract in the quadriennial modality are not admitted to the tender procedure.,dgartes_portugal,['Competition/Prize'],['Dance'],round1,
dgartes_portugal_111bdc1e2ebf,dgartes_portugal_111bdc1e2ebf_6,6,"Entities must frame their activity in only one application and, in the event of support being granted, the respective contract constitutes the sole support instrument for the period for which it is intended, except as provided for in Article 26(4) of Decree-Law No.",dgartes_portugal,['Competition/Prize'],['Dance'],round1,
dgartes_portugal_111bdc1e2ebf,dgartes_portugal_111bdc1e2ebf_7,7,"103/2017, of 24 August, in its current wording.",dgartes_portugal,['Competition/Prize'],['Dance'],round1,
kunsten_be_flanders_9b6a847d32f1,kunsten_be_flanders_9b6a847d32f1_0,0,Organizational Focus: Grants are available to legal entities/organizations.,kunsten_be_flanders,['Other'],['Multidisciplinary'],round1,
kunsten_be_flanders_9b6a847d32f1,kunsten_be_flanders_9b6a847d32f1_1,1,Open Sectoral Approach: No strict sectoral restrictions; participation is open to all cultural and creative sectors with a focus on participatory and socially-engaged work.,kunsten_be_flanders,['Other'],['Multidisciplinary'],round1,
kunsten_be_flanders_9b6a847d32f1,kunsten_be_flanders_9b6a847d32f1_2,2,Limitation is the Audiovisual sector (MEDIA).,kunsten_be_flanders,['Other'],['Multidisciplinary'],round1,
kunsten_be_flanders_9b6a847d32f1,kunsten_be_flanders_9b6a847d32f1_3,3,"Benelux Interest: Specifically tailored for organizations from Flanders, Luxembourg, the Netherlands, and Wallonia looking for high-impact international cooperation with Ukraine.",kunsten_be_flanders,['Other'],['Multidisciplinary'],round1,
mondriaan_fund_e52bef22781c,mondriaan_fund_e52bef22781c_0,0,"Visual artists, independent curators, art critics and art observers based in the Netherlands and the Caribbean part of the Kingdom.",mondriaan_fund,['Grant/Funding'],['Visual Arts'],round1,
mondriaan_fund_e52bef22781c,mondriaan_fund_e52bef22781c_1,1,"The activity associated with the application is part of a publicly accessible programme, such as a lecture, performance, book presentation or participation on a panel.",mondriaan_fund,['Grant/Funding'],['Visual Arts'],round1,
mondriaan_fund_e52bef22781c,mondriaan_fund_e52bef22781c_2,2,"The artist, curator or art observer has received an invitation from a contemporary visual art institution, venue, festival or symposium outside of the Netherlands with demonstrable and internationally recognised programming in the field of contemporary visual art.",mondriaan_fund,['Grant/Funding'],['Visual Arts'],round1,
mondriaan_fund_e52bef22781c,mondriaan_fund_e52bef22781c_3,3,"The invitation shows that the institution, venue, festival or symposium is offering the artist, curator or art observer a realistic fee for their participation in the public programme.",mondriaan_fund,['Grant/Funding'],['Visual Arts'],round1,
mondriaan_fund_e52bef22781c,mondriaan_fund_e52bef22781c_4,4,Voucher International can be awarded no more than twice per applicant within a 12-month period.,mondriaan_fund,['Grant/Funding'],['Visual Arts'],round1,
mondriaan_fund_e52bef22781c,mondriaan_fund_e52bef22781c_5,5,"For artists: You must have been working as a professional visual artist for at least 1 year: If you have completed a Bachelor’s degree programme (HBO) with a visual arts curriculum, the date on your diploma will be considered the start of your professional practice.",mondriaan_fund,['Grant/Funding'],['Visual Arts'],round1,
mondriaan_fund_e52bef22781c,mondriaan_fund_e52bef22781c_6,6,"If there is an interim period between your graduation from the Bachelor’s programme with a visual arts curriculum and the start of your Master’s programme, this period will be considered as part of your professional practice.",mondriaan_fund,['Grant/Funding'],['Visual Arts'],round1,
mondriaan_fund_e52bef22781c,mondriaan_fund_e52bef22781c_7,7,"If you have not completed a Bachelor’s degree programme (HBO) with a visual arts curriculum, the date on which you first presented work in professional art circles will be considered the start of your professional practice.",mondriaan_fund,['Grant/Funding'],['Visual Arts'],round1,
mondriaan_fund_e52bef22781c,mondriaan_fund_e52bef22781c_8,8,"In order to be eligible for a contribution, you must be artistically and substantively active within the visual arts field, and in this capacity, part of the professional art practice in the Netherlands and/or the Caribbean part of the Kingdom.",mondriaan_fund,['Grant/Funding'],['Visual Arts'],round1,
mondriaan_fund_e52bef22781c,mondriaan_fund_e52bef22781c_9,9,You may not apply for the Voucher International contribution while studying at educational institutions for e.g.,mondriaan_fund,['Grant/Funding'],['Visual Arts'],round1,
mondriaan_fund_e52bef22781c,mondriaan_fund_e52bef22781c_10,10,"Bachelor’s, Master’s or postdoctoral programmes.",mondriaan_fund,['Grant/Funding'],['Visual Arts'],round1,
mondriaan_fund_e52bef22781c,mondriaan_fund_e52bef22781c_11,11,This also applies to participation in programmes at postgraduate institutions.,mondriaan_fund,['Grant/Funding'],['Visual Arts'],round1,
mondriaan_fund_e52bef22781c,mondriaan_fund_e52bef22781c_12,12,"In the case that a visual artist studies part-time (not a Bachelor’s degree programme) for less than 20 hours a week, a grant may be awarded if: the applicant has been professionally active as an artist for at least 3 years, or has attended a Bachelor’s degree programme (HBO) at a visual arts educational institution for at least 3 years and has subsequently been professionally active as an artist for at least 1 year.",mondriaan_fund,['Grant/Funding'],['Visual Arts'],round1,
mondriaan_fund_e52bef22781c,mondriaan_fund_e52bef22781c_13,13,"For curators, critics and art observers: You have been working as a professional curator, art critic or art observer in the field of visual art for at least 2 years, and can support this with publications, exhibitions, research and/or projects.",mondriaan_fund,['Grant/Funding'],['Visual Arts'],round1,
mondriaan_fund_e52bef22781c,mondriaan_fund_e52bef22781c_14,14,You may not apply for the Voucher International contribution while studying at educational institutions for e.g.,mondriaan_fund,['Grant/Funding'],['Visual Arts'],round1,
mondriaan_fund_e52bef22781c,mondriaan_fund_e52bef22781c_15,15,"Bachelor’s, Master’s or postdoctoral programmes.",mondriaan_fund,['Grant/Funding'],['Visual Arts'],round1,
mondriaan_fund_e52bef22781c,mondriaan_fund_e52bef22781c_16,16,This also applies to participation in programmes at postgraduate institutions.,mondriaan_fund,['Grant/Funding'],['Visual Arts'],round1,
mondriaan_fund_e52bef22781c,mondriaan_fund_e52bef22781c_17,17,"In order to be eligible for a contribution, you must be artistically and substantively active within the visual arts field, and in this capacity, part of the professional art practice in the Netherlands and/or the Caribbean part of the Kingdom.",mondriaan_fund,['Grant/Funding'],['Visual Arts'],round1,
mondriaan_fund_e52bef22781c,mondriaan_fund_e52bef22781c_18,18,"For curators and art observers, the activity associated with the application must be part of their independent practice.",mondriaan_fund,['Grant/Funding'],['Visual Arts'],round1,
mondriaan_fund_3b86b5d4af2f,mondriaan_fund_3b86b5d4af2f_0,0,"Independent curators, critics, theorists and art observers who have been professionally active for at least 2 years.",mondriaan_fund,['Grant/Funding'],"['Visual Arts', 'Cultural Heritage']",round1,
mondriaan_fund_3b86b5d4af2f,mondriaan_fund_3b86b5d4af2f_1,1,"You have been working as a professional curator or art observer in the visual arts or cultural heritage field for at least 2 years and can demonstrate this with publications, exhibitions, research and/or other projects.",mondriaan_fund,['Grant/Funding'],"['Visual Arts', 'Cultural Heritage']",round1,
mondriaan_fund_3b86b5d4af2f,mondriaan_fund_3b86b5d4af2f_2,2,You,mondriaan_fund,['Grant/Funding'],"['Visual Arts', 'Cultural Heritage']",round1,
kunstlerhaus_bethanien_25455ce5e85d,kunstlerhaus_bethanien_25455ce5e85d_0,0,"To apply, you must: be a New Zealand citizen or permanent resident have a strong national reputation as a visual artist, which means you have: - received critical recognition for your work, or - completed a body of work acknowledged for its artistic excellence You must be available to base yourself in Berlin between 15 January and 15 December 2027.",kunstlerhaus_bethanien,['Residency'],['Visual Arts'],round1,
kunstlerhaus_bethanien_25455ce5e85d,kunstlerhaus_bethanien_25455ce5e85d_1,1,Who cannot apply,kunstlerhaus_bethanien,['Residency'],['Visual Arts'],round1,
kunstlerhaus_bethanien_25455ce5e85d,kunstlerhaus_bethanien_25455ce5e85d_2,2,Previous recipients of the Residency are not eligible to apply.,kunstlerhaus_bethanien,['Residency'],['Visual Arts'],round1,
kunstlerhaus_bethanien_25455ce5e85d,kunstlerhaus_bethanien_25455ce5e85d_3,3,"The previous recipients are Peter Robinson, Michael Stevenson, Ronnie van Hout, Mladen Bizumic, Sara Hughes, Alicia Frankovich, Ben Cauchi, Greg Semu, Oscar Enberg, Biljana Popovic, Ella Sutherland and most recently Areez Katki.",kunstlerhaus_bethanien,['Residency'],['Visual Arts'],round1,
kulturdirektoratet_norway_51f931899871,kulturdirektoratet_norway_51f931899871_0,0,The scheme is aimed at applicants who represent the Romani people/Tater people or have broad roots in the group.,kulturdirektoratet_norway,['Grant/Funding'],['Multidisciplinary'],round1,
kulturdirektoratet_norway_51f931899871,kulturdirektoratet_norway_51f931899871_1,1,"Grants for preliminary projects may be applied for by private individuals, institutions, organizations, and enterprises affiliated with the Romani people/Tater people.",kulturdirektoratet_norway,['Grant/Funding'],['Multidisciplinary'],round1,
kulturdirektoratet_norway_51f931899871,kulturdirektoratet_norway_51f931899871_2,2,Development grants may be applied for by enterprises that are registered in the Register of Business Enterprises with a legal form other than sole proprietorship.,kulturdirektoratet_norway,['Grant/Funding'],['Multidisciplinary'],round1,
kulturdirektoratet_norway_51f931899871,kulturdirektoratet_norway_51f931899871_3,3,"Beyond this, there are no requirements regarding a specific organizational form, but you cannot take out dividends from funds you have received in grant funding.",kulturdirektoratet_norway,['Grant/Funding'],['Multidisciplinary'],round1,
kulturdirektoratet_norway_51f931899871,kulturdirektoratet_norway_51f931899871_4,4,Applicants that receive a fixed annual state grant are normally not awarded support from this scheme.,kulturdirektoratet_norway,['Grant/Funding'],['Multidisciplinary'],round1,
vkkf_konkursu_grafiks_f32630f6a32d,vkkf_konkursu_grafiks_f32630f6a32d_0,0,The State Culture Capital Foundation provides funding to a legal entity or natural person…,vkkf_konkursu_grafiks,['Competition/Prize'],['Music'],round1,
fpu_slovakia_c225bfd4c2a2,fpu_slovakia_c225bfd4c2a2_0,0,Eligible applicants may submit two grant applications within the subprogram.,fpu_slovakia,['Grant/Funding'],['Visual Arts'],round1,
fpu_slovakia_c225bfd4c2a2,fpu_slovakia_c225bfd4c2a2_1,1,"If the applicant submits more than two applications, the fund will consider only the first two delivered applications as complete, or the first two applications with the lower serial number, and the others will be excluded.",fpu_slovakia,['Grant/Funding'],['Visual Arts'],round1,
fpu_slovakia_c225bfd4c2a2,fpu_slovakia_c225bfd4c2a2_2,2,"Within Program 2, the following are not supported: creation and presentation of stage works, organization of local or regional events, activities of public higher education institutions (support may be requested only in Program 5), activities in the field of cultural-educational activity, material and technical equipment, if it does not directly relate to the implementation of the project.",fpu_slovakia,['Grant/Funding'],['Visual Arts'],round1,
fpu_slovakia_c225bfd4c2a2,fpu_slovakia_c225bfd4c2a2_3,3,"Support is not intended for: accompanying events that are not related to the original focus, projects aimed exclusively at education or research, unsystematic events without regard to artistic or professional level, technical equipment if it is not demonstrably part of the implementation of the project, events with a purely commercial focus or for a closed audience, the creation of works of art, unless, for example, site-specific art is involved.",fpu_slovakia,['Grant/Funding'],['Visual Arts'],round1,
fpu_slovakia_c225bfd4c2a2,fpu_slovakia_c225bfd4c2a2_4,4,"Eligible applicants: Support is intended for entities that demonstrably operate in the above-mentioned area and have the relevant legal form authorizing them to submit an application. commercial company, civic association, foundation, association of legal entities, non-profit organization providing generally beneficial services, non-investment fund.",fpu_slovakia,['Grant/Funding'],['Visual Arts'],round1,
fpu_slovakia_c225bfd4c2a2,fpu_slovakia_c225bfd4c2a2_5,5,"In the case of an application for the realization of a competition, the applicant is obliged to submit the competition statute.",fpu_slovakia,['Grant/Funding'],['Visual Arts'],round1,
fpu_slovakia_c225bfd4c2a2,fpu_slovakia_c225bfd4c2a2_6,6,"Curatorial concept of the exhibition / salon / festival In the case of a site-specific work, the applicant attaches a sketch / sketches of the prepared work.",fpu_slovakia,['Grant/Funding'],['Visual Arts'],round1,
fpu_slovakia_ca6ca107a312,fpu_slovakia_ca6ca107a312_0,0,Support is intended exclusively for gallery projects that are registered in the Register of Museums and Galleries of the Slovak Republic.,fpu_slovakia,['Grant/Funding'],['Visual Arts'],round1,
fpu_slovakia_ca6ca107a312,fpu_slovakia_ca6ca107a312_1,1,"The applicant must have one of the following legal forms: a) higher territorial unit, city or municipality, b) budgetary or contributory organization established by a higher territorial unit, c) budgetary or contributory organization established by a municipality, d) civic association, e) foundation, f) association of legal entities, g) non-profit organization providing generally beneficial services, h) non-investment fund.",fpu_slovakia,['Grant/Funding'],['Visual Arts'],round1,
kunsten_be_flanders_61e96ffd7526,kunsten_be_flanders_61e96ffd7526_0,0,"TOGETHERNESS is looking for eight dancers/movement artists who are interested in exploring, creating and supporting the project.",kunsten_be_flanders,['Workshop/Training'],['Dance'],round1,
kunsten_be_flanders_61e96ffd7526,kunsten_be_flanders_61e96ffd7526_1,1,What are our requirements for participation?,kunsten_be_flanders,['Workshop/Training'],['Dance'],round1,
kunsten_be_flanders_61e96ffd7526,kunsten_be_flanders_61e96ffd7526_2,2,Anyone (aged 18 and above) with some experience in dance/movement/performance,kunsten_be_flanders,['Workshop/Training'],['Dance'],round1,
kunsten_be_flanders_61e96ffd7526,kunsten_be_flanders_61e96ffd7526_3,3,Available during the creation and performance period,kunsten_be_flanders,['Workshop/Training'],['Dance'],round1,
kunsten_be_flanders_61e96ffd7526,kunsten_be_flanders_61e96ffd7526_4,4,"Willing to explore, create and contribute to the project **We are looking for a diverse group, a mix of different profiles (from amateur to professional, dancers with different physical abilities, young and old, M/F/X, diverse backgrounds, etc.)",kunsten_be_flanders,['Workshop/Training'],['Dance'],round1,
acc_galerie_weimar_1c586a1763b4,acc_galerie_weimar_1c586a1763b4_0,0,The International Studio Program is looking for compelling project proposals from visual artists from around the world that address these questions.,acc_galerie_weimar,['Residency'],['Visual Arts'],round1,
acc_galerie_weimar_1c586a1763b4,acc_galerie_weimar_1c586a1763b4_1,1,We welcome experimental forms that embrace Weimar as a place of remembrance—in a good sense as in art and high culture as well as in the bad sense of experiences like the Nazi era.,acc_galerie_weimar,['Residency'],['Visual Arts'],round1,
acc_galerie_weimar_1c586a1763b4,acc_galerie_weimar_1c586a1763b4_2,2,Under consideration are also the small stories of “everyday” life.,acc_galerie_weimar,['Residency'],['Visual Arts'],round1,
gasworks_london_f7a198d1e6ea,gasworks_london_f7a198d1e6ea_0,0,"This residency open call is for an early-career artist based in Central America (Belize, Costa Rica, El Salvador, Guatemala, Honduras, Nicaragua, Panama).",gasworks_london,['Residency'],[],round1,
fpu_slovakia_a78a2c72832b,fpu_slovakia_a78a2c72832b_0,0,The eligible applicant is exclusively a natural person – an individual who works in the field of music.,fpu_slovakia,['Grant/Funding'],['Music'],round1,
petofi_kulturalis_ugynokseg_hungary_cf3b29240739,petofi_kulturalis_ugynokseg_hungary_cf3b29240739_0,0,Applications can be submitted through the Cultural Grants Support Management System (KPTR).,petofi_kulturalis_ugynokseg_hungary,['Grant/Funding'],['Music'],round1,
kunsten_be_flanders_ad6b7bb11552,kunsten_be_flanders_ad6b7bb11552_0,0,"This season we’ll select 28 recently graduated artists, they will be divided into 7 different groups. *It is possible to apply as an autodidact.",kunsten_be_flanders,['Open Call'],['Multidisciplinary'],round1,
kunsten_be_flanders_ad6b7bb11552,kunsten_be_flanders_ad6b7bb11552_1,1,Please send an e-mail to contact@kunstpodium-t.com .,kunsten_be_flanders,['Open Call'],['Multidisciplinary'],round1,
kunsten_be_flanders_ad6b7bb11552,kunsten_be_flanders_ad6b7bb11552_2,2,We will determine your eligibility for our program on a case-by-case basis.,kunsten_be_flanders,['Open Call'],['Multidisciplinary'],round1,
kunsten_be_flanders_d04919f3f6f8,kunsten_be_flanders_d04919f3f6f8_0,0,"Are you an artist, designer, researcher, software designer or developer?",kunsten_be_flanders,['Open Call'],"['Multidisciplinary', 'Design/Architecture', 'Digital/New Media Arts']",round1,
kunsten_be_flanders_d04919f3f6f8,kunsten_be_flanders_d04919f3f6f8_1,1,"Working in marketing, law, technology, policymaking, politics?",kunsten_be_flanders,['Open Call'],"['Multidisciplinary', 'Design/Architecture', 'Digital/New Media Arts']",round1,
kunsten_be_flanders_d04919f3f6f8,kunsten_be_flanders_d04919f3f6f8_2,2,Interested in human rights and equality?,kunsten_be_flanders,['Open Call'],"['Multidisciplinary', 'Design/Architecture', 'Digital/New Media Arts']",round1,
kunsten_be_flanders_d04919f3f6f8,kunsten_be_flanders_d04919f3f6f8_3,3,Are you open to working on collaborative projects that can speak to the imagination of a wider audience and inspire them to think about their digital agency?,kunsten_be_flanders,['Open Call'],"['Multidisciplinary', 'Design/Architecture', 'Digital/New Media Arts']",round1,
kunsten_be_flanders_d04919f3f6f8,kunsten_be_flanders_d04919f3f6f8_4,4,"If you answered yes to any of these questions, or if you’re simply concerned about our digital rights and the lack of agency across the online platforms we use, then IMPAKT is looking for you! ... we invite creatives, professional and non-professional artists, and concerned citizens of the Netherlands and Belgium to embark on a journey of critical discourse and collaborative creation regarding digital rights.",kunsten_be_flanders,['Open Call'],"['Multidisciplinary', 'Design/Architecture', 'Digital/New Media Arts']",round1,
vkkf_konkursu_grafiks_cc925fb8e3aa,vkkf_konkursu_grafiks_cc925fb8e3aa_0,0,"The objectives of the target program, the tasks, the range of applicants, and other issues related to the conduct of the program competition are specified in the regulations of each target program competition.",vkkf_konkursu_grafiks,['Other'],['Other/Non-Arts'],round1,
kunststiftung_nrw_9fcfea3c0364,kunststiftung_nrw_9fcfea3c0364_0,0,a program for particularly gifted young visual artists in contemporary art.,kunststiftung_nrw,['Grant/Funding'],['Visual Arts'],round1,
kunststiftung_nrw_9fcfea3c0364,kunststiftung_nrw_9fcfea3c0364_1,1,Four twelve-month stipends are awarded each year.,kunststiftung_nrw,['Grant/Funding'],['Visual Arts'],round1,
kunsten_be_flanders_b9f09f8cf7be,kunsten_be_flanders_b9f09f8cf7be_0,0,Legal resident of a European country other than Spain.,kunsten_be_flanders,['Residency'],['Design/Architecture'],round1,
kunsten_be_flanders_b9f09f8cf7be,kunsten_be_flanders_b9f09f8cf7be_1,1,Full 30-day availability required.,kunsten_be_flanders,['Residency'],['Design/Architecture'],round1,
fpu_slovakia_fcdd8108067d,fpu_slovakia_fcdd8108067d_0,0,"Support is intended exclusively for applicants who demonstrably operate and carry out activities in the field of education, research, criticism and professional reflection of art, culture and the creative industry or dance art.",fpu_slovakia,['Grant/Funding'],['Dance'],round1,
fpu_slovakia_fcdd8108067d,fpu_slovakia_fcdd8108067d_1,1,The grant may be provided exclusively to entities possessing authorization to carry out the activities they plan to implement within the project.,fpu_slovakia,['Grant/Funding'],['Dance'],round1,
fpu_slovakia_fcdd8108067d,fpu_slovakia_fcdd8108067d_2,2,"The applicant must have one of the following legal forms: a) natural person – sole trader, b) commercial company, c) higher territorial unit or municipality, d) budgetary or contributory organization established by a municipality, e) budgetary or contributory organization established by a higher territorial unit (VÚC), f) civic association, g) foundation, h) association of legal entities, i) non-profit organization providing generally beneficial services, j) non-investment fund, k) organization with an international element.",fpu_slovakia,['Grant/Funding'],['Dance'],round1,
arts_council_wales_b3ec3ab6ac65,arts_council_wales_b3ec3ab6ac65_0,0,Go and See applications can only be submitted by: State-maintained schools in Wales for learners aged 3 – 16years.,arts_council_wales,['Grant/Funding'],"['Dance', 'Music', 'Visual Arts', 'Other/Non-Arts']",round1,
arts_council_wales_b3ec3ab6ac65,arts_council_wales_b3ec3ab6ac65_1,1,Pupil referral units in Wales for learners aged 3 – 16 years.,arts_council_wales,['Grant/Funding'],"['Dance', 'Music', 'Visual Arts', 'Other/Non-Arts']",round1,
arts_council_wales_b3ec3ab6ac65,arts_council_wales_b3ec3ab6ac65_2,2,"Unfortunately, we cannot support applications from applicants outside of state-maintained schools or pupil referral units.",arts_council_wales,['Grant/Funding'],"['Dance', 'Music', 'Visual Arts', 'Other/Non-Arts']",round1,
arts_council_wales_b3ec3ab6ac65,arts_council_wales_b3ec3ab6ac65_3,3,Schools and pupil referral units can apply to the Go and See Fund more than once throughout the year but must submit completion reports before reapplying.,arts_council_wales,['Grant/Funding'],"['Dance', 'Music', 'Visual Arts', 'Other/Non-Arts']",round1,
fpu_slovakia_432262479bbc,fpu_slovakia_432262479bbc_0,0,for eligible applicants,fpu_slovakia,['Grant/Funding'],"['Dance', 'Theatre', 'Music', 'Visual Arts', 'Literature/Writing', 'Cultural Heritage', 'Multidisciplinary']",round1,
kunsten_be_flanders_6fb802635c01,kunsten_be_flanders_6fb802635c01_0,0,Studeer je of werk je volgend academiejaar aan Associatie KU Leuven (incl.,kunsten_be_flanders,['Open Call'],"['Visual Arts', 'Performing Arts', 'Digital/New Media Arts', 'Design/Architecture']",round1,
kunsten_be_flanders_6fb802635c01,kunsten_be_flanders_6fb802635c01_1,1,LUCA School of Arts)?,kunsten_be_flanders,['Open Call'],"['Visual Arts', 'Performing Arts', 'Digital/New Media Arts', 'Design/Architecture']",round1,
kunsten_be_flanders_6fb802635c01,kunsten_be_flanders_6fb802635c01_2,2,Ben je op zoek naar een ruimte voor je artistieke praktijk?,kunsten_be_flanders,['Open Call'],"['Visual Arts', 'Performing Arts', 'Digital/New Media Arts', 'Design/Architecture']",round1,
fpu_slovakia_d6c96b5ea377,fpu_slovakia_d6c96b5ea377_0,0,The applicant demonstrably active and carrying out activities in the field of literature.,fpu_slovakia,['Grant/Funding'],['Literature/Writing'],round1,
fpu_slovakia_d6c96b5ea377,fpu_slovakia_d6c96b5ea377_1,1,Support is intended exclusively for entities holding authorization to perform the activities they plan to implement within the project (publishing activity).,fpu_slovakia,['Grant/Funding'],['Literature/Writing'],round1,
fpu_slovakia_d6c96b5ea377,fpu_slovakia_d6c96b5ea377_2,2,"The applicant must have one of the following legal forms: a) natural person – sole trader, b) non-profit organization providing generally beneficial services, c) civic association, d) foundation, e) commercial company.",fpu_slovakia,['Grant/Funding'],['Literature/Writing'],round1,
kulturdirektoratet_norway_0829c1124ca4,kulturdirektoratet_norway_0829c1124ca4_0,0,Small and medium-sized actors in the professional music and performing arts field can apply.,kulturdirektoratet_norway,['Grant/Funding'],"['Music', 'Performing Arts']",round1,
kulturdirektoratet_norway_0829c1124ca4,kulturdirektoratet_norway_0829c1124ca4_1,1,"Applicants may be ensembles, venues, presenters, companies, performance venues, festivals, producers, bands or individual artists, within all genres in music and performing arts.",kulturdirektoratet_norway,['Grant/Funding'],"['Music', 'Performing Arts']",round1,
kulturdirektoratet_norway_0829c1124ca4,kulturdirektoratet_norway_0829c1124ca4_2,2,Applicants should have experience with international touring and/or international collaboration.,kulturdirektoratet_norway,['Grant/Funding'],"['Music', 'Performing Arts']",round1,
kulturdirektoratet_norway_0829c1124ca4,kulturdirektoratet_norway_0829c1124ca4_3,3,We are looking for participants with: an artistic vision and interest in sustainability willingness to explore new approaches to touring and international collaboration motivation to participate in international collaboration National music and performing arts institutions with operating grants from the state budget's chapter 323/item 70 will not be prioritized.,kulturdirektoratet_norway,['Grant/Funding'],"['Music', 'Performing Arts']",round1,
dansateliers_rotterdam_e3404a6adf78,dansateliers_rotterdam_e3404a6adf78_0,0,Who can apply?,dansateliers_rotterdam,['Other'],['Dance'],round1,
dansateliers_rotterdam_e3404a6adf78,dansateliers_rotterdam_e3404a6adf78_1,1,The application is open to artists with a grounded artistic movement practice and an established body of work.,dansateliers_rotterdam,['Other'],['Dance'],round1,
dansateliers_rotterdam_e3404a6adf78,dansateliers_rotterdam_e3404a6adf78_2,2,"Artists are interested in choreographic procedures, tools and audience strategies in relation to their own work.",dansateliers_rotterdam,['Other'],['Dance'],round1,
dansateliers_rotterdam_e3404a6adf78,dansateliers_rotterdam_e3404a6adf78_3,3,They have experience with peer-to-peer feedback and are interested in and comfortable with sharing their practice and work with others.,dansateliers_rotterdam,['Other'],['Dance'],round1,
dansateliers_rotterdam_e3404a6adf78,dansateliers_rotterdam_e3404a6adf78_4,4,Please note: We are open to artists with specific access needs.,dansateliers_rotterdam,['Other'],['Dance'],round1,
dansateliers_rotterdam_e3404a6adf78,dansateliers_rotterdam_e3404a6adf78_5,5,The Dansateliers building is currently not wheelchair accessible.,dansateliers_rotterdam,['Other'],['Dance'],round1,
dansateliers_rotterdam_e3404a6adf78,dansateliers_rotterdam_e3404a6adf78_6,6,Participants need to be able to climb stairs to reach the studios.,dansateliers_rotterdam,['Other'],['Dance'],round1,
dansateliers_rotterdam_e3404a6adf78,dansateliers_rotterdam_e3404a6adf78_7,7,We are looking for,dansateliers_rotterdam,['Other'],['Dance'],round1,
dansateliers_rotterdam_e3404a6adf78,dansateliers_rotterdam_e3404a6adf78_8,8,1 artist residing in Europe,dansateliers_rotterdam,['Other'],['Dance'],round1,
dansateliers_rotterdam_e3404a6adf78,dansateliers_rotterdam_e3404a6adf78_9,9,1 artist residing in The Netherlands,dansateliers_rotterdam,['Other'],['Dance'],round1,
u_jazdowski_warsaw_ea8781efb99b,u_jazdowski_warsaw_ea8781efb99b_0,0,"Open call for Palestinian artists , cultural practitioners , theorists , curators , and people working at the intersection of education / art / activism",u_jazdowski_warsaw,['Residency'],"['Visual Arts', 'Performing Arts', 'Literature/Writing', 'Music']",round1,
u_jazdowski_warsaw_ea8781efb99b,u_jazdowski_warsaw_ea8781efb99b_1,1,"We encourage applications from individuals whose practice is based on artistic research , regardless of the medium they use ( visual arts , performance , literature , music , etc . ) .",u_jazdowski_warsaw,['Residency'],"['Visual Arts', 'Performing Arts', 'Literature/Writing', 'Music']",round1,
u_jazdowski_warsaw_ea8781efb99b,u_jazdowski_warsaw_ea8781efb99b_2,2,"Target group Artists , cultural practitioners , theorists , curators , and people working at the intersection of education / art / activism; and those engaged in participatory work with communities who recognize themselves as Palestinians .",u_jazdowski_warsaw,['Residency'],"['Visual Arts', 'Performing Arts', 'Literature/Writing', 'Music']",round1,
u_jazdowski_warsaw_ea8781efb99b,u_jazdowski_warsaw_ea8781efb99b_3,3,"Collectives Yes , max two people",u_jazdowski_warsaw,['Residency'],"['Visual Arts', 'Performing Arts', 'Literature/Writing', 'Music']",round1,
cyprus_funding_programmes_culture_7d4c26b8a3df,cyprus_funding_programmes_culture_7d4c26b8a3df_0,0,"Order to be eligible, the applicants (beneficiaries and affiliated entities) must: be legal entities (public or private bodies) be established in one of the eligible countries, i.e.: Creative Europe Participating Countries: EU Member States (including overseas countries and territories (OCTs) non-EU countries: listed EEA countries and countries associated to the Creative Europe Programme or countries which are in ongoing ne",cyprus_funding_programmes_culture,['Other'],['Multidisciplinary'],round1,
institut_francais_programs_bfba154d624a,institut_francais_programs_bfba154d624a_0,0,"Le FCFA soutient uniquement des projets proposés par les représentations diplomatiques française et allemande à l’étranger : services culturels des Ambassades ou Consulats, Instituts français, Alliances françaises, Goethe-Institut.",institut_francais_programs,['Grant/Funding'],"['Design/Architecture', 'Photography', 'Film/Video', 'Craft', 'Performing Arts', 'Music']",round1,
institut_francais_programs_bfba154d624a,institut_francais_programs_bfba154d624a_1,1,"Les réseaux diplomatiques français et allemand du pays d’accueil conçoivent et montent un projet commun, en partenariat étroit avec les institutions et interlocuteurs locaux.",institut_francais_programs,['Grant/Funding'],"['Design/Architecture', 'Photography', 'Film/Video', 'Craft', 'Performing Arts', 'Music']",round1,
institut_francais_programs_bfba154d624a,institut_francais_programs_bfba154d624a_2,2,"Si le projet est retenu, il est mené conjointement par les partenaires français et allemand.",institut_francais_programs,['Grant/Funding'],"['Design/Architecture', 'Photography', 'Film/Video', 'Craft', 'Performing Arts', 'Music']",round1,
fpu_slovakia_68f877702488,fpu_slovakia_68f877702488_0,0,Support is intended exclusively for applicants whose activity is in the field of culture and the arts.,fpu_slovakia,['Grant/Funding'],['Multidisciplinary'],round1,
fpu_slovakia_68f877702488,fpu_slovakia_68f877702488_1,1,"The applicant must have one of the following legal forms: a) non-profit organization providing generally beneficial services, b) civic association, c) business company, d) budgetary or contributory organization founded by a self-governing region, e) budgetary or contributory organization founded by a municipality, f) self-governing region, town, municipality",fpu_slovakia,['Grant/Funding'],['Multidisciplinary'],round1,
fundacao_gulbenkian_86e33a273257,fundacao_gulbenkian_86e33a273257_0,0,Applications are open to students who:,fundacao_gulbenkian,['Grant/Funding'],['Other/Non-Arts'],round1,
fundacao_gulbenkian_86e33a273257,fundacao_gulbenkian_86e33a273257_1,1,"Will be enrolled in the 2nd, 3rd or 4th year of a bachelor’s degree or integrated master’s programme, or in the 1st year of a master’s degree, during the 2026/2027 academic year at a higher education institution in Portugal.",fundacao_gulbenkian,['Grant/Funding'],['Other/Non-Arts'],round1,
fundacao_gulbenkian_86e33a273257,fundacao_gulbenkian_86e33a273257_2,2,Have an average grade of 16.5 or above (on a 20-point scale) in the curricular units completed in the bachelor’s program to date.,fundacao_gulbenkian,['Grant/Funding'],['Other/Non-Arts'],round1,
fpu_slovakia_bd27a915f70d,fpu_slovakia_bd27a915f70d_0,0,Eligible applicants are entities that are engaged in literary creation.,fpu_slovakia,['Grant/Funding'],['Literature/Writing'],round1,
fpu_slovakia_bd27a915f70d,fpu_slovakia_bd27a915f70d_1,1,Organizations that systematically work on the upbringing and cultural education of children and youth.,fpu_slovakia,['Grant/Funding'],['Literature/Writing'],round1,
fpu_slovakia_bd27a915f70d,fpu_slovakia_bd27a915f70d_2,2,"The applicant must have one of the following legal forms: a) budgetary or contributory organization founded by a higher territorial unit, b) budgetary or contributory organization founded by a municipality, c) nonprofit organization, d) civic association, e) legal person, f) primary and secondary school, art school, conservatory",fpu_slovakia,['Grant/Funding'],['Literature/Writing'],round1,
bmwkms_austria_36f95e7e131b,bmwkms_austria_36f95e7e131b_0,0,Eligible are artists (exclusively individuals) who possess Austrian citizenship or have their permanent residence in Austria (extract from the register of residents).,bmwkms_austria,['Grant/Funding'],"['Visual Arts', 'Photography', 'Digital/New Media Arts']",round1,
bmwkms_austria_36f95e7e131b,bmwkms_austria_36f95e7e131b_1,1,"Students are not eligible to apply, as well as PhD students and doctoral candidates.",bmwkms_austria,['Grant/Funding'],"['Visual Arts', 'Photography', 'Digital/New Media Arts']",round1,
bmwkms_austria_36f95e7e131b,bmwkms_austria_36f95e7e131b_2,2,"This includes all persons enrolled at a university/university of applied sciences, regardless of their field of study.",bmwkms_austria,['Grant/Funding'],"['Visual Arts', 'Photography', 'Digital/New Media Arts']",round1,
bmwkms_austria_36f95e7e131b,bmwkms_austria_36f95e7e131b_3,3,Persons who have already received a state scholarship (regardless of the discipline).,bmwkms_austria,['Grant/Funding'],"['Visual Arts', 'Photography', 'Digital/New Media Arts']",round1,
bmwkms_austria_36f95e7e131b,bmwkms_austria_36f95e7e131b_4,4,"Artists who have been awarded a studio grant, an international studio grant, or another long-term federal grant for 2027 (6 months or longer).",bmwkms_austria,['Grant/Funding'],"['Visual Arts', 'Photography', 'Digital/New Media Arts']",round1,
bmwkms_austria_36f95e7e131b,bmwkms_austria_36f95e7e131b_5,5,Applications are only possible in one of the announced disciplines.,bmwkms_austria,['Grant/Funding'],"['Visual Arts', 'Photography', 'Digital/New Media Arts']",round1,
national_culture_fund_bulgaria_8fca12fac738,national_culture_fund_bulgaria_8fca12fac738_0,0,Eligible applicants,national_culture_fund_bulgaria,['Grant/Funding'],"['Visual Arts', 'Literature/Writing', 'Dance', 'Film/Video', 'Music', 'Theatre']",round1,
national_culture_fund_bulgaria_8fca12fac738,national_culture_fund_bulgaria_8fca12fac738_1,1,"Bulgarian private cultural organizations within the meaning of Article 10, paragraph 1 of the ZZRK;",national_culture_fund_bulgaria,['Grant/Funding'],"['Visual Arts', 'Literature/Writing', 'Dance', 'Film/Video', 'Music', 'Theatre']",round1,
national_culture_fund_bulgaria_8fca12fac738,national_culture_fund_bulgaria_8fca12fac738_2,2,Organizations registered under the Law on People's Community Centers;,national_culture_fund_bulgaria,['Grant/Funding'],"['Visual Arts', 'Literature/Writing', 'Dance', 'Film/Video', 'Music', 'Theatre']",round1,
national_culture_fund_bulgaria_8fca12fac738,national_culture_fund_bulgaria_8fca12fac738_3,3,Natural persons with Bulgarian citizenship or the right of residence in Bulgaria.,national_culture_fund_bulgaria,['Grant/Funding'],"['Visual Arts', 'Literature/Writing', 'Dance', 'Film/Video', 'Music', 'Theatre']",round1,
national_culture_fund_bulgaria_8fca12fac738,national_culture_fund_bulgaria_8fca12fac738_4,4,Ineligible applicants,national_culture_fund_bulgaria,['Grant/Funding'],"['Visual Arts', 'Literature/Writing', 'Dance', 'Film/Video', 'Music', 'Theatre']",round1,
national_culture_fund_bulgaria_8fca12fac738,national_culture_fund_bulgaria_8fca12fac738_5,5,Persons and organizations sanctioned under Article 37 of the ZZRK and/or the application conditions under the relevant procedure for a period of up to two years from the imposition of the sanction;,national_culture_fund_bulgaria,['Grant/Funding'],"['Visual Arts', 'Literature/Writing', 'Dance', 'Film/Video', 'Music', 'Theatre']",round1,
national_culture_fund_bulgaria_8fca12fac738,national_culture_fund_bulgaria_8fca12fac738_6,6,"Persons and organizations in which a member of a management or control body, as well as a person temporarily performing such a position, including a procurator or commercial proxy, is a related person within the meaning of § 1, item 9 of the additional provisions of the Anti-Corruption Act with the executive director or with members of the management board;",national_culture_fund_bulgaria,['Grant/Funding'],"['Visual Arts', 'Literature/Writing', 'Dance', 'Film/Video', 'Music', 'Theatre']",round1,
national_culture_fund_bulgaria_8fca12fac738,national_culture_fund_bulgaria_8fca12fac738_7,7,Persons and organizations that have not submitted a report within the deadline under a contract for the provision of funds from the Fund or with which there is a pending court dispute regarding the performance of a contract financed by the Fund;,national_culture_fund_bulgaria,['Grant/Funding'],"['Visual Arts', 'Literature/Writing', 'Dance', 'Film/Video', 'Music', 'Theatre']",round1,
national_culture_fund_bulgaria_8fca12fac738,national_culture_fund_bulgaria_8fca12fac738_8,8,"Projects that were not approved in previous competitions organized by the Fund, which does not include projects that were not approved due to insufficient funds specified in the order for the respective competition;",national_culture_fund_bulgaria,['Grant/Funding'],"['Visual Arts', 'Literature/Writing', 'Dance', 'Film/Video', 'Music', 'Theatre']",round1,
national_culture_fund_bulgaria_8fca12fac738,national_culture_fund_bulgaria_8fca12fac738_9,9,Persons and organizations that are donors to the Fund;,national_culture_fund_bulgaria,['Grant/Funding'],"['Visual Arts', 'Literature/Writing', 'Dance', 'Film/Video', 'Music', 'Theatre']",round1,
national_culture_fund_bulgaria_8fca12fac738,national_culture_fund_bulgaria_8fca12fac738_10,10,Employees of the Fund;,national_culture_fund_bulgaria,['Grant/Funding'],"['Visual Arts', 'Literature/Writing', 'Dance', 'Film/Video', 'Music', 'Theatre']",round1,
national_culture_fund_bulgaria_8fca12fac738,national_culture_fund_bulgaria_8fca12fac738_11,11,Members of the expert committee only for competitions for which they are designated to participate in the respective committees pursuant to this ordinance;,national_culture_fund_bulgaria,['Grant/Funding'],"['Visual Arts', 'Literature/Writing', 'Dance', 'Film/Video', 'Music', 'Theatre']",round1,
national_culture_fund_bulgaria_8fca12fac738,national_culture_fund_bulgaria_8fca12fac738_12,12,Persons and organizations with two concluded contracts for the provision of funds from the Fund during the same calendar year;,national_culture_fund_bulgaria,['Grant/Funding'],"['Visual Arts', 'Literature/Writing', 'Dance', 'Film/Video', 'Music', 'Theatre']",round1,
national_culture_fund_bulgaria_8fca12fac738,national_culture_fund_bulgaria_8fca12fac738_13,13,"Legal entities that are insolvent or are in insolvency proceedings, or in liquidation proceedings;",national_culture_fund_bulgaria,['Grant/Funding'],"['Visual Arts', 'Literature/Writing', 'Dance', 'Film/Video', 'Music', 'Theatre']",round1,
national_culture_fund_bulgaria_8fca12fac738,national_culture_fund_bulgaria_8fca12fac738_14,14,"Other persons restricted under the regime applicable to the competition, in accordance with the rules in the area of state aid;",national_culture_fund_bulgaria,['Grant/Funding'],"['Visual Arts', 'Literature/Writing', 'Dance', 'Film/Video', 'Music', 'Theatre']",round1,
national_culture_fund_bulgaria_8fca12fac738,national_culture_fund_bulgaria_8fca12fac738_15,15,"Persons who have due public liabilities, with the exception of liabilities under acts that have not entered into force, as well as deferred, postponed, or secured liabilities.",national_culture_fund_bulgaria,['Grant/Funding'],"['Visual Arts', 'Literature/Writing', 'Dance', 'Film/Video', 'Music', 'Theatre']",round1,
kulturdirektoratet_norway_90a7593f042e,kulturdirektoratet_norway_90a7593f042e_0,0,"The scheme is aimed at exhibition venues, institutions, festivals and other organizers in the visual arts field.",kulturdirektoratet_norway,['Grant/Funding'],['Visual Arts'],round1,
kulturdirektoratet_norway_90a7593f042e,kulturdirektoratet_norway_90a7593f042e_1,1,"Sole proprietorships, private and public institutions, organizations and other enterprises may apply.",kulturdirektoratet_norway,['Grant/Funding'],['Visual Arts'],round1,
kulturdirektoratet_norway_90a7593f042e,kulturdirektoratet_norway_90a7593f042e_2,2,Sole proprietorships may only apply when they act on behalf of an exhibition venue.,kulturdirektoratet_norway,['Grant/Funding'],['Visual Arts'],round1,
kulturdirektoratet_norway_90a7593f042e,kulturdirektoratet_norway_90a7593f042e_3,3,"Individual artists, artist groups and individuals acting as independent actors in the field should instead apply to the grant scheme for project support visual art – artists.",kulturdirektoratet_norway,['Grant/Funding'],['Visual Arts'],round1,
kulturdirektoratet_norway_90a7593f042e,kulturdirektoratet_norway_90a7593f042e_4,4,Applicants who receive fixed annual state grants normally do not receive grants from this scheme.,kulturdirektoratet_norway,['Grant/Funding'],['Visual Arts'],round1,
bmwkms_austria_9877daa33711,bmwkms_austria_9877daa33711_0,0,"Associations, groups of artists (for associations/groups of artists with registered office abroad, the project must have a connection to Austria; individual persons with Austrian citizenship or permanent residence in Austria; submission of projects (exhibitions or other undertakings) that take place in institutions which already receive annual programme funding from the BMWKMS is not possible.",bmwkms_austria,['Grant/Funding'],['Design/Architecture'],round1,
bmwkms_austria_9877daa33711,bmwkms_austria_9877daa33711_1,1,"Individual persons with Austrian citizenship or permanent residence in Austria Associations, institutions or other legal entities with registered office in Austria for applicants with registered office abroad, the project or the artistic CV must have a connection to Austria undertakings that pursue a purely commercial intention are not recommended for funding, as are projects (exhibitions, publications, etc.) in commercial Austrian galleries/institutions, participation in trade fairs undertakings by persons who are still in training are not recommended for funding, as are projects by universities or projects within the framework of university studies projects or undertakings that are part of already funded annual programmes or projects cannot be recommended for funding funding of projects, exhibitions in/from Austrian territorial authorities and their institutions cannot be funded, and scholarship programmes of the Austrian federal provinces are also not supported.",bmwkms_austria,['Grant/Funding'],['Design/Architecture'],round1,
bmwkms_austria_9877daa33711,bmwkms_austria_9877daa33711_2,2,Events of the federal museums also do not fall within the remit of the department.,bmwkms_austria,['Grant/Funding'],['Design/Architecture'],round1,
bmwkms_austria_9877daa33711,bmwkms_austria_9877daa33711_3,3,"The department has no responsibility for the funding of structural renovation and adaptation work, studio conversions Formal criteria: incomplete submissions cannot be funded the calculation must be appropriate and balanced and comply with the principles of economy, thrift and expediency the financing requirements must be met with regard to overall financing projects that have already been assessed by the relevant advisory board cannot be submitted a second time applications must be submitted in good time (approximately 3 months) before the project starts, funding for projects that have already started or have already been completed is not possible Content criteria: undertakings that can be recommended for funding should demonstrate artistic and/or theoretical quality be comprehensible in terms of content deal conceptually with relevant artistic and social issues and, in doing so, break new ground with knowledge of the existing contexts strengthen the presence and networking of Austrian art in the public sphere both nationally and internationally display some of the following criteria continuity exemplary approach gender aspect promotion of young talent interculturality cultural sustainability consideration of measures in the area of Fair Pay consideration of the diversity of those involved",bmwkms_austria,['Grant/Funding'],['Design/Architecture'],round1,
cite_internationale_des_arts_abfe03e1359b,cite_internationale_des_arts_abfe03e1359b_0,0,"The residency programme is open to emerging artists who have been professionally active within the last 10 years maximum and with an artistic practice in the fields of visual arts and performance, music and sound research, performing arts, design, writing, architecture and urbanism, curating and art criticism.",cite_internationale_des_arts,['Residency'],"['Visual Arts', 'Performing Arts', 'Music', 'Literature/Writing', 'Design/Architecture', 'Curating/Art Criticism']",round1,
cite_internationale_des_arts_abfe03e1359b,cite_internationale_des_arts_abfe03e1359b_1,1,Their work and research are related to the In Situ theme.,cite_internationale_des_arts,['Residency'],"['Visual Arts', 'Performing Arts', 'Music', 'Literature/Writing', 'Design/Architecture', 'Curating/Art Criticism']",round1,
cite_internationale_des_arts_abfe03e1359b,cite_internationale_des_arts_abfe03e1359b_2,2,It is open to candidates of all nationalities residing within the European Union and at capacity to express themselves and exchange in English.,cite_internationale_des_arts,['Residency'],"['Visual Arts', 'Performing Arts', 'Music', 'Literature/Writing', 'Design/Architecture', 'Curating/Art Criticism']",round1,
cite_internationale_des_arts_abfe03e1359b,cite_internationale_des_arts_abfe03e1359b_3,3,"Group applications (duo, collective) are accepted and will result in the attribution of one single live-in studio, one single monthly stipend, one single production grant, and a single payment of transportation costs.",cite_internationale_des_arts,['Residency'],"['Visual Arts', 'Performing Arts', 'Music', 'Literature/Writing', 'Design/Architecture', 'Curating/Art Criticism']",round1,
arts_council_wales_2c1de1c8af81,arts_council_wales_2c1de1c8af81_0,0,"Open to artists, creative practitioners and organisations based in England, Northern Ireland, Scotland, and Wales, the funding is designed for those seeking to collaborate with both counterparts in the other UK nations, along with those internationally to share ideas, co‑create, and reach new audiences.",arts_council_wales,['Grant/Funding'],['Multidisciplinary'],round1,
nordic_culture_fund_a339ebc0734d,nordic_culture_fund_a339ebc0734d_0,0,Both individuals and organisations can apply to ENTER.,nordic_culture_fund,['Grant/Funding'],['Multidisciplinary'],round1,
nordic_culture_fund_a339ebc0734d,nordic_culture_fund_a339ebc0734d_1,1,"You can come from the arts and culture sector or from other fields and sectors, as long as arts and/or culture play a central role in the initiative.",nordic_culture_fund,['Grant/Funding'],['Multidisciplinary'],round1,
nordic_culture_fund_a339ebc0734d,nordic_culture_fund_a339ebc0734d_2,2,Applicants and partners can be based both within and outside the Nordic Region.,nordic_culture_fund,['Grant/Funding'],['Multidisciplinary'],round1,
nordic_culture_fund_a339ebc0734d,nordic_culture_fund_a339ebc0734d_3,3,What matters is that the initiative as a whole has a clear and meaningful connection to the Nordic Region.,nordic_culture_fund,['Grant/Funding'],['Multidisciplinary'],round1,
kunst_dk_denmark_028cc37c2d3b,kunst_dk_denmark_028cc37c2d3b_0,0,"Organisers of literary events, initiatives and literature presentation projects for children, young adults and adults.",kunst_dk_denmark,['Grant/Funding'],['Literature/Writing'],round1,
kunst_dk_denmark_028cc37c2d3b,kunst_dk_denmark_028cc37c2d3b_1,1,The project must be based on Danish literature.,kunst_dk_denmark,['Grant/Funding'],['Literature/Writing'],round1,
kunst_dk_denmark_028cc37c2d3b,kunst_dk_denmark_028cc37c2d3b_2,2,"Translators and publishers may apply for mentor support for translators, and translators may apply for network support.",kunst_dk_denmark,['Grant/Funding'],['Literature/Writing'],round1,
kunst_dk_denmark_028cc37c2d3b,kunst_dk_denmark_028cc37c2d3b_3,3,"The authors, illustrators and translators involved must have published at least one work in Danish.",kunst_dk_denmark,['Grant/Funding'],['Literature/Writing'],round1,
kunst_dk_denmark_028cc37c2d3b,kunst_dk_denmark_028cc37c2d3b_4,4,Events with audiences must be available to the public and they must be clearly announced.,kunst_dk_denmark,['Grant/Funding'],['Literature/Writing'],round1,
kunst_dk_denmark_028cc37c2d3b,kunst_dk_denmark_028cc37c2d3b_5,5,"With regard to applications for mentor support, the translator or publisher may apply for a fixed amount of DKK 6,000 for the course of a concrete translation project.",kunst_dk_denmark,['Grant/Funding'],['Literature/Writing'],round1,
kunst_dk_denmark_028cc37c2d3b,kunst_dk_denmark_028cc37c2d3b_6,6,"With regard to applications for network support, the committee supports activities in local networks of translators who translate from Danish.",kunst_dk_denmark,['Grant/Funding'],['Literature/Writing'],round1,
kunststiftung_nrw_8cec63e1851f,kunststiftung_nrw_8cec63e1851f_0,0,"Eligible applicants are: professional artists with their place of residence and work in North Rhine-Westphalia at the beginning of their artistic career, who can already demonstrate initial verifiable professional experience (e.g. exhibitions, projects or grants)",kunststiftung_nrw,['Grant/Funding'],['Visual Arts'],round1,
kunststiftung_nrw_8cec63e1851f,kunststiftung_nrw_8cec63e1851f_1,1,"independent, non-commercial art spaces and initiatives based in North Rhine-Westphalia that continuously support artistic work",kunststiftung_nrw,['Grant/Funding'],['Visual Arts'],round1,
kunststiftung_nrw_8cec63e1851f,kunststiftung_nrw_8cec63e1851f_2,2,students are excluded from applying,kunststiftung_nrw,['Grant/Funding'],['Visual Arts'],round1,
kunststiftung_nrw_8cec63e1851f,kunststiftung_nrw_8cec63e1851f_3,3,rejected applications cannot be submitted a second time,kunststiftung_nrw,['Grant/Funding'],['Visual Arts'],round1,
rannis_iceland_a290c26886c6,rannis_iceland_a290c26886c6_0,0,Professional performing art groups.,rannis_iceland,['Grant/Funding'],['Performing Arts'],round1,
dgartes_portugal_65271b0a7854,dgartes_portugal_65271b0a7854_0,0,"Those interested in joining the assessment and monitoring committees may express their interest; to do so, it is sufficient to formalize their application for registration.",dgartes_portugal,['Grant/Funding'],"['Visual Arts', 'Performing Arts', 'Circus/Street Arts', 'Multidisciplinary']",round1,
dgartes_portugal_65271b0a7854,dgartes_portugal_65271b0a7854_1,1,"For acceptance of their application for registration, the interested party must have professional experience or specialized knowledge in the areas of visual arts, performing arts, street arts or disciplinary crossovers.",dgartes_portugal,['Grant/Funding'],"['Visual Arts', 'Performing Arts', 'Circus/Street Arts', 'Multidisciplinary']",round1,
dgartes_portugal_65271b0a7854,dgartes_portugal_65271b0a7854_2,2,"They may also apply if they are a specialist in the cultural area or have experience in fields of activity such as communication, creation, strategic mediation actions, publishing, training, internationalization, research, production or programming, as well as financial or cultural management.",dgartes_portugal,['Grant/Funding'],"['Visual Arts', 'Performing Arts', 'Circus/Street Arts', 'Multidisciplinary']",round1,
dgartes_portugal_65271b0a7854,dgartes_portugal_65271b0a7854_3,3,"Applications from specialists in areas that result from the intersection of the arts with other sectors of activity or social dimensions, such as the environment, gender equality, citizenship, accessibility or interculturality, will also be considered.",dgartes_portugal,['Grant/Funding'],"['Visual Arts', 'Performing Arts', 'Circus/Street Arts', 'Multidisciplinary']",round1,
kulturdirektoratet_norway_e1b48f36972d,kulturdirektoratet_norway_e1b48f36972d_0,0,"Professional musicians, artists, ensembles and bands can apply for grants for concert and touring activities within all genres.",kulturdirektoratet_norway,['Grant/Funding'],['Music'],round1,
kulturdirektoratet_norway_e1b48f36972d,kulturdirektoratet_norway_e1b48f36972d_1,1,"The concerts can take place in Norway and abroad, but we place particular emphasis on concerts in Norway.",kulturdirektoratet_norway,['Grant/Funding'],['Music'],round1,
kulturdirektoratet_norway_e1b48f36972d,kulturdirektoratet_norway_e1b48f36972d_2,2,We provide the grants as project grants or operational grants.,kulturdirektoratet_norway,['Grant/Funding'],['Music'],round1,
kulturdirektoratet_norway_e1b48f36972d,kulturdirektoratet_norway_e1b48f36972d_3,3,Project grants Most of the grants we provide are project grants for specific concerts and tours.,kulturdirektoratet_norway,['Grant/Funding'],['Music'],round1,
kulturdirektoratet_norway_e1b48f36972d,kulturdirektoratet_norway_e1b48f36972d_4,4,We provide grants for single tours or for several concerts or tours during a year.,kulturdirektoratet_norway,['Grant/Funding'],['Music'],round1,
kulturdirektoratet_norway_e1b48f36972d,kulturdirektoratet_norway_e1b48f36972d_5,5,"If you apply for project grants, you can apply for project grants at all three application deadlines of the scheme all concert- and touring-related expenses may be included in the application, including expenses for necessary rehearsals or necessary pre-production and administration related to the concerts the project period must be a maximum of one year Operational grants By operational grants we mean grants that are part of the overall annual financing of an activity or a permanent activity.",kulturdirektoratet_norway,['Grant/Funding'],['Music'],round1,
kulturdirektoratet_norway_e1b48f36972d,kulturdirektoratet_norway_e1b48f36972d_6,6,"This means that you must apply for the entire calendar year and describe the overall concert and touring activity, development and operations throughout the year in the application.",kulturdirektoratet_norway,['Grant/Funding'],['Music'],round1,
kulturdirektoratet_norway_e1b48f36972d,kulturdirektoratet_norway_e1b48f36972d_7,7,"To apply for operational grants, you must be an activity with an organisation number or have a permanent activity with its own name and budget, which is part of a larger activity for a minimum of three years have had extensive concert activity throughout the year and/or be a larger ensemble or band that has had year-round operations for a minimum of three years You can apply for grants for up to three years, and we encourage you to apply for multi-year grants.",kulturdirektoratet_norway,['Grant/Funding'],['Music'],round1,
kulturdirektoratet_norway_e1b48f36972d,kulturdirektoratet_norway_e1b48f36972d_8,8,Please note that you can only apply at the September application deadline.,kulturdirektoratet_norway,['Grant/Funding'],['Music'],round1,
kulturdirektoratet_norway_e1b48f36972d,kulturdirektoratet_norway_e1b48f36972d_9,9,Please also note that the committee may award a different type of grant than the one you applied for.,kulturdirektoratet_norway,['Grant/Funding'],['Music'],round1,
kulturdirektoratet_norway_e1b48f36972d,kulturdirektoratet_norway_e1b48f36972d_10,10,What cannot receive funding?,kulturdirektoratet_norway,['Grant/Funding'],['Music'],round1,
kulturdirektoratet_norway_e1b48f36972d,kulturdirektoratet_norway_e1b48f36972d_11,11,"Under this scheme, we do not provide grants for composition and creative production – see instead the grant scheme for composition and production of music recording and publishing costs – see instead the Fund for Sound and Image, the grant scheme for special recording projects and the grant scheme for publication of music releases concert and touring activity on behalf of the Cultural Schoolbag investments in equipment pure solo engagements for choirs and orchestras enterprises where public debt negotiations or bankruptcy proceedings have been opened We do not provide grants for activities that have been completed before the application deadline.",kulturdirektoratet_norway,['Grant/Funding'],['Music'],round1,
kulturdirektoratet_norway_e1b48f36972d,kulturdirektoratet_norway_e1b48f36972d_12,12,"As a rule, you cannot apply for grants for the following, unless there are special circumstances or needs that you can justify in the application: a single standalone concert concert activity that is not public or generally accessible concert activity without ticket or fee income concert activity without performer fees concert activity involving performers who are in education If the application falls outside the purpose of the scheme or the criteria for who can apply or what can receive funding, it will be rejected by the Arts Council's secretariat.",kulturdirektoratet_norway,['Grant/Funding'],['Music'],round1,
kulturdirektoratet_norway_e1b48f36972d,kulturdirektoratet_norway_e1b48f36972d_13,13,Who can apply?,kulturdirektoratet_norway,['Grant/Funding'],['Music'],round1,
kulturdirektoratet_norway_e1b48f36972d,kulturdirektoratet_norway_e1b48f36972d_14,14,The scheme is aimed at professional actors within all musical forms of expression and genres.,kulturdirektoratet_norway,['Grant/Funding'],['Music'],round1,
kulturdirektoratet_norway_e1b48f36972d,kulturdirektoratet_norway_e1b48f36972d_15,15,"Musicians, artists, ensembles, bands or support staff who are mainly based in or have their work in Norway can apply.",kulturdirektoratet_norway,['Grant/Funding'],['Music'],round1,
kulturdirektoratet_norway_e1b48f36972d,kulturdirektoratet_norway_e1b48f36972d_16,16,"If you apply as support staff, you must involve the parties you are applying on behalf of in the application process.",kulturdirektoratet_norway,['Grant/Funding'],['Music'],round1,
kulturdirektoratet_norway_e1b48f36972d,kulturdirektoratet_norway_e1b48f36972d_17,17,Applicants who receive fixed annual state subsidies normally do not receive grants from this scheme.,kulturdirektoratet_norway,['Grant/Funding'],['Music'],round1,
creative_ireland_e896d7db1d6a,creative_ireland_e896d7db1d6a_0,0,Creative Ireland has funding in 2026–27 for partnerships of at least two local authorities (aligned with Regional Health Authority) to deliver arts and health projects in the community and HSE community and hospital settings.,creative_ireland,['Grant/Funding'],['Other/Non-Arts'],round1,
creative_ireland_e896d7db1d6a,creative_ireland_e896d7db1d6a_1,1,The lead applicant must be a local authority.,creative_ireland,['Grant/Funding'],['Other/Non-Arts'],round1,
creative_ireland_e896d7db1d6a,creative_ireland_e896d7db1d6a_2,2,"Y ou will work with HSE and local or national arts, cultural or creative organisations to deliver these projects.",creative_ireland,['Grant/Funding'],['Other/Non-Arts'],round1,
creative_ireland_e896d7db1d6a,creative_ireland_e896d7db1d6a_3,3,Projects should be developed and delivered by the Creative Ireland and Healthy Ireland teams in local authorities.,creative_ireland,['Grant/Funding'],['Other/Non-Arts'],round1,
creative_ireland_e896d7db1d6a,creative_ireland_e896d7db1d6a_4,4,"This team will work with cultural and creative partners and (if appropriate) with the relevant HSE Health Promotion and Improvement Officers, HSE Health and Wellbeing teams, Sláintecare Healthy Communities Development Officers or other relevant officers, teams or networks, such as Age Friendly Ireland.",creative_ireland,['Grant/Funding'],['Other/Non-Arts'],round1,
creative_ireland_e896d7db1d6a,creative_ireland_e896d7db1d6a_5,5,The lead applicant must be a local authority in Ireland.,creative_ireland,['Grant/Funding'],['Other/Non-Arts'],round1,
creative_ireland_e896d7db1d6a,creative_ireland_e896d7db1d6a_6,6,"This is for arts and health projects with a clear north-south or east-west basis, in line with Shared Island initiative objectives.",creative_ireland,['Grant/Funding'],['Other/Non-Arts'],round1,
creative_ireland_e896d7db1d6a,creative_ireland_e896d7db1d6a_7,7,Projects should enable quality in-person connection between people from both Ireland and Northern Ireland or the wider UK.,creative_ireland,['Grant/Funding'],['Other/Non-Arts'],round1,
creative_ireland_e896d7db1d6a,creative_ireland_e896d7db1d6a_8,8,At least one project partner should be based in each of the relevant areas.,creative_ireland,['Grant/Funding'],['Other/Non-Arts'],round1,
cite_internationale_des_arts_434f3418899b,cite_internationale_des_arts_434f3418899b_2,2,"be between 25 and 40 years old at the closing of the call (October 1st, 2026) ;",cite_internationale_des_arts,['Residency'],['Photography'],round1,
fundacao_gulbenkian_641becbe2421,fundacao_gulbenkian_641becbe2421_1,1,Under 35 years old at the time of the application.,fundacao_gulbenkian,['Grant/Funding'],['Other/Non-Arts'],round1,
kunsten_be_flanders_1fb6db149626,kunsten_be_flanders_1fb6db149626_1,1,Age limit: up to 45 years old ( born after the 1st of July 1982 ).,kunsten_be_flanders,['Competition/Prize'],['Music'],round1,
villa_arson_184a7d44f070,villa_arson_184a7d44f070_0a,0,"It is intended for a photographic artist, under 30 years old.",villa_arson,['Residency'],['Photography'],round1,
villa_arson_184a7d44f070,villa_arson_184a7d44f070_0b,0,living and working in the Caribbean region.,villa_arson,['Residency'],['Photography'],round1,
petofi_kulturalis_ugynokseg_hungary_675b2bc659f6,petofi_kulturalis_ugynokseg_hungary_675b2bc659f6_0,0,The scholarship aims to support researchers under the age of 40 who specialize in the above topics.,petofi_kulturalis_ugynokseg_hungary,['Grant/Funding'],"['Other/Non-Arts', 'Cultural Heritage']",round1,
fpu_slovakia_df1a50b7b76a,fpu_slovakia_df1a50b7b76a_0a,0,Eligible applicants are legal entities and natural persons active in the field of art and culture.,fpu_slovakia,['Grant/Funding'],"['Theatre', 'Dance', 'Music', 'Visual Arts', 'Literature/Writing', 'Cultural Heritage']",round1,
fpu_slovakia_df1a50b7b76a,fpu_slovakia_df1a50b7b76a_0b,0,aged 18–26 years.,fpu_slovakia,['Grant/Funding'],"['Theatre', 'Dance', 'Music', 'Visual Arts', 'Literature/Writing', 'Cultural Heritage']",round1,
nordic_culture_point_e5ff586e656e,nordic_culture_point_e5ff586e656e_1,1,"If you are under the age of 18, you can present your idea for a project to an association or organisation, or to an adult who can help you develop and implement the project.",nordic_culture_point,['Grant/Funding'],"['Film/Video', 'Literature/Writing', 'Performing Arts', 'Visual Arts', 'Cultural Heritage']",round1,
kunststiftung_nrw_13b9c46310b0,kunststiftung_nrw_13b9c46310b0_0,0,The call is not age-limited.,kunststiftung_nrw,['Grant/Funding'],['Visual Arts'],round1,
kunststiftung_nrw_72dbd2a3195b,kunststiftung_nrw_72dbd2a3195b_2,2,A completed degree from an academy of art/university of the arts is required.,kunststiftung_nrw,['Grant/Funding'],"['Visual Arts', 'Curating/Art Criticism']",round1,
fundacao_gulbenkian_0089a729f2c8,fundacao_gulbenkian_0089a729f2c8_5,5,Applications from holders of a higher education degree will not be accepted.,fundacao_gulbenkian,['Grant/Funding'],['Other/Non-Arts'],round1,
kunsten_be_flanders_696dbc1b4c63,kunsten_be_flanders_696dbc1b4c63_1,1,You hold a degree in higher arts education (visual arts).,kunsten_be_flanders,['Open Call'],['Visual Arts'],round1,
akademie_schloss_solitude_a8aba5b303e4,akademie_schloss_solitude_a8aba5b303e4_7,7,"In the sphere of practice Scientific, a master's degree or higher is required.",akademie_schloss_solitude,['Residency'],['Multidisciplinary'],round1,
akademie_schloss_solitude_a8aba5b303e4,akademie_schloss_solitude_a8aba5b303e4_6,6,"In the spheres of practice Visual, Aural & Physical, Textual, Spatial, and Digital, the term ""education"" includes all forms of artistic qualification – such as studies at art academies or universities, vocational training, mentoring, master classes, or self-taught education.",akademie_schloss_solitude,['Residency'],['Multidisciplinary'],round1,
mondriaan_fund_d73d8c3cb49e,mondriaan_fund_d73d8c3cb49e_3a,3,When the artist receiving the fee has at least a bachelor's degree in visual arts.,mondriaan_fund,['Grant/Funding'],['Visual Arts'],round1,
mondriaan_fund_d73d8c3cb49e,mondriaan_fund_d73d8c3cb49e_3b,3,or has worked as a professional visual artist for 3 years or more.,mondriaan_fund,['Grant/Funding'],['Visual Arts'],round1,
kunsten_be_flanders_78c404ddf0fa,kunsten_be_flanders_78c404ddf0fa_0a,0,You have a degree in the arts.,kunsten_be_flanders,['Open Call'],['Performing Arts'],round1,
kunsten_be_flanders_78c404ddf0fa,kunsten_be_flanders_78c404ddf0fa_0b,0,or relevant experience in the arts sector.,kunsten_be_flanders,['Open Call'],['Performing Arts'],round1,
kunsten_be_flanders_78c404ddf0fa,kunsten_be_flanders_78c404ddf0fa_0c,0,you share a work-in-progress or an experiment (max 15min); your work is suitable for the location (limited technical resources); your work-in-progress should have a performative character.,kunsten_be_flanders,['Open Call'],['Performing Arts'],round1,
kulturdirektoratet_norway_f8ce796dcf0c,kulturdirektoratet_norway_f8ce796dcf0c_2,2,You should have distinguished yourself with good results from your studies and have the potential to be able to apply for a doctoral scholarship after completing your master's degree.,kulturdirektoratet_norway,['Grant/Funding'],['Multidisciplinary'],round1,
bmwkms_austria_57c6352e8fbc,bmwkms_austria_57c6352e8fbc_0a,0,Artists who hold Austrian citizenship.,bmwkms_austria,['Grant/Funding'],"['Visual Arts', 'Photography', 'Digital/New Media Arts']",round1,
bmwkms_austria_57c6352e8fbc,bmwkms_austria_57c6352e8fbc_0b,0,or have their permanent residence in Austria (most recent registration certificate) are eligible to apply.,bmwkms_austria,['Grant/Funding'],"['Visual Arts', 'Photography', 'Digital/New Media Arts']",round1,
kunsten_be_flanders_28881ec0704a,kunsten_be_flanders_28881ec0704a_1,1,This open call is for international participants who do not hold Korean nationality.,kunsten_be_flanders,['Other'],"['Literature/Writing', 'Visual Arts', 'Theatre', 'Music', 'Dance', 'Cultural Heritage', 'Multidisciplinary', 'Digital/New Media Arts']",round1,
kunsten_be_flanders_e4a2cb6c28a5,kunsten_be_flanders_e4a2cb6c28a5_1a,1,Applicants must be resident in Belgium.,kunsten_be_flanders,['Residency'],"['Performing Arts', 'Digital/New Media Arts']",round1,
kunsten_be_flanders_e4a2cb6c28a5,kunsten_be_flanders_e4a2cb6c28a5_1b,1,"regardless of nationality, gender, religion or ethnic origin.",kunsten_be_flanders,['Residency'],"['Performing Arts', 'Digital/New Media Arts']",round1,
mondriaan_fund_3afe43141b61,mondriaan_fund_3afe43141b61_12,12,"For artists with a non-Dutch nationality, proof of registration in the Netherlands is also required.",mondriaan_fund,['Grant/Funding'],['Visual Arts'],round1,
nordic_culture_point_c76ae887354b,nordic_culture_point_c76ae887354b_2,2,"However, they do not need to be a Nordic or Baltic citizen.",nordic_culture_point,['Grant/Funding'],['Multidisciplinary'],round1,
vkkf_konkursu_grafiks_31853942f4cb,vkkf_konkursu_grafiks_31853942f4cb_0,0,Ukrainian citizens,vkkf_konkursu_grafiks,['Grant/Funding'],[],round1,
can_serrat_217dbea20ea5,can_serrat_217dbea20ea5_0a,0,Can Serrat is opening a new residency call for writers.,can_serrat,['Residency'],['Literature/Writing'],round1,
can_serrat_217dbea20ea5,can_serrat_217dbea20ea5_0b,0,from all backgrounds and nationalities.,can_serrat,['Residency'],['Literature/Writing'],round1,
kunstlerhaus_bethanien_ad1d16a215d9,kunstlerhaus_bethanien_ad1d16a215d9_5a,5,You can be a foreign citizen and apply for our stipends and grants.,kunstlerhaus_bethanien,['Residency'],"['Visual Arts', 'Photography', 'Design/Architecture', 'Craft']",round1,
kunstlerhaus_bethanien_ad1d16a215d9,kunstlerhaus_bethanien_ad1d16a215d9_5b,5,but you must be a resident in Sweden or primarily practice your art here.,kunstlerhaus_bethanien,['Residency'],"['Visual Arts', 'Photography', 'Design/Architecture', 'Craft']",round1,
national_culture_fund_bulgaria_4615be3896e7,national_culture_fund_bulgaria_4615be3896e7_3a,3,Natural persons with Bulgarian citizenship.,national_culture_fund_bulgaria,['Grant/Funding'],"['Visual Arts', 'Literature/Writing', 'Dance', 'Film/Video', 'Music', 'Theatre']",round1,
national_culture_fund_bulgaria_4615be3896e7,national_culture_fund_bulgaria_4615be3896e7_3b,3,or the right of residence in Bulgaria.,national_culture_fund_bulgaria,['Grant/Funding'],"['Visual Arts', 'Literature/Writing', 'Dance', 'Film/Video', 'Music', 'Theatre']",round1,
vkkf_konkursu_grafiks_6a2c4acdaaae,vkkf_konkursu_grafiks_6a2c4acdaaae_0,0,"The objectives of the target program, tasks, applicant pool, and other matters related to the conduct of the program competition are set out in the competition regulations of each target program.",vkkf_konkursu_grafiks,['Other'],"['Literature/Writing', 'Music', 'Performing Arts', 'Film/Video', 'Visual Arts', 'Cultural Heritage', 'Design/Architecture', 'Multidisciplinary']",round2_random,
creative_ireland_b4833a165cef,creative_ireland_b4833a165cef_0,0,"The Creative Ireland Programme invites applications from local authority Culture and Creativity Teams in Ireland working in partnership with local or national community, cultural and creative organisations in collaboration with North-South and/or East/West (Ireland-Britain) partners.",creative_ireland,['Grant/Funding'],['Multidisciplinary'],round2_random,
creative_ireland_b4833a165cef,creative_ireland_b4833a165cef_1,1,The lead applicant must be a local authority based in Ireland.,creative_ireland,['Grant/Funding'],['Multidisciplinary'],round2_random,
creative_ireland_b4833a165cef,creative_ireland_b4833a165cef_2,2,Applications with both East/West (i.e.,creative_ireland,['Grant/Funding'],['Multidisciplinary'],round2_random,
creative_ireland_b4833a165cef,creative_ireland_b4833a165cef_3,3,"England, Scotland and Wales) as well as North/South dimensions are welcome.",creative_ireland,['Grant/Funding'],['Multidisciplinary'],round2_random,
creative_ireland_b4833a165cef,creative_ireland_b4833a165cef_4,4,Applications should ensure that funding is shared fairly with partners with meaningful activity with North-South and/or East/West (Ireland-Britain) partners.,creative_ireland,['Grant/Funding'],['Multidisciplinary'],round2_random,
creative_ireland_b4833a165cef,creative_ireland_b4833a165cef_5,5,Partners can include:,creative_ireland,['Grant/Funding'],['Multidisciplinary'],round2_random,
creative_ireland_b4833a165cef,creative_ireland_b4833a165cef_6,6,Arts and cultural organisations or institutions,creative_ireland,['Grant/Funding'],['Multidisciplinary'],round2_random,
creative_ireland_b4833a165cef,creative_ireland_b4833a165cef_7,7,"Creative organisations, networks and collectives",creative_ireland,['Grant/Funding'],['Multidisciplinary'],round2_random,
creative_ireland_b4833a165cef,creative_ireland_b4833a165cef_8,8,including all-island networks,creative_ireland,['Grant/Funding'],['Multidisciplinary'],round2_random,
creative_ireland_b4833a165cef,creative_ireland_b4833a165cef_9,9,"Public sector bodies, including local authorities in",creative_ireland,['Grant/Funding'],['Multidisciplinary'],round2_random,
creative_ireland_b4833a165cef,creative_ireland_b4833a165cef_10,10,"Northern Ireland, or established networks",creative_ireland,['Grant/Funding'],['Multidisciplinary'],round2_random,
creative_ireland_b4833a165cef,creative_ireland_b4833a165cef_11,11,Charities or not-for-profit organisations,creative_ireland,['Grant/Funding'],['Multidisciplinary'],round2_random,
creative_ireland_b4833a165cef,creative_ireland_b4833a165cef_12,12,Social enterprises,creative_ireland,['Grant/Funding'],['Multidisciplinary'],round2_random,
creative_ireland_b4833a165cef,creative_ireland_b4833a165cef_13,13,Community groups and networks,creative_ireland,['Grant/Funding'],['Multidisciplinary'],round2_random,
creative_ireland_b4833a165cef,creative_ireland_b4833a165cef_14,14,"Business, commercial companies",creative_ireland,['Grant/Funding'],['Multidisciplinary'],round2_random,
creative_ireland_b4833a165cef,creative_ireland_b4833a165cef_15,15,Philanthropic and research bodies,creative_ireland,['Grant/Funding'],['Multidisciplinary'],round2_random,
creative_ireland_b4833a165cef,creative_ireland_b4833a165cef_16,16,including universities,creative_ireland,['Grant/Funding'],['Multidisciplinary'],round2_random,
creative_ireland_b4833a165cef,creative_ireland_b4833a165cef_17,17,Communities of place and  communities of practice,creative_ireland,['Grant/Funding'],['Multidisciplinary'],round2_random,
creative_ireland_b4833a165cef,creative_ireland_b4833a165cef_18,18,Individuals with a local authority (in Strand 3 only),creative_ireland,['Grant/Funding'],['Multidisciplinary'],round2_random,
kunsten_be_flanders_f3813b0a41ba,kunsten_be_flanders_f3813b0a41ba_0,0,young musicians who aspire a professional career,kunsten_be_flanders,['Open Call'],['Music'],round2_random,
kulturdirektoratet_norway_70fed813390a,kulturdirektoratet_norway_70fed813390a_0,0,Professional arts and culture organizations can apply to hire an apprentice.,kulturdirektoratet_norway,['Grant/Funding'],['Multidisciplinary'],round2_random,
kulturdirektoratet_norway_70fed813390a,kulturdirektoratet_norway_70fed813390a_1,1,"The scheme covers all art forms and creative industries, and the apprentice position can be linked to artistic, technical, and administrative functions.",kulturdirektoratet_norway,['Grant/Funding'],['Multidisciplinary'],round2_random,
kulturdirektoratet_norway_70fed813390a,kulturdirektoratet_norway_70fed813390a_2,2,Enterprises with fixed annual state funding can apply for the scheme.,kulturdirektoratet_norway,['Grant/Funding'],['Multidisciplinary'],round2_random,
kulturdirektoratet_norway_70fed813390a,kulturdirektoratet_norway_70fed813390a_3,3,"The application must be prepared in collaboration with a named candidate, and must reflect the candidate's own professional motivation for the apprenticeship period.",kulturdirektoratet_norway,['Grant/Funding'],['Multidisciplinary'],round2_random,
kulturdirektoratet_norway_70fed813390a,kulturdirektoratet_norway_70fed813390a_4,4,"The candidate must have arts and culture experience and interest, and may advantageously have education in arts and culture or equivalent practice.",kulturdirektoratet_norway,['Grant/Funding'],['Multidisciplinary'],round2_random,
kulturdirektoratet_norway_70fed813390a,kulturdirektoratet_norway_70fed813390a_5,5,"The candidate cannot, in parallel with the planned apprenticeship period, be in an educational program that is relevant to the apprentice position for which funding is applied.",kulturdirektoratet_norway,['Grant/Funding'],['Multidisciplinary'],round2_random,
kulturdirektoratet_norway_70fed813390a,kulturdirektoratet_norway_70fed813390a_6,6,"The candidate must be over 18 years old at the time of application, and be resident in Norway and have Norwegian work and residence permit.",kulturdirektoratet_norway,['Grant/Funding'],['Multidisciplinary'],round2_random,
dgartes_portugal_57138fbb1bd9,dgartes_portugal_57138fbb1bd9_0,0,"within the scope of the Sustained Support Program in the area of Music and Opera, as provided for in Decree-Law No.",dgartes_portugal,['Competition/Prize'],"['Music', 'Performing Arts']",round2_random,
dgartes_portugal_57138fbb1bd9,dgartes_portugal_57138fbb1bd9_1,1,"103/2017 of 24 August, in its current wording, and in the Regulation of the Arts Support Programs, approved in an annex to Ordinance No.",dgartes_portugal,['Competition/Prize'],"['Music', 'Performing Arts']",round2_random,
dgartes_portugal_57138fbb1bd9,dgartes_portugal_57138fbb1bd9_2,2,345-A/2026/1 of 14 August.,dgartes_portugal,['Competition/Prize'],"['Music', 'Performing Arts']",round2_random,
fpu_slovakia_8937907cf806,fpu_slovakia_8937907cf806_0,0,Eligible applicants: Support is intended exclusively for public higher education institutions in the Slovak Republic that have authorisation to perform the activities they plan to implement within the project.,fpu_slovakia,['Grant/Funding'],"['Theatre', 'Dance', 'Music', 'Visual Arts', 'Literature/Writing', 'Cultural Heritage', 'Multidisciplinary']",round2_random,
gasworks_london_1a43f6076c9a,gasworks_london_1a43f6076c9a_0,0,This residency open call is for artists based in Brazil who have previously participated in the PIPA Prize.,gasworks_london,['Residency'],['Multidisciplinary'],round2_random,
dgartes_portugal_dd8e96231487,dgartes_portugal_dd8e96231487_0,0,"Private legal entities with registered office in Portugal, which carry out predominantly, on a professional basis, activities in one or more of the artistic areas provided for in Article 1(2) of Decree-Law No.",dgartes_portugal,['Competition/Prize'],['Theatre'],round2_random,
dgartes_portugal_dd8e96231487,dgartes_portugal_dd8e96231487_1,1,"103/2017 of 24 August, as currently amended, under the following access conditions: a) Biennial support modality: have at least four years of continuous professional activity; b) Quadrennial support modality: have at least six years of continuous professional activity; have benefited, at least once in the last six years, from financial support from the State through DGARTES under the sustained support typology, provided that they have not been subject to the sanction provided for in point (c) of Article 23(1), and that the sanction provided for in point (a) of Article 23(1) of the same article is not in force, regardless of their legal nature or institutional model; have a creation and/or presentation space suitable for carrying out the supported activity.",dgartes_portugal,['Competition/Prize'],['Theatre'],round2_random,
dgartes_portugal_dd8e96231487,dgartes_portugal_dd8e96231487_2,2,"For the purposes of access to the modality provided for in point (b) of paragraph 1, the last two sustained support cycles (2018-2022 and 2023-2026), in the quadrennial and biennial modalities, granted under Decree-Law No.",dgartes_portugal,['Competition/Prize'],['Theatre'],round2_random,
dgartes_portugal_dd8e96231487,dgartes_portugal_dd8e96231487_3,3,"103/2017 of 24 August, as currently amended, shall be taken into account.",dgartes_portugal,['Competition/Prize'],['Theatre'],round2_random,
dgartes_portugal_dd8e96231487,dgartes_portugal_dd8e96231487_4,4,"Private foundations or private-law public foundations that have another type of continuous funding, ensured by the budget programme of the culture area, as well as associations made up predominantly of public entities and companies in the State business sector and the autonomous regions, are not admitted to the tender procedure.",dgartes_portugal,['Competition/Prize'],['Theatre'],round2_random,
dgartes_portugal_dd8e96231487,dgartes_portugal_dd8e96231487_5,5,Entities that have signed an addendum renewing the sustained support contract under the quadrennial modality are not admitted to the tender procedure.,dgartes_portugal,['Competition/Prize'],['Theatre'],round2_random,
dgartes_portugal_dd8e96231487,dgartes_portugal_dd8e96231487_6,6,"Entities must frame their activity in only one application and, in the event that support is granted, the respective contract constitutes the sole support instrument for the period to which it is intended, except as provided for in Article 26(4) of Decree-Law No.",dgartes_portugal,['Competition/Prize'],['Theatre'],round2_random,
dgartes_portugal_dd8e96231487,dgartes_portugal_dd8e96231487_7,7,"103/2017 of 24 August, as currently amended.",dgartes_portugal,['Competition/Prize'],['Theatre'],round2_random,
kunsten_be_flanders_437b564efaf9,kunsten_be_flanders_437b564efaf9_0,0,"We welcome visual artists, writers, composer/musicians, performance artists at any stage of their careers who are interested in exploring and expanding their work in a unique and supportive environment.",kunsten_be_flanders,['Residency'],"['Visual Arts', 'Literature/Writing', 'Music', 'Performing Arts']",round2_random,
kulturdirektoratet_norway_50ecb345154b,kulturdirektoratet_norway_50ecb345154b_0,0,You can apply for this scheme if you can demonstrate an artistic practice in development and growth you are involved in production and dissemination your business is registered in the Norwegian Register of Business Enterprises the main part of your activity is in Norway,kulturdirektoratet_norway,['Grant/Funding'],['Performing Arts'],round2_random,
fpu_slovakia_01dfd618f506,fpu_slovakia_01dfd618f506_0,0,Support is intended exclusively for applicants who demonstrably operate in the field of musical art.,fpu_slovakia,['Grant/Funding'],['Music'],round2_random,
fpu_slovakia_01dfd618f506,fpu_slovakia_01dfd618f506_1,1,"The applicant must have one of the following legal forms: a) a budgetary or contributory organization established by a higher territorial unit, b) a budgetary or contributory organization established by a municipality, c) a nonprofit organization, d) a civic association, e) a foundation, f) a legal entity operating under the Commercial Code.",fpu_slovakia,['Grant/Funding'],['Music'],round2_random,
fpu_slovakia_2db15a64c5aa,fpu_slovakia_2db15a64c5aa_0,0,Applicant demonstrably active and carrying out activities in the field of literature.,fpu_slovakia,['Grant/Funding'],['Literature/Writing'],round2_random,
fpu_slovakia_2db15a64c5aa,fpu_slovakia_2db15a64c5aa_1,1,Support is intended exclusively for entities possessing authorization to carry out the activities they plan to implement within the project.,fpu_slovakia,['Grant/Funding'],['Literature/Writing'],round2_random,
fpu_slovakia_2db15a64c5aa,fpu_slovakia_2db15a64c5aa_2,2,"The applicant must have one of the following legal forms: a) self-employed natural person, b) non-profit organization providing generally beneficial services, c) commercial company, d) civic association, e) foundation.",fpu_slovakia,['Grant/Funding'],['Literature/Writing'],round2_random,
kulturdirektoratet_norway_b56f43f62a98,kulturdirektoratet_norway_b56f43f62a98_0,0,You can apply for this scheme if you are a master’s student and have been admitted to a master’s program.,kulturdirektoratet_norway,['Grant/Funding'],['Multidisciplinary'],round2_random,
kulturdirektoratet_norway_b56f43f62a98,kulturdirektoratet_norway_b56f43f62a98_1,1,You must attach a recommendation letter from your supervisor.,kulturdirektoratet_norway,['Grant/Funding'],['Multidisciplinary'],round2_random,
kulturdirektoratet_norway_b56f43f62a98,kulturdirektoratet_norway_b56f43f62a98_2,2,Students with a minority background or minority experiences in a broad sense are encouraged to apply.,kulturdirektoratet_norway,['Grant/Funding'],['Multidisciplinary'],round2_random,
kulturdirektoratet_norway_b56f43f62a98,kulturdirektoratet_norway_b56f43f62a98_3,3,"To be eligible to apply, you must have a background from Norway or study at an educational institution in Norway.",kulturdirektoratet_norway,['Grant/Funding'],['Multidisciplinary'],round2_random,
kulturdirektoratet_norway_b56f43f62a98,kulturdirektoratet_norway_b56f43f62a98_4,4,"In 2026, the Norwegian Directorate for Culture awards master’s scholarships to students who have started or will start work on their master’s thesis in the spring semester 2026, autumn semester 2026, or spring semester 2027.",kulturdirektoratet_norway,['Grant/Funding'],['Multidisciplinary'],round2_random,
cite_internationale_des_arts_a0b1f92c1635,cite_internationale_des_arts_a0b1f92c1635_0,0,"The programme is open to any artist of Moroccan nationality, with no age limit, who meets the following criteria: Have been pursuing a professional artistic practice for at least three years or hold a qualification from an educational institution in an artistic field;",cite_internationale_des_arts,['Residency'],"['Visual Arts', 'Digital/New Media Arts', 'Film/Video', 'Performing Arts', 'Literature/Writing']",round2_random,
cite_internationale_des_arts_a0b1f92c1635,cite_internationale_des_arts_a0b1f92c1635_1,1,"Be an artist working in one of the following fields: visual arts, digital arts, film, the performing arts (music, performance, playwriting, directing, dance and choreography), or writing;",cite_internationale_des_arts,['Residency'],"['Visual Arts', 'Digital/New Media Arts', 'Film/Video', 'Performing Arts', 'Literature/Writing']",round2_random,
cite_internationale_des_arts_a0b1f92c1635,cite_internationale_des_arts_a0b1f92c1635_2,2,Be able to take time off from any professional activity for the entire duration of the residency;,cite_internationale_des_arts,['Residency'],"['Visual Arts', 'Digital/New Media Arts', 'Film/Video', 'Performing Arts', 'Literature/Writing']",round2_random,
cite_internationale_des_arts_a0b1f92c1635,cite_internationale_des_arts_a0b1f92c1635_3,3,Have a basic knowledge of French and/or a sufficient command of English to facilitate integration into life at the Cité internationale des arts and exchanges with other residents.,cite_internationale_des_arts,['Residency'],"['Visual Arts', 'Digital/New Media Arts', 'Film/Video', 'Performing Arts', 'Literature/Writing']",round2_random,
kunsten_be_flanders_37a488364201,kunsten_be_flanders_37a488364201_0,0,Who is it for?,kunsten_be_flanders,['Other'],['Music'],round2_random,
kunsten_be_flanders_37a488364201,kunsten_be_flanders_37a488364201_1,1,Young vocal and/or instrumental musicians and ensembles with a maximum average age of 35.,kunsten_be_flanders,['Other'],['Music'],round2_random,
kunsten_be_flanders_37a488364201,kunsten_be_flanders_37a488364201_2,2,The ensemble focuses on playing historical instruments or using historical sources (up to 1920).,kunsten_be_flanders,['Other'],['Music'],round2_random,
kunsten_be_flanders_37a488364201,kunsten_be_flanders_37a488364201_3,3,A condition for participation is that the entire ensemble must be available and present from August 18 to 22.,kunsten_be_flanders,['Other'],['Music'],round2_random,
kulturdirektoratet_norway_1b92a135ec95,kulturdirektoratet_norway_1b92a135ec95_0,0,"Professional, producing performing arts institutions can apply.",kulturdirektoratet_norway,['Other'],['Performing Arts'],round2_random,
kulturdirektoratet_norway_1b92a135ec95,kulturdirektoratet_norway_1b92a135ec95_1,1,"Professional, producing performing arts institutions can receive grants under this regulation.",kulturdirektoratet_norway,['Other'],['Performing Arts'],round2_random,
kulturdirektoratet_norway_1b92a135ec95,kulturdirektoratet_norway_1b92a135ec95_2,2,Grants are awarded to performing arts institutions that have staged new drama for an audience.,kulturdirektoratet_norway,['Other'],['Performing Arts'],round2_random,
kulturdirektoratet_norway_1b92a135ec95,kulturdirektoratet_norway_1b92a135ec95_3,3,Grants are awarded after the world premiere has been carried out.,kulturdirektoratet_norway,['Other'],['Performing Arts'],round2_random,
kulturdirektoratet_norway_1b92a135ec95,kulturdirektoratet_norway_1b92a135ec95_4,4,The drama must be in a language for which the state has responsibility under the Language Act.,kulturdirektoratet_norway,['Other'],['Performing Arts'],round2_random,
kulturdirektoratet_norway_1b92a135ec95,kulturdirektoratet_norway_1b92a135ec95_5,5,Grants are not awarded for dramatizations of already existing material.,kulturdirektoratet_norway,['Other'],['Performing Arts'],round2_random,
kunsten_be_flanders_7b3d4f68b4d8,kunsten_be_flanders_7b3d4f68b4d8_0,0,"We are looking for vocal performers who: _have a classical alt / baritone/tenor vocal range _are comfortable with live performance and embodied presence _enjoy participatory interaction with an audience _have affinity with music theatre, contemporary music, and/or ritual practices _enjoy collaborative, research-driven creation processes",kunsten_be_flanders,['Open Call'],"['Music', 'Performing Arts']",round2_random,
kunsten_be_flanders_98e9614f22f8,kunsten_be_flanders_98e9614f22f8_0,0,We are looking for applications from artists and creative people with roots from or strong ties to the Finno-Ugric peoples.,kunsten_be_flanders,['Residency'],"['Visual Arts', 'Music', 'Theatre', 'Performing Arts']",round2_random,
kunsten_be_flanders_98e9614f22f8,kunsten_be_flanders_98e9614f22f8_1,1,"The call is open to various creative fields, including visual art, music, theatre, and performance.",kunsten_be_flanders,['Residency'],"['Visual Arts', 'Music', 'Theatre', 'Performing Arts']",round2_random,
kunsten_be_flanders_98e9614f22f8,kunsten_be_flanders_98e9614f22f8_2,2,The residency comes with support from the Erasmus+ programme and is therefore directed to applicants from eligible countries (see the list here ).,kunsten_be_flanders,['Residency'],"['Visual Arts', 'Music', 'Theatre', 'Performing Arts']",round2_random,
kunsten_be_flanders_98e9614f22f8,kunsten_be_flanders_98e9614f22f8_3,3,"In 2026, the second edition of the programme will include new features.",kunsten_be_flanders,['Residency'],"['Visual Arts', 'Music', 'Theatre', 'Performing Arts']",round2_random,
kunsten_be_flanders_98e9614f22f8,kunsten_be_flanders_98e9614f22f8_4,4,"As before, the selected artist is expected to create a work inspired by Finno-Ugric cultures.",kunsten_be_flanders,['Residency'],"['Visual Arts', 'Music', 'Theatre', 'Performing Arts']",round2_random,
kunsten_be_flanders_98e9614f22f8,kunsten_be_flanders_98e9614f22f8_5,5,"Additionally, they will collaborate closely with the Department of Fashion Design of the Estonian Academy of Arts.",kunsten_be_flanders,['Residency'],"['Visual Arts', 'Music', 'Theatre', 'Performing Arts']",round2_random,
kunsten_be_flanders_98e9614f22f8,kunsten_be_flanders_98e9614f22f8_6,6,"The collaboration will consist of an open lecture for the academy’s students (1,5h) and two workshops for the fashion design students (5h and 1,5h).",kunsten_be_flanders,['Residency'],"['Visual Arts', 'Music', 'Theatre', 'Performing Arts']",round2_random,
kunsten_be_flanders_98e9614f22f8,kunsten_be_flanders_98e9614f22f8_7,7,"From the artist-in-residence we expect a unique contemporary art project that introduces Finno-Ugric culture in a new and engaging form; a willingness to involve the local Narva community and introduce and present their work; engage with the students of EKA and give them a workshop and an open lecture which are connected to the topics of Finno-Ugric cultures, as well as participation in the residency during the period from November 23rd until December 6th.",kunsten_be_flanders,['Residency'],"['Visual Arts', 'Music', 'Theatre', 'Performing Arts']",round2_random,
kunsten_be_flanders_dc652541cc80,kunsten_be_flanders_dc652541cc80_0,0,Anyone who feels called upon to contribute to representative visual communication is welcome to take part: from amateur photographers to professionals or arts organisations.,kunsten_be_flanders,['Open Call'],"['Visual Arts', 'Music', 'Performing Arts']",round2_random,
kunsten_be_flanders_dc652541cc80,kunsten_be_flanders_dc652541cc80_1,1,We ask that you submit a maximum of three images related to one of our disciplines: Visual Arts Classical music Performing Arts,kunsten_be_flanders,['Open Call'],"['Visual Arts', 'Music', 'Performing Arts']",round2_random,
fpu_slovakia_6688426c1ecf,fpu_slovakia_6688426c1ecf_0,0,The support is intended exclusively for applicants whose activity is in the field of culture and art.,fpu_slovakia,['Grant/Funding'],['Multidisciplinary'],round2_random,
fpu_slovakia_6688426c1ecf,fpu_slovakia_6688426c1ecf_1,1,"The applicant must have one of the following legal forms: a) non-profit organization providing generally beneficial services, b) civic association, c) commercial company, d) budgetary or contributory organization established by a higher territorial unit, e) budgetary or contributory organization established by a municipality, f) higher territorial unit, city, municipality",fpu_slovakia,['Grant/Funding'],['Multidisciplinary'],round2_random,
kulturdirektoratet_norway_4cf11f6d8269,kulturdirektoratet_norway_4cf11f6d8269_0,0,Publishers with a Norwegian organisation number may apply for this scheme.,kulturdirektoratet_norway,['Grant/Funding'],['Literature/Writing'],round2_random,
kulturdirektoratet_norway_4cf11f6d8269,kulturdirektoratet_norway_4cf11f6d8269_1,1,The one-book rule – only one book per year per author,kulturdirektoratet_norway,['Grant/Funding'],['Literature/Writing'],round2_random,
kulturdirektoratet_norway_4cf11f6d8269,kulturdirektoratet_norway_4cf11f6d8269_2,2,An author can usually only have one book purchased under this scheme per calendar year.,kulturdirektoratet_norway,['Grant/Funding'],['Literature/Writing'],round2_random,
kunsten_be_flanders_399ae984ab54,kunsten_be_flanders_399ae984ab54_0,0,Artists whose practice already includes printmaking to some extent.,kunsten_be_flanders,['Residency'],['Visual Arts'],round2_random,
kunsten_be_flanders_399ae984ab54,kunsten_be_flanders_399ae984ab54_1,1,Artists who have a minimum base knowledge and understanding of one or more print techniques (even though professional technical assistance will be provided).,kunsten_be_flanders,['Residency'],['Visual Arts'],round2_random,
kunsten_be_flanders_399ae984ab54,kunsten_be_flanders_399ae984ab54_2,2,Artists who are eager to expand their technical tool-kit and expressive potential.,kunsten_be_flanders,['Residency'],['Visual Arts'],round2_random,
kunsten_be_flanders_399ae984ab54,kunsten_be_flanders_399ae984ab54_3,3,"Artists who embrace experimentation, interdisciplinary approaches, and the blending of multiple printmaking methods.",kunsten_be_flanders,['Residency'],['Visual Arts'],round2_random,
kunsten_be_flanders_399ae984ab54,kunsten_be_flanders_399ae984ab54_4,4,"Must be able to travel to Milan for the scheduled residency, and be able to use the provided materials and equipment.",kunsten_be_flanders,['Residency'],['Visual Arts'],round2_random,
kunsten_be_flanders_399ae984ab54,kunsten_be_flanders_399ae984ab54_5,5,Uphold a professional work ethic and conduct throughout the residency.,kunsten_be_flanders,['Residency'],['Visual Arts'],round2_random,
kunsten_be_flanders_399ae984ab54,kunsten_be_flanders_399ae984ab54_6,6,Work must fit within a maximum paper size of 50 × 70 cm (no minimum size).,kunsten_be_flanders,['Residency'],['Visual Arts'],round2_random,
kunsten_be_flanders_399ae984ab54,kunsten_be_flanders_399ae984ab54_7,7,A minimum production of 10 finished prints is required.,kunsten_be_flanders,['Residency'],['Visual Arts'],round2_random,
kunsten_be_flanders_399ae984ab54,kunsten_be_flanders_399ae984ab54_8,8,Create a minimum of one printed edition or multiple unique pieces.,kunsten_be_flanders,['Residency'],['Visual Arts'],round2_random,
kunsten_be_flanders_399ae984ab54,kunsten_be_flanders_399ae984ab54_9,9,Agree to provide n.,kunsten_be_flanders,['Residency'],['Visual Arts'],round2_random,
kunsten_be_flanders_399ae984ab54,kunsten_be_flanders_399ae984ab54_10,10,3 (three) copies of each edition printed to Gate44’s archives.,kunsten_be_flanders,['Residency'],['Visual Arts'],round2_random,
kunsten_be_flanders_32c6d7691640,kunsten_be_flanders_32c6d7691640_0,0,We are looking for emerging drag performers (of all styles and backgrounds).,kunsten_be_flanders,['Other'],['Other/Non-Arts'],round2_random,
kunsten_be_flanders_32c6d7691640,kunsten_be_flanders_32c6d7691640_1,1,"You can apply with limited or growing experience, this platform is specifically intended as a space to experiment, try out ideas, and grow as an artist.",kunsten_be_flanders,['Other'],['Other/Non-Arts'],round2_random,
kunsten_be_flanders_32c6d7691640,kunsten_be_flanders_32c6d7691640_2,2,"We welcome applicants of all identities, bodies, and backgrounds.",kunsten_be_flanders,['Other'],['Other/Non-Arts'],round2_random,
kunsten_be_flanders_32c6d7691640,kunsten_be_flanders_32c6d7691640_3,3,"If you have specific needs or questions regarding accessibility, we are open to discussing this together.",kunsten_be_flanders,['Other'],['Other/Non-Arts'],round2_random,
cyprus_funding_programmes_culture_e643df5f8f75,cyprus_funding_programmes_culture_e643df5f8f75_0,0,"Proposals should address: The following Call specific priorities : to strengthen the transnational circulation and diversity of European literary works; to encourage the translation, publication and promotion of works of fiction written in less widely spoken languages in order to increase their distribution in wider markets in Europe and beyond; to enlarge the audience for European books, especially to young people by actively encouraging them to discover the diversity of European literature; to contribute to strengthening the competitiveness of the book sector by encouraging cooperation between different actors within the book value chain- including booksellers and libraries; to promote the literary translator profession and the principles of visibility, good working conditions and fair remuneration of translator.",cyprus_funding_programmes_culture,['Grant/Funding'],['Multidisciplinary'],round2_random,
cyprus_funding_programmes_culture_e643df5f8f75,cyprus_funding_programmes_culture_e643df5f8f75_1,1,"In this respect publishers should ensure that the name of the translator(s) is in the published book, preferably on the cover, as well as the source language.",cyprus_funding_programmes_culture,['Grant/Funding'],['Multidisciplinary'],round2_random,
cyprus_funding_programmes_culture_e643df5f8f75,cyprus_funding_programmes_culture_e643df5f8f75_2,2,"NB: in order to continue to provide support to Ukraine in the field of books, projects aimed at providing books in the Ukrainian language to Ukrainian refugees and displaced people will be encouraged.",cyprus_funding_programmes_culture,['Grant/Funding'],['Multidisciplinary'],round2_random,
cyprus_funding_programmes_culture_e643df5f8f75,cyprus_funding_programmes_culture_e643df5f8f75_3,3,(See the conditions of eligibility in Section 6 of this document. ) The following cross-cutting issues as described in section 1 Background.,cyprus_funding_programmes_culture,['Grant/Funding'],['Multidisciplinary'],round2_random,
cyprus_funding_programmes_culture_e643df5f8f75,cyprus_funding_programmes_culture_e643df5f8f75_4,4,"(i) inclusion and diversity, notably gender balance, and (ii) greening of Creative Europe.",cyprus_funding_programmes_culture,['Grant/Funding'],['Multidisciplinary'],round2_random,
kunsten_be_flanders_6f9b625b869d,kunsten_be_flanders_6f9b625b869d_0,0,"Since 25 May 2023, REMA has been open to all types of early music players (ensembles, festivals, concert halls, research institutes, labels, agents, conservatoires, etc.).",kunsten_be_flanders,['Open Call'],['Music'],round2_random,
kunsten_be_flanders_6f9b625b869d,kunsten_be_flanders_6f9b625b869d_1,1,"There is only one way to join REMA: each year, a call for applications enables around thirty new organisations to join the REMA network.",kunsten_be_flanders,['Open Call'],['Music'],round2_random,
kunsten_be_flanders_6f9b625b869d,kunsten_be_flanders_6f9b625b869d_2,2,"In 2025, applications are open from 1 July to 8 October: new members will be welcomed on 1 January 2026.",kunsten_be_flanders,['Open Call'],['Music'],round2_random,
kunsten_be_flanders_6f9b625b869d,kunsten_be_flanders_6f9b625b869d_3,3,The 2026 General Assembly will be held in Malta from 20 to 22 January 2026.,kunsten_be_flanders,['Open Call'],['Music'],round2_random,
kunsten_be_flanders_6f9b625b869d,kunsten_be_flanders_6f9b625b869d_4,4,CRITERIA FOR JOINING Applicant organisations must have been in existence for a minimum of three years and possess a legal entity status.,kunsten_be_flanders,['Open Call'],['Music'],round2_random,
kunsten_be_flanders_6f9b625b869d,kunsten_be_flanders_6f9b625b869d_5,5,The Board of Directors will look at: The overall quality of the activities The alignment of the applicants’ values with REMA The criteria and selection process are detailed in the full call.,kunsten_be_flanders,['Open Call'],['Music'],round2_random,
kunsten_be_flanders_6f9b625b869d,kunsten_be_flanders_6f9b625b869d_6,6,You will be asked to: Provide information about your organisation.,kunsten_be_flanders,['Open Call'],['Music'],round2_random,
kunsten_be_flanders_6f9b625b869d,kunsten_be_flanders_6f9b625b869d_7,7,"Select a main activity: promoter, ensemble, education, research, agent, publisher or other.",kunsten_be_flanders,['Open Call'],['Music'],round2_random,
kunsten_be_flanders_6f9b625b869d,kunsten_be_flanders_6f9b625b869d_8,8,"Once accepted, members can represent all their activities.",kunsten_be_flanders,['Open Call'],['Music'],round2_random,
kunsten_be_flanders_6f9b625b869d,kunsten_be_flanders_6f9b625b869d_9,9,"Answer specific questions related to your main activity and submit relevant documentation (e.g. programme of activities, list of publications, concerts, etc.) Explain your motivation for joining REMA and how your values are in line with the network.",kunsten_be_flanders,['Open Call'],['Music'],round2_random,
kunsten_be_flanders_6f9b625b869d,kunsten_be_flanders_6f9b625b869d_10,10,Submit a letter of recommendation from a REMA member.,kunsten_be_flanders,['Open Call'],['Music'],round2_random,
kunsten_be_flanders_6f9b625b869d,kunsten_be_flanders_6f9b625b869d_11,11,"Additional information: if you have taken part in a network project in the past, include this information in your application.",kunsten_be_flanders,['Open Call'],['Music'],round2_random,
kunsten_be_flanders_6f9b625b869d,kunsten_be_flanders_6f9b625b869d_12,12,"CODE OF CONDUCT From the moment they apply, all candidates must endorse the network’s code of conduct, established with the members, which ensures adherence to professional ethics among REMA members.",kunsten_be_flanders,['Open Call'],['Music'],round2_random,
kunsten_be_flanders_6f9b625b869d,kunsten_be_flanders_6f9b625b869d_13,13,"The code of conduct delineates the expected or unlawful or inappropriate behavior from members, and outlines the procedure for penalizing such conduct.",kunsten_be_flanders,['Open Call'],['Music'],round2_random,
kulturdirektoratet_norway_f6cdbf3d62d8,kulturdirektoratet_norway_f6cdbf3d62d8_0,0,The scheme is aimed at museums and exhibition institutions.,kulturdirektoratet_norway,['Grant/Funding'],['Cultural Heritage'],round2_random,
kulturdirektoratet_norway_f6cdbf3d62d8,kulturdirektoratet_norway_f6cdbf3d62d8_1,1,You can apply for funding to cover all or part of the private insurance of objects that are loaned from abroad for exhibitions in Norway.,kulturdirektoratet_norway,['Grant/Funding'],['Cultural Heritage'],round2_random,
kulturdirektoratet_norway_f6cdbf3d62d8,kulturdirektoratet_norway_f6cdbf3d62d8_2,2,"The objects must have a total value of at least NOK 50 million, and they must be of significant artistic, cultural, or natural historical value.",kulturdirektoratet_norway,['Grant/Funding'],['Cultural Heritage'],round2_random,
kulturdirektoratet_norway_f6cdbf3d62d8,kulturdirektoratet_norway_f6cdbf3d62d8_3,3,You can apply for funding both for objects that are publicly owned and for objects that are privately owned.,kulturdirektoratet_norway,['Grant/Funding'],['Cultural Heritage'],round2_random,
kulturdirektoratet_norway_f6cdbf3d62d8,kulturdirektoratet_norway_f6cdbf3d62d8_4,4,Projects that fall outside the purpose of the scheme cannot receive funding.,kulturdirektoratet_norway,['Grant/Funding'],['Cultural Heritage'],round2_random,
kulturdirektoratet_norway_f6cdbf3d62d8,kulturdirektoratet_norway_f6cdbf3d62d8_5,5,"If the application falls outside this scheme, it may be rejected.",kulturdirektoratet_norway,['Grant/Funding'],['Cultural Heritage'],round2_random,
kulturdirektoratet_norway_f6cdbf3d62d8,kulturdirektoratet_norway_f6cdbf3d62d8_6,6,We do not provide funding to cover the private insurance of objects that are loaned from Norway.,kulturdirektoratet_norway,['Grant/Funding'],['Cultural Heritage'],round2_random,
fpu_slovakia_ea20c0b78bce,fpu_slovakia_ea20c0b78bce_0,0,Support is intended exclusively for entities that demonstrably operate in the field of fine and visual art.,fpu_slovakia,['Grant/Funding'],['Visual Arts'],round2_random,
fpu_slovakia_ea20c0b78bce,fpu_slovakia_ea20c0b78bce_1,1,"The applicant must have one of the following legal forms: a) budgetary organization or contributory organization founded by a higher territorial unit, b) budgetary organization or contributory organization founded by a municipality, c) non-profit organization providing generally beneficial services, d) commercial company, e) civic association, f) non-investment fund, g) foundation, h) association of legal persons with a special interest.",fpu_slovakia,['Grant/Funding'],['Visual Arts'],round2_random,
kunsten_be_flanders_2fa2a89c4a72,kunsten_be_flanders_2fa2a89c4a72_0,0,"The open call is open to anyone who considers themselves a young/starting artist, regardless of age.",kunsten_be_flanders,['Workshop/Training'],"['Dance', 'Music', 'Digital/New Media Arts', 'Visual Arts']",round2_random,
kunsten_be_flanders_2fa2a89c4a72,kunsten_be_flanders_2fa2a89c4a72_1,1,"Prior knowledge or experience with digital media isn’t necessary, but of course welcome!",kunsten_be_flanders,['Workshop/Training'],"['Dance', 'Music', 'Digital/New Media Arts', 'Visual Arts']",round2_random,
kunsten_be_flanders_2fa2a89c4a72,kunsten_be_flanders_2fa2a89c4a72_2,2,We can host a maximum of 12 participants.,kunsten_be_flanders,['Workshop/Training'],"['Dance', 'Music', 'Digital/New Media Arts', 'Visual Arts']",round2_random,
kunsten_be_flanders_2fa2a89c4a72,kunsten_be_flanders_2fa2a89c4a72_3,3,If the number of applications exceeds this amount we will make a selection.,kunsten_be_flanders,['Workshop/Training'],"['Dance', 'Music', 'Digital/New Media Arts', 'Visual Arts']",round2_random,
fpu_slovakia_792b87f4611b,fpu_slovakia_792b87f4611b_0,0,Applicant demonstrably active and carrying out activities in the field of literature.,fpu_slovakia,['Grant/Funding'],['Literature/Writing'],round2_random,
fpu_slovakia_792b87f4611b,fpu_slovakia_792b87f4611b_1,1,Support is intended exclusively for entities possessing authorization to perform the activities they plan to carry out within the project (publishing activity).,fpu_slovakia,['Grant/Funding'],['Literature/Writing'],round2_random,
fpu_slovakia_792b87f4611b,fpu_slovakia_792b87f4611b_2,2,"The applicant must have one of the following legal forms: a) natural person – sole trader, b) non-profit organization providing generally beneficial services, c) civic association, d) foundation, e) commercial company",fpu_slovakia,['Grant/Funding'],['Literature/Writing'],round2_random,
kulturdirektoratet_norway_25c45f0fbcb7,kulturdirektoratet_norway_25c45f0fbcb7_0,0,The scheme is aimed at smaller publishers of new Norwegian fiction.,kulturdirektoratet_norway,['Grant/Funding'],['Literature/Writing'],round2_random,
kulturdirektoratet_norway_25c45f0fbcb7,kulturdirektoratet_norway_25c45f0fbcb7_1,1,The publisher must have a Norwegian organisation number.,kulturdirektoratet_norway,['Grant/Funding'],['Literature/Writing'],round2_random,
kulturdirektoratet_norway_25c45f0fbcb7,kulturdirektoratet_norway_25c45f0fbcb7_2,2,You may submit up to three titles per application deadline.,kulturdirektoratet_norway,['Grant/Funding'],['Literature/Writing'],round2_random,
kulturdirektoratet_norway_25c45f0fbcb7,kulturdirektoratet_norway_25c45f0fbcb7_3,3,It is not possible to submit books to both the automatic and the selective acquisition scheme for new Norwegian fiction for the same target group within the same year of publication.,kulturdirektoratet_norway,['Grant/Funding'],['Literature/Writing'],round2_random,
kulturdirektoratet_norway_25c45f0fbcb7,kulturdirektoratet_norway_25c45f0fbcb7_4,4,"For books translated from Sámi and national minority languages (Kven, Romani and Romanes) into Norwegian, the submission quota of up to three titles per application deadline does not apply.",kulturdirektoratet_norway,['Grant/Funding'],['Literature/Writing'],round2_random,
kulturdirektoratet_norway_25c45f0fbcb7,kulturdirektoratet_norway_25c45f0fbcb7_5,5,"It is important that you, as the publisher, have entered into an agreement with the author and any other rights holders (such as illustrators and translators) before applying.",kulturdirektoratet_norway,['Grant/Funding'],['Literature/Writing'],round2_random,
kulturdirektoratet_norway_25c45f0fbcb7,kulturdirektoratet_norway_25c45f0fbcb7_6,6,We assume that you will publish the book regardless of whether the Arts Council decides to acquire it or not.,kulturdirektoratet_norway,['Grant/Funding'],['Literature/Writing'],round2_random,
kulturdirektoratet_norway_25c45f0fbcb7,kulturdirektoratet_norway_25c45f0fbcb7_7,7,The one-book rule – only one book a year per author Remember that an author will normally only be able to have one book for adults and one book for children and young people submitted to the fiction acquisition schemes each calendar year.,kulturdirektoratet_norway,['Grant/Funding'],['Literature/Writing'],round2_random,
kulturdirektoratet_norway_25c45f0fbcb7,kulturdirektoratet_norway_25c45f0fbcb7_8,8,This is called the “one-book rule”.,kulturdirektoratet_norway,['Grant/Funding'],['Literature/Writing'],round2_random,
kulturdirektoratet_norway_25c45f0fbcb7,kulturdirektoratet_norway_25c45f0fbcb7_9,9,The one-book rule applies to this scheme and the automatic acquisition scheme for fiction for children and young people taken together.,kulturdirektoratet_norway,['Grant/Funding'],['Literature/Writing'],round2_random,
kulturdirektoratet_norway_25c45f0fbcb7,kulturdirektoratet_norway_25c45f0fbcb7_10,10,This means that the author may not have more than one book submitted to the acquisition schemes for fiction for children and young people in the same year.,kulturdirektoratet_norway,['Grant/Funding'],['Literature/Writing'],round2_random,
kulturdirektoratet_norway_25c45f0fbcb7,kulturdirektoratet_norway_25c45f0fbcb7_11,11,You may apply for an exemption from the one-book rule on behalf of the author.,kulturdirektoratet_norway,['Grant/Funding'],['Literature/Writing'],round2_random,
kulturdirektoratet_norway_25c45f0fbcb7,kulturdirektoratet_norway_25c45f0fbcb7_12,12,You must do this before the first book is published.,kulturdirektoratet_norway,['Grant/Funding'],['Literature/Writing'],round2_random,
kulturdirektoratet_norway_25c45f0fbcb7,kulturdirektoratet_norway_25c45f0fbcb7_13,13,The application must be justified.,kulturdirektoratet_norway,['Grant/Funding'],['Literature/Writing'],round2_random,
matadero_madrid_68fd1c2a018a,matadero_madrid_68fd1c2a018a_0,0,"Esta convocatoria consta de una única modalidad dirigida a bandas o artistas solistas dentro del género del pop-rock, si bien estos estilos se podrán relacionar con otros géneros como el punk, el garage, la electrónica, el folk o el hip-hop, entre otros.",matadero_madrid,['Residency'],['Music'],round2_random,
matadero_madrid_68fd1c2a018a,matadero_madrid_68fd1c2a018a_1,1,"Podrán presentarse a la Convocatoria, conjuntamente, personas físicas o agrupadas, sin exigirse la formalización de relación jurídica alguna entre ellas.",matadero_madrid,['Residency'],['Music'],round2_random,
matadero_madrid_68fd1c2a018a,matadero_madrid_68fd1c2a018a_2,2,"En caso de pluralidad de personas físicas presentadas conjuntamente, se deberá señalar un representante al que el resto de los integrantes del colectivo deberán ceder los derechos de representación y con el que se entenderán todas las relaciones obligaciones, todo ello sin perjuicio de las relaciones internas entre ellos para el cumplimiento de los compromisos de la presente convocatoria.",matadero_madrid,['Residency'],['Music'],round2_random,
matadero_madrid_68fd1c2a018a,matadero_madrid_68fd1c2a018a_3,3,"En todo caso, los miembros del colectivo responderán solidariamente.",matadero_madrid,['Residency'],['Music'],round2_random,
matadero_madrid_68fd1c2a018a,matadero_madrid_68fd1c2a018a_4,4,Solo podrán presentarse aquellas personas que tengan su residencia en la Comunidad de Madrid.,matadero_madrid,['Residency'],['Music'],round2_random,
matadero_madrid_68fd1c2a018a,matadero_madrid_68fd1c2a018a_5,5,"Los artistas o bandas no deben tener ningún contrato discográfico, ni editorial ni de management en el momento de concurrir a esta convocatoria.",matadero_madrid,['Residency'],['Music'],round2_random,
matadero_madrid_68fd1c2a018a,matadero_madrid_68fd1c2a018a_6,6,"Podrán presentarse a la presente convocatoria mayores de edad, con capacidad de obrar y residencia legal en España, y que no incurra en ninguna de las prohibiciones de contratar establecidas en el artículo 71 de la Ley de Contratos del Sector Público.",matadero_madrid,['Residency'],['Music'],round2_random,
matadero_madrid_68fd1c2a018a,matadero_madrid_68fd1c2a018a_7,7,Los proyectos presentados deberán contener al menos un setenta por ciento (70%) de repertorio propio.,matadero_madrid,['Residency'],['Music'],round2_random,
arts_council_wales_d3407bbb0781,arts_council_wales_d3407bbb0781_0,0,Individual artists and creative professionals working in the arts can apply.,arts_council_wales,['Grant/Funding'],"['Visual Arts', 'Theatre', 'Dance', 'Music', 'Circus/Street Arts', 'Multidisciplinary']",round2_random,
arts_council_wales_d3407bbb0781,arts_council_wales_d3407bbb0781_1,1,Take a look at our eligibility criteria for individuals to see if you are eligible.,arts_council_wales,['Grant/Funding'],"['Visual Arts', 'Theatre', 'Dance', 'Music', 'Circus/Street Arts', 'Multidisciplinary']",round2_random,
arts_council_wales_d3407bbb0781,arts_council_wales_d3407bbb0781_2,2,"Those eligible to apply include but are not limited to: Visual or applied artists and curators Theatre practitioners including directors, producers etc Dancers and dance professionals including choreographers and movement directors Musicians, composers and music creators Circus performers and practitioners Multidisciplinary artists Community arts practitioners Examples of creative practitioners we can’t support include: Commercial professionals. e.g. designers or retail-focussed makers, musicians making commercial music Filmmakers (please see Ffilm Cymru) Literary writers (please see Literature Wales) Please note - The aim of this fund is to support the development of your creative practice and not commercial activities / ventures.",arts_council_wales,['Grant/Funding'],"['Visual Arts', 'Theatre', 'Dance', 'Music', 'Circus/Street Arts', 'Multidisciplinary']",round2_random,
arts_council_wales_d3407bbb0781,arts_council_wales_d3407bbb0781_3,3,You must have a track record as an artist or creative professional in one of the areas we support .,arts_council_wales,['Grant/Funding'],"['Visual Arts', 'Theatre', 'Dance', 'Music', 'Circus/Street Arts', 'Multidisciplinary']",round2_random,
arts_council_wales_d3407bbb0781,arts_council_wales_d3407bbb0781_4,4,"You may have had breaks, and your creative practice does not have to be your main source of income, but you must have demonstrable artistic or creative experience.",arts_council_wales,['Grant/Funding'],"['Visual Arts', 'Theatre', 'Dance', 'Music', 'Circus/Street Arts', 'Multidisciplinary']",round2_random,
fpu_slovakia_5025c9a92d29,fpu_slovakia_5025c9a92d29_0,0,Eligible applicants: Eligible applicants are entities possessing authorization to carry out the activity they plan to implement within the project – publishing houses that have experience with the entire process and distribution channels.,fpu_slovakia,['Grant/Funding'],['Literature/Writing'],round2_random,
fpu_slovakia_5025c9a92d29,fpu_slovakia_5025c9a92d29_1,1,"The applicant must have one of the following legal forms: a) natural person – sole trader, b) non-profit organization providing generally beneficial services, c) commercial company, d) civic association, e) non-investment fund, f) foundation, g) association of legal persons.",fpu_slovakia,['Grant/Funding'],['Literature/Writing'],round2_random,
fpu_slovakia_5025c9a92d29,fpu_slovakia_5025c9a92d29_2,2,"Within the subprogram, a maximum of one application for financial support may be submitted, in which the applicant lists the publishing plan with all titles for which support is requested.",fpu_slovakia,['Grant/Funding'],['Literature/Writing'],round2_random,
fpu_slovakia_5025c9a92d29,fpu_slovakia_5025c9a92d29_3,3,"If the applicant submits more than one application, the fund will consider only the first delivered application as complete, respectively the application with the lower serial number, and the others will be excluded.",fpu_slovakia,['Grant/Funding'],['Literature/Writing'],round2_random,
fpu_slovakia_5025c9a92d29,fpu_slovakia_5025c9a92d29_4,4,"Only an applicant who has completed the implementation of their project by the deadline of the call for applications may submit a request for support, if it was supported in the previous year of the FPU support activity.",fpu_slovakia,['Grant/Funding'],['Literature/Writing'],round2_random,
fpu_slovakia_5025c9a92d29,fpu_slovakia_5025c9a92d29_5,5,A project is considered completed if the beneficiary submitted to the FPU the substantive evaluation after the expiration of the entire period for which the support was granted.,fpu_slovakia,['Grant/Funding'],['Literature/Writing'],round2_random,
kunsten_be_flanders_d62c210c4b06,kunsten_be_flanders_d62c210c4b06_0,0,"The aim here is to highlight small ensembles of the new generation, capable of bringing the competition’s three objectives—artistic, scientific, and rhetorical—into dialogue with brilliance and originality.",kunsten_be_flanders,['Competition/Prize'],['Music'],round2_random,
kunsten_be_flanders_a5a634ac992c,kunsten_be_flanders_a5a634ac992c_0,0,"Conditions for participation being over the age of majority (18+) being a Belgian artist photographer and/or artists photographers residing in Belgium should demonstrate at least ONE of these two possibilities: – have a track record of professional practice as an artist (exhibitions, publications) – have an art school degree This call is open ONLY for original and unpublished projects / The works must be conceived, created, and produced specifically for this commission and presented for the first time at Hangar.",kunsten_be_flanders,['Open Call'],['Photography'],round2_random,
fpu_slovakia_1a34b05e609f,fpu_slovakia_1a34b05e609f_0,0,The applicant is obliged to first submit the application electronically through the FPU registration system.,fpu_slovakia,"['Grant/Funding', 'Open Call']","['Theatre', 'Dance', 'Music', 'Visual Arts', 'Literature/Writing', 'Cultural Heritage', 'Other/Non-Arts']",round2_random,
fpu_slovakia_1a34b05e609f,fpu_slovakia_1a34b05e609f_1,1,"On the last day of the call, the registration system is open until 15:00 Central European Time (CET).",fpu_slovakia,"['Grant/Funding', 'Open Call']","['Theatre', 'Dance', 'Music', 'Visual Arts', 'Literature/Writing', 'Cultural Heritage', 'Other/Non-Arts']",round2_random,
fpu_slovakia_1a34b05e609f,fpu_slovakia_1a34b05e609f_2,2,ATTENTION!,fpu_slovakia,"['Grant/Funding', 'Open Call']","['Theatre', 'Dance', 'Music', 'Visual Arts', 'Literature/Writing', 'Cultural Heritage', 'Other/Non-Arts']",round2_random,
fpu_slovakia_1a34b05e609f,fpu_slovakia_1a34b05e609f_3,3,The application is submitted only electronically via the FPU registration system.,fpu_slovakia,"['Grant/Funding', 'Open Call']","['Theatre', 'Dance', 'Music', 'Visual Arts', 'Literature/Writing', 'Cultural Heritage', 'Other/Non-Arts']",round2_random,
fpu_slovakia_1a34b05e609f,fpu_slovakia_1a34b05e609f_4,4,"After electronic submission of the application, the applicant is obliged to print and sign the Confirmation of submission of the application for the provision of a grant/scholarship.",fpu_slovakia,"['Grant/Funding', 'Open Call']","['Theatre', 'Dance', 'Music', 'Visual Arts', 'Literature/Writing', 'Cultural Heritage', 'Other/Non-Arts']",round2_random,
fpu_slovakia_1a34b05e609f,fpu_slovakia_1a34b05e609f_5,5,The Confirmation must be delivered to the FPU office no later than the deadline for submitting applications (see table) in one of the following three ways:,fpu_slovakia,"['Grant/Funding', 'Open Call']","['Theatre', 'Dance', 'Music', 'Visual Arts', 'Literature/Writing', 'Cultural Heritage', 'Other/Non-Arts']",round2_random,
fpu_slovakia_1a34b05e609f,fpu_slovakia_1a34b05e609f_6,6,In person by delivery to the registry office of the FPU office on Monday and Wednesday from 13:00 to 15:00.,fpu_slovakia,"['Grant/Funding', 'Open Call']","['Theatre', 'Dance', 'Music', 'Visual Arts', 'Literature/Writing', 'Cultural Heritage', 'Other/Non-Arts']",round2_random,
fpu_slovakia_1a34b05e609f,fpu_slovakia_1a34b05e609f_7,7,In electronic form (electronically signed by the statutory representative) via the Central Public Administration Portal according to the Instructions for submission to the electronic FPU application.,fpu_slovakia,"['Grant/Funding', 'Open Call']","['Theatre', 'Dance', 'Music', 'Visual Arts', 'Literature/Writing', 'Cultural Heritage', 'Other/Non-Arts']",round2_random,
fpu_slovakia_1a34b05e609f,fpu_slovakia_1a34b05e609f_8,8,In printed form (signed by the statutory representative) by registered mail or courier to the FPU address (the date stated on the postal stamp is decisive): Fund for the Support of the Arts Cukrová 14 811 08 Bratislava,fpu_slovakia,"['Grant/Funding', 'Open Call']","['Theatre', 'Dance', 'Music', 'Visual Arts', 'Literature/Writing', 'Cultural Heritage', 'Other/Non-Arts']",round2_random,
u_jazdowski_warsaw_12d96c6e05cf,u_jazdowski_warsaw_12d96c6e05cf_0,0,"This open call is dedicated to all Ukrainian artists who crossed the Ukrainian border after February 24 , 2022 , because of the war .",u_jazdowski_warsaw,['Residency'],['Multidisciplinary'],round2_random,
u_jazdowski_warsaw_12d96c6e05cf,u_jazdowski_warsaw_12d96c6e05cf_1,1,In the title of the e - mail please indicate to which institution you are applying : Ujazdowski Castle Centre for Contemporary Art or Zachęta – National Gallery of Art Please send your submission in English or Ukrainian language to : emergency . residency@kultura . gov . pl,u_jazdowski_warsaw,['Residency'],['Multidisciplinary'],round2_random,
rijksakademie_355e23d52adb,rijksakademie_355e23d52adb_0,0,"The Rijksakademie is a two-year residency programme that annually offers 50 artists space for research, experiment and for the production of new work.",rijksakademie,['Residency'],['Visual Arts'],round2_random,
villa_arson_42e994c13603,villa_arson_42e994c13603_0,0,"Auditions are open to young artists and apprentice artists aged 14 to 21: dancers, actors, musicians, circus artists, singers.",villa_arson,['Open Call'],"['Performing Arts', 'Circus/Street Arts', 'Music']",round2_random,
kulturdirektoratet_norway_c43308778cc6,kulturdirektoratet_norway_c43308778cc6_0,0,"The scheme is aimed at independent editorial units, publishers and organizers, as well as critics and other relevant actors and initiatives.",kulturdirektoratet_norway,['Grant/Funding'],['Curating/Art Criticism'],round2_random,
kulturdirektoratet_norway_c43308778cc6,kulturdirektoratet_norway_c43308778cc6_1,1,"Private individuals, private and public institutions, organizations and other enterprises may apply.",kulturdirektoratet_norway,['Grant/Funding'],['Curating/Art Criticism'],round2_random,
kulturdirektoratet_norway_c43308778cc6,kulturdirektoratet_norway_c43308778cc6_2,2,"To apply for operating grants, you must be an enterprise with its own organization number, or a permanent activity with its own name and budget, which is part of a larger enterprise.",kulturdirektoratet_norway,['Grant/Funding'],['Curating/Art Criticism'],round2_random,
kulturdirektoratet_norway_c43308778cc6,kulturdirektoratet_norway_c43308778cc6_3,3,You can also apply for project grants as an individual.,kulturdirektoratet_norway,['Grant/Funding'],['Curating/Art Criticism'],round2_random,
culture_gouv_fr_1pct_3466233e56ff,culture_gouv_fr_1pct_3466233e56ff_0,0,"An artistic approach compatible with the educational, social and organizational missions of the UJPE of Liancourt, articulated with a ritualized timeframe and the development of an individualized integration project.",culture_gouv_fr_1pct,['Commission'],['Visual Arts'],round2_random,
kunsten_be_flanders_022c12b266e3,kunsten_be_flanders_022c12b266e3_0,0,"THIS CALL FOR PARTICIPATION IS OPEN TO ANY ARTIST, ASSOCIATION, OR COLLECTIVE OF INTERNATIONAL ARTISTS WITHOUT AGE LIMIT.",kunsten_be_flanders,['Open Call'],['Music'],round2_random,
kunsten_be_flanders_022c12b266e3,kunsten_be_flanders_022c12b266e3_1,1,A PARTICIPATION HONORARIUM OF €185 (EX.VAT) IS PROVIDED PER PARTICIPATING ARTIST AS PART OF THIS PROJECT.,kunsten_be_flanders,['Open Call'],['Music'],round2_random,
kunsten_be_flanders_022c12b266e3,kunsten_be_flanders_022c12b266e3_2,2,CANDIDATES CAN APPLY BY FILLING IN THIS GOOGLE FORM .,kunsten_be_flanders,['Open Call'],['Music'],round2_random,
kunsten_be_flanders_022c12b266e3,kunsten_be_flanders_022c12b266e3_3,3,"IMPORTANT NOTE: IN ORDER TO BEABLE TO MAKE THE PAYMENT OF THE FEE WHEN SELECTED, ARTISTS MUSTBEABLE TO INVOICE (EITHER THROUGH THEIR OWN STRUCTURE ORATHIRD PARTY).",kunsten_be_flanders,['Open Call'],['Music'],round2_random,
wiels_brussels_fcbabea29454,wiels_brussels_fcbabea29454_0,0,This call is intended for Belgian artists or artists residing in Belgium who have completed their studies and have been actively contributing to the Belgian art scene for at least three years.,wiels_brussels,['Residency'],['Multidisciplinary'],round2_random,
kunsten_be_flanders_edb8c38ba1df,kunsten_be_flanders_edb8c38ba1df_0,0,"dedicated to young, Europe-based artists who use moving images in their artistic practice.",kunsten_be_flanders,"['Residency', 'Grant/Funding', 'Other']",['Film/Video'],round2_random,
kunsten_be_flanders_edb8c38ba1df,kunsten_be_flanders_edb8c38ba1df_1,1,The 8 participants will be young European-based artists who work with moving images; they will be selected through an open call promoted in collaboration with some of Europe’s leading art academies and artist residencies.,kunsten_be_flanders,"['Residency', 'Grant/Funding', 'Other']",['Film/Video'],round2_random,
vkkf_konkursu_grafiks_88d078cb9901,vkkf_konkursu_grafiks_88d078cb9901_0,0,For citizens of Ukraine,vkkf_konkursu_grafiks,['Grant/Funding'],"['Literature/Writing', 'Music', 'Performing Arts', 'Film/Video', 'Visual Arts', 'Cultural Heritage', 'Design/Architecture', 'Multidisciplinary']",round2_random,
kunst_dk_denmark_6dba7d4003de,kunst_dk_denmark_6dba7d4003de_0,0,Your application must obviously meet the general requirements for the funding programme that your application is directed to.,kunst_dk_denmark,['Grant/Funding'],['Multidisciplinary'],round2_random,
kunst_dk_denmark_6dba7d4003de,kunst_dk_denmark_6dba7d4003de_1,1,"However, beside these requirements, there are some additional guidelines for how to apply, when your work combines different art forms.",kunst_dk_denmark,['Grant/Funding'],['Multidisciplinary'],round2_random,
kunst_dk_denmark_6dba7d4003de,kunst_dk_denmark_6dba7d4003de_2,2,When you apply for project funding,kunst_dk_denmark,['Grant/Funding'],['Multidisciplinary'],round2_random,
kunst_dk_denmark_6dba7d4003de,kunst_dk_denmark_6dba7d4003de_3,3,"If your application primarily concerns one specific art form and only to a lesser extent includes others, you should only submit one application.",kunst_dk_denmark,['Grant/Funding'],['Multidisciplinary'],round2_random,
kunst_dk_denmark_6dba7d4003de,kunst_dk_denmark_6dba7d4003de_4,4,"In this case, submit your application to the funding program you find most relevant.",kunst_dk_denmark,['Grant/Funding'],['Multidisciplinary'],round2_random,
kunst_dk_denmark_6dba7d4003de,kunst_dk_denmark_6dba7d4003de_5,5,"If your project combines two or more different art forms on equal terms, you may split up your project into separate subprojects and submit separate applications for each subproject to different funding programmes.",kunst_dk_denmark,['Grant/Funding'],['Multidisciplinary'],round2_random,
kunst_dk_denmark_6dba7d4003de,kunst_dk_denmark_6dba7d4003de_6,6,"When you break down your project into several applications, it is important that you also split up your budget, since you are not able to get the same expenses covered by more than one funding programme.",kunst_dk_denmark,['Grant/Funding'],['Multidisciplinary'],round2_random,
kunst_dk_denmark_6dba7d4003de,kunst_dk_denmark_6dba7d4003de_7,7,"Additionally, you must remember to state clearly that you have applied for funding from other programmes within the Danish Arts Foundation, with applications relating to other parts of your projects.",kunst_dk_denmark,['Grant/Funding'],['Multidisciplinary'],round2_random,
kunst_dk_denmark_6dba7d4003de,kunst_dk_denmark_6dba7d4003de_8,8,"If you find it difficult to split up your project, you have to decide on a programme that you submit one application to, which covers the entire project.",kunst_dk_denmark,['Grant/Funding'],['Multidisciplinary'],round2_random,
mondriaan_fund_bccb4029c0d9,mondriaan_fund_bccb4029c0d9_0,0,Artist Start grants are for visual artists who have been working professionally for at least 1 and no more than 4 years.,mondriaan_fund,['Grant/Funding'],['Visual Arts'],round2_random,
mondriaan_fund_bccb4029c0d9,mondriaan_fund_bccb4029c0d9_1,1,"In order to be eligible for a contribution, you must be artistically active in the visual arts and in that capacity embedded in the professional visual arts practice in the Netherlands and/or the Caribbean part of the Kingdom",mondriaan_fund,['Grant/Funding'],['Visual Arts'],round2_random,
mondriaan_fund_bccb4029c0d9,mondriaan_fund_bccb4029c0d9_2,2,"Applications may only be submitted by artists who have been active as a professional visual artist for at least 1 year and no more than 4 years: If you have completed a Bachelor’s degree programme (HBO) with a visual arts curriculum, the date on your diploma will be considered the start of your professional practice.",mondriaan_fund,['Grant/Funding'],['Visual Arts'],round2_random,
mondriaan_fund_bccb4029c0d9,mondriaan_fund_bccb4029c0d9_3,3,"If there is an interim period between your graduation from the Bachelor’s programme with a visual arts curriculum and the start of your Master’s programme, this period will be considered as part of your professional practice.",mondriaan_fund,['Grant/Funding'],['Visual Arts'],round2_random,
mondriaan_fund_bccb4029c0d9,mondriaan_fund_bccb4029c0d9_4,4,"If you have not completed a Bachelor’s degree programme (HBO) with a visual arts curriculum, the date on which you first presented work in professional art circles will be considered the start of your professional practice.",mondriaan_fund,['Grant/Funding'],['Visual Arts'],round2_random,
mondriaan_fund_bccb4029c0d9,mondriaan_fund_bccb4029c0d9_5,5,A period during which the applicant is enrolled for a Master’s degree programme does not count towards the duration of the professional practice.,mondriaan_fund,['Grant/Funding'],['Visual Arts'],round2_random,
mondriaan_fund_bccb4029c0d9,mondriaan_fund_bccb4029c0d9_6,6,"A period of enrolment in postdoctoral programmes and programmes at postgraduate institutions, such as the Rijksakademie, de Ateliers, the Jan van Eyck Academie, BAK or EKWC, will be counted as part of the duration of the professional practice.",mondriaan_fund,['Grant/Funding'],['Visual Arts'],round2_random,
mondriaan_fund_bccb4029c0d9,mondriaan_fund_bccb4029c0d9_7,7,You cannot apply for or use a contribution while enrolled to study at educational institutions for e.g.,mondriaan_fund,['Grant/Funding'],['Visual Arts'],round2_random,
mondriaan_fund_bccb4029c0d9,mondriaan_fund_bccb4029c0d9_8,8,"Bachelor’s, Master’s or postdoctoral programmes.",mondriaan_fund,['Grant/Funding'],['Visual Arts'],round2_random,
mondriaan_fund_bccb4029c0d9,mondriaan_fund_bccb4029c0d9_9,9,This also applies to participation in programmes at postgraduate institutions and to PhD programmes.,mondriaan_fund,['Grant/Funding'],['Visual Arts'],round2_random,
mondriaan_fund_bccb4029c0d9,mondriaan_fund_bccb4029c0d9_10,10,The exception is part-time programmes (not Bachelor’s programmes) of less than 20 hours a week.,mondriaan_fund,['Grant/Funding'],['Visual Arts'],round2_random,
mondriaan_fund_bccb4029c0d9,mondriaan_fund_bccb4029c0d9_11,11,Previous applications: Only one Artist Start grant is awarded to any artists.,mondriaan_fund,['Grant/Funding'],['Visual Arts'],round2_random,
mondriaan_fund_bccb4029c0d9,mondriaan_fund_bccb4029c0d9_12,12,An artist who was previously rejected on the grounds of the criterium ‘quality and development of the oeuvre’ is not permitted to submit a new application for Artist Start within a period of 12 months after the initial application date.,mondriaan_fund,['Grant/Funding'],['Visual Arts'],round2_random,
mondriaan_fund_bccb4029c0d9,mondriaan_fund_bccb4029c0d9_13,13,An Artist Start grant may not be applied for during the term of any other financial support from the Mondriaan Fund if the board believes that the contribution could cover the same costs.,mondriaan_fund,['Grant/Funding'],['Visual Arts'],round2_random,
mondriaan_fund_bccb4029c0d9,mondriaan_fund_bccb4029c0d9_14,14,"For the Artist Start grant, the applicant’s total taxable income in the period for which the application is submitted must not be higher than € 55,000.",mondriaan_fund,['Grant/Funding'],['Visual Arts'],round2_random,
kunsten_be_flanders_f8fe9857ed58,kunsten_be_flanders_f8fe9857ed58_0,0,The program is designed for emerging curators and curators-to-be still involved in their studies who expect to work in the field of contemporary art.,kunsten_be_flanders,['Residency'],['Visual Arts'],round2_random,
rannis_iceland_af8426814170,rannis_iceland_af8426814170_0,0,"Target group Designers, Visual artists, Authors, Performers, Musicians, Composers and Film Authors.",rannis_iceland,['Grant/Funding'],"['Visual Arts', 'Literature/Writing', 'Performing Arts', 'Music', 'Film/Video']",round2_random,
kunsten_be_flanders_8a344b3ec711,kunsten_be_flanders_8a344b3ec711_0,0,Are you eligible for this extra financial support?,kunsten_be_flanders,['Open Call'],['Music'],round2_random,
kunsten_be_flanders_8a344b3ec711,kunsten_be_flanders_8a344b3ec711_1,1,"If so, please contact Ward Bosmans after you registered.",kunsten_be_flanders,['Open Call'],['Music'],round2_random,
fpu_slovakia_f9777ed7efc1,fpu_slovakia_f9777ed7efc1_0,0,Eligible applicants are entities that deal with the creation and staging of theatrical works.,fpu_slovakia,['Grant/Funding'],['Theatre'],round2_random,
fpu_slovakia_f9777ed7efc1,fpu_slovakia_f9777ed7efc1_1,1,Organizations that systematically work on the upbringing and cultural education of children and youth.,fpu_slovakia,['Grant/Funding'],['Theatre'],round2_random,
fpu_slovakia_f9777ed7efc1,fpu_slovakia_f9777ed7efc1_2,2,"The applicant must have one of the following legal forms: a) budgetary or contributory organization established by a higher territorial unit, b) budgetary or contributory organization established by a municipality, c) non-profit organization, d) civic association, e) legal person, f) primary school and secondary school, elementary art school, conservatory",fpu_slovakia,['Grant/Funding'],['Theatre'],round2_random,
vkkf_konkursu_grafiks_1ada5719af7f,vkkf_konkursu_grafiks_1ada5719af7f_0,0,"The objectives, tasks, applicant pool, and other issues related to the conduct of the program competition are set out in the regulations of each program competition.",vkkf_konkursu_grafiks,['Other'],['Design/Architecture'],round2_random,
cite_internationale_des_arts_faaa6d16811c,cite_internationale_des_arts_faaa6d16811c_0,0,Visual artists who … were born in Hesse or have lived in Hesse (primary residence) since no later than 1 January 2025 or have completed a degree at an art academy or a comparable course of study/training in Hesse can apply.,cite_internationale_des_arts,"['Grant/Funding', 'Residency']",['Visual Arts'],round2_random,
cite_internationale_des_arts_faaa6d16811c,cite_internationale_des_arts_faaa6d16811c_1,1,There is no age limit.,cite_internationale_des_arts,"['Grant/Funding', 'Residency']",['Visual Arts'],round2_random,
cite_internationale_des_arts_faaa6d16811c,cite_internationale_des_arts_faaa6d16811c_2,2,Artist duos may submit a joint application.,cite_internationale_des_arts,"['Grant/Funding', 'Residency']",['Visual Arts'],round2_random,
cite_internationale_des_arts_faaa6d16811c,cite_internationale_des_arts_faaa6d16811c_3,3,"Applications are not accepted from persons who … have been awarded a Hessische Kulturstiftung travel or residency grant in the past (does not apply to State of Hesse work, project, or gap grants) are still in the process of pursuing a degree vocational training programme at the time of the application are related to one of the jury members, are employed by the Hessische Kulturstiftung, or are related to a Hessische Kulturstiftung employee.",cite_internationale_des_arts,"['Grant/Funding', 'Residency']",['Visual Arts'],round2_random,
kunst_dk_denmark_64e7cbaea368,kunst_dk_denmark_64e7cbaea368_0,0,"The Committee for Craft and Design Project Funding funds artists, designers, curators, authors, promoters, museums, galleries and others with an interest in developing and promoting craft and design in Denmark and Danish craft and design abroad in the form of projects.",kunst_dk_denmark,['Grant/Funding'],"['Craft', 'Design/Architecture']",round2_random,
kunst_dk_denmark_64e7cbaea368,kunst_dk_denmark_64e7cbaea368_1,1,"You can read more about how the committee defines a project under the ""What is the purpose of the programme"" section of this page.",kunst_dk_denmark,['Grant/Funding'],"['Craft', 'Design/Architecture']",round2_random,
kunst_dk_denmark_64e7cbaea368,kunst_dk_denmark_64e7cbaea368_2,2,Examples of projects that the committee may fund include: Exhibitions and dissemination projects as well as exhibition series and annual programmes that involve works by contemporary artists and designers in Denmark and/or abroad.,kunst_dk_denmark,['Grant/Funding'],"['Craft', 'Design/Architecture']",round2_random,
kunst_dk_denmark_64e7cbaea368,kunst_dk_denmark_64e7cbaea368_3,3,"Residencies and exchange/work stays Production of works Projects that show aesthetic potential and a thorough understanding of a craft, materials and sensuousness Projects that are centered on concrete design solutions to specific problems or projects that are more immaterial or critical in nature.",kunst_dk_denmark,['Grant/Funding'],"['Craft', 'Design/Architecture']",round2_random,
kunst_dk_denmark_64e7cbaea368,kunst_dk_denmark_64e7cbaea368_4,4,"Presentations and all types of dissemination (verbal, written, visual, digital and printed) of the works of contemporary Danish artists and designers to a relevant audience, this includes travel funding and residencies in connection with specific exhibitions and tasks Funding for establishing a business and international cooperation on the production of new types of Danish craft and design products that contribute to demonstrating the special identity and profile of the craft or design Editorial content production for different media: reviews, articles, dissemination of academic research projects etc.",kunst_dk_denmark,['Grant/Funding'],"['Craft', 'Design/Architecture']",round2_random,
kunst_dk_denmark_64e7cbaea368,kunst_dk_denmark_64e7cbaea368_5,5,Find out more about how to apply if your project combines different art forms.,kunst_dk_denmark,['Grant/Funding'],"['Craft', 'Design/Architecture']",round2_random,
kunst_dk_denmark_64e7cbaea368,kunst_dk_denmark_64e7cbaea368_6,6,You cannot receive funding for: Activities completed before the application deadline Courses of study/training courses Projects that the committee have previously supported Capital investments and operating expenses Expenses from previous calendar years.,kunst_dk_denmark,['Grant/Funding'],"['Craft', 'Design/Architecture']",round2_random,
kunst_dk_denmark_64e7cbaea368,kunst_dk_denmark_64e7cbaea368_7,7,"That is, only expenses from either the same or upcoming calendar year can be entered into the budget",kunst_dk_denmark,['Grant/Funding'],"['Craft', 'Design/Architecture']",round2_random,
fpu_slovakia_7d1dec061d0c,fpu_slovakia_7d1dec061d0c_0,0,"Support is intended for theatre collectives defined in the description of programme 1.1, which are established on the Slovak art scene and active on it.",fpu_slovakia,['Grant/Funding'],['Theatre'],round2_random,
fpu_slovakia_7d1dec061d0c,fpu_slovakia_7d1dec061d0c_1,1,Support in this subprogramme is intended exclusively for: the creation and staging of a stage work that will be publicly presented in the 2026/2027 season; a condition for the granting of support is also repeated performances in the following 2027/2028 season.,fpu_slovakia,['Grant/Funding'],['Theatre'],round2_random,
fpu_slovakia_7d1dec061d0c,fpu_slovakia_7d1dec061d0c_2,2,"Support is not intended for: separate repeated performances of a stage work that has already been staged, writing a theatre work, creation without being linked to a specific stage performance of the work.",fpu_slovakia,['Grant/Funding'],['Theatre'],round2_random,
fpu_slovakia_7d1dec061d0c,fpu_slovakia_7d1dec061d0c_3,3,"The substantive output must in the future be staged as a stage work, which the applicant confirms by an acceptance letter from the institution in which the work will be realised, rehearsal of an individual performance, ordinary operating expenses of the theatre, stage works presented exclusively online.",fpu_slovakia,['Grant/Funding'],['Theatre'],round2_random,
fpu_slovakia_7d1dec061d0c,fpu_slovakia_7d1dec061d0c_4,4,"Within the subprogramme, the applicant may submit a maximum of three applications for the allocation of financial resources.",fpu_slovakia,['Grant/Funding'],['Theatre'],round2_random,
fpu_slovakia_7d1dec061d0c,fpu_slovakia_7d1dec061d0c_5,5,"In the event that the applicant submits more than three applications, the fund will consider only the first three delivered applications, or the first three applications with a lower serial number, as complete, and the others will be excluded.",fpu_slovakia,['Grant/Funding'],['Theatre'],round2_random,
fpu_slovakia_7d1dec061d0c,fpu_slovakia_7d1dec061d0c_6,6,"An application for support may be submitted only by an applicant who has, by the deadline of the call for applications, completed the implementation of their project, if they were supported in previous years of the FPU support activity.",fpu_slovakia,['Grant/Funding'],['Theatre'],round2_random,
fpu_slovakia_7d1dec061d0c,fpu_slovakia_7d1dec061d0c_7,7,A project is considered completed if the recipient submitted the substantive evaluation of the project to the fund after the expiration of the entire period for which the support was granted.,fpu_slovakia,['Grant/Funding'],['Theatre'],round2_random,
fpu_slovakia_7d1dec061d0c,fpu_slovakia_7d1dec061d0c_8,8,"If multiple entities participate in the implementation of the project, the application is submitted exclusively by the entity that initiated the work or is responsible for its implementation.",fpu_slovakia,['Grant/Funding'],['Theatre'],round2_random,
fpu_slovakia_7d1dec061d0c,fpu_slovakia_7d1dec061d0c_9,9,Only one entity may apply for support for the implementation of the identical work.,fpu_slovakia,['Grant/Funding'],['Theatre'],round2_random,
fpu_slovakia_7d1dec061d0c,fpu_slovakia_7d1dec061d0c_10,10,"In the event that more than one application is submitted for the identical work (the content is decisive, not the title), the fund will consider only the first delivered application, or the application with a lower serial number, as complete, and the others will be excluded.",fpu_slovakia,['Grant/Funding'],['Theatre'],round2_random,
fpu_slovakia_196b091d363e,fpu_slovakia_196b091d363e_0,0,Applicant demonstrably active and carrying out activities in the field of literature.,fpu_slovakia,['Grant/Funding'],"['Literature/Writing', 'Cultural Heritage', 'Craft']",round2_random,
fpu_slovakia_196b091d363e,fpu_slovakia_196b091d363e_1,1,Support is intended exclusively for entities holding authorization to carry out the activities they plan to implement within the project.,fpu_slovakia,['Grant/Funding'],"['Literature/Writing', 'Cultural Heritage', 'Craft']",round2_random,
matadero_madrid_b60daccaf965,matadero_madrid_b60daccaf965_0,0,"Esta convocatoria está dirigida a creadores de artes  visuales individuales o colectivos , que trabajen sobre cuestiones relacionadas con el  medioambiente, y  que tengan su residencia o ámbito principal de acción en la Comunidad de Madrid y/o en España, y de cuya documentación o trayectoria se acredite tal circunstancia.",matadero_madrid,['Residency'],['Visual Arts'],round2_random,
matadero_madrid_b60daccaf965,matadero_madrid_b60daccaf965_1,1,"Podrán presentarse a la Convocatoria, conjuntamente, varias personas físicas por sí mismas o agrupadas, sin exigirse la formalización de relación jurídica alguna entre ellas.",matadero_madrid,['Residency'],['Visual Arts'],round2_random,
matadero_madrid_b60daccaf965,matadero_madrid_b60daccaf965_2,2,"En caso de pluralidad de personas físicas presentadas conjuntamente, se deberá señalar un representante al que el resto de los integrantes del colectivo deberán ceder los derechos de representación y con el que se entenderán todas las relaciones obligacion ales, todo ello sin perjuicio de las relaciones internas entre ellos para el cumplimiento de los compromisos de la presente convocatoria.",matadero_madrid,['Residency'],['Visual Arts'],round2_random,
matadero_madrid_b60daccaf965,matadero_madrid_b60daccaf965_3,3,"En todo caso, los miembros del colectivo responderán solidariamente.",matadero_madrid,['Residency'],['Visual Arts'],round2_random,
matadero_madrid_b60daccaf965,matadero_madrid_b60daccaf965_4,4,"Solo podrán presentarse aquellas personas físicas, mayores de edad,  con residencia legal en España, con capacidad de obrar y que no incurran en ninguna de las prohibiciones de contratar establecidas en el artículo 71 de la Ley de Contratos del Sector Público.",matadero_madrid,['Residency'],['Visual Arts'],round2_random,
matadero_madrid_b60daccaf965,matadero_madrid_b60daccaf965_5,5,"Los residentes convivirán con otros artistas y agentes culturales locales e internacionales y con otros agentes y proyectos colaboradores del Centro de residencias artísticas de Matadero Madrid, por lo que tendrán que ser permeables a este espacio abierto de hospitalidad, convivencia, intercambio personal y profesional y cuidados; siendo habitual que el idioma de comunicación sea no solo el castellano, sino también el inglés.",matadero_madrid,['Residency'],['Visual Arts'],round2_random,
matadero_madrid_b60daccaf965,matadero_madrid_b60daccaf965_6,6,"El proyecto presentado deberá responder a la autoría del creador o creadores en caso de ser un colectivo, solicitantes a esta convocatoria.",matadero_madrid,['Residency'],['Visual Arts'],round2_random,
matadero_madrid_b60daccaf965,matadero_madrid_b60daccaf965_7,7,Se seleccionarán un total de 8 proyectos.,matadero_madrid,['Residency'],['Visual Arts'],round2_random,
matadero_madrid_b60daccaf965,matadero_madrid_b60daccaf965_8,8,"Como mínimo 4 proyectos serán de artistas residentes en la Comunidad de Madrid y hasta un máximo de 4 podrán ser artistas con residencia en el resto de España, circunstancia que se acreditará a través del certificado de empadronamiento.",matadero_madrid,['Residency'],['Visual Arts'],round2_random,
matadero_madrid_b60daccaf965,matadero_madrid_b60daccaf965_9,9,"Las residencias tendrán una duración de 3 meses, entre el 15 de septiembre y el 15 diciembre de 2025.",matadero_madrid,['Residency'],['Visual Arts'],round2_random,
deutscher_uebersetzerfonds_fdd3e8bbaa01,deutscher_uebersetzerfonds_fdd3e8bbaa01_0,0,"The application is complete if, in addition to the online application in the next step, the following documents have been uploaded together in one PDF file: 10 pages of the translation (standard pages with pagination, please do not submit more than 10 pages) Short description of the work to be translated and presentation of the translation challenge (approx.",deutscher_uebersetzerfonds,['Grant/Funding'],['Literature/Writing'],round2_random,
deutscher_uebersetzerfonds_fdd3e8bbaa01,deutscher_uebersetzerfonds_fdd3e8bbaa01_1,1,"2 pages in total) Short biography, professional career (max.",deutscher_uebersetzerfonds,['Grant/Funding'],['Literature/Writing'],round2_random,
deutscher_uebersetzerfonds_fdd3e8bbaa01,deutscher_uebersetzerfonds_fdd3e8bbaa01_2,2,"1 standard page) List of publications and, if applicable, awards (max.",deutscher_uebersetzerfonds,['Grant/Funding'],['Literature/Writing'],round2_random,
deutscher_uebersetzerfonds_fdd3e8bbaa01,deutscher_uebersetzerfonds_fdd3e8bbaa01_3,3,1 standard page) Copy of the relevant passage from the original Copy of the publishing contract (Definition of standard page: maximum 30 lines of maximum 60 characters each including spaces),deutscher_uebersetzerfonds,['Grant/Funding'],['Literature/Writing'],round2_random,
national_culture_fund_bulgaria_d14ee5d6a3ee,national_culture_fund_bulgaria_d14ee5d6a3ee_0,0,"Bulgarian cultural organizations (legal entities) with a registered office in the Republic of Bulgaria, which have the quality of a project COORDINATOR or project PARTNER, within a project won in a competition under the EU Program “Creative Europe”, sub-program “Culture”, direction “European cooperation”, and have a signed contract with the Executive Agency for Education, Audiovisual and Culture (EACEA).",national_culture_fund_bulgaria,['Grant/Funding'],['Multidisciplinary'],round2_random,
konstepidemin_df24847c1417,konstepidemin_df24847c1417_0,0,Have you applied for a studio at Konstepidemin before?,konstepidemin,['Residency'],['Multidisciplinary'],round2_random,
konstepidemin_df24847c1417,konstepidemin_df24847c1417_1,1,Yes No,konstepidemin,['Residency'],['Multidisciplinary'],round2_random,
konstepidemin_df24847c1417,konstepidemin_df24847c1417_2,2,Applicant information,konstepidemin,['Residency'],['Multidisciplinary'],round2_random,
konstepidemin_df24847c1417,konstepidemin_df24847c1417_3,3,Name,konstepidemin,['Residency'],['Multidisciplinary'],round2_random,
konstepidemin_df24847c1417,konstepidemin_df24847c1417_4,4,Born year,konstepidemin,['Residency'],['Multidisciplinary'],round2_random,
konstepidemin_df24847c1417,konstepidemin_df24847c1417_5,5,Phone Number,konstepidemin,['Residency'],['Multidisciplinary'],round2_random,
konstepidemin_df24847c1417,konstepidemin_df24847c1417_6,6,E-mail,konstepidemin,['Residency'],['Multidisciplinary'],round2_random,
konstepidemin_df24847c1417,konstepidemin_df24847c1417_7,7,County,konstepidemin,['Residency'],['Multidisciplinary'],round2_random,
konstepidemin_df24847c1417,konstepidemin_df24847c1417_8,8,Zip Code,konstepidemin,['Residency'],['Multidisciplinary'],round2_random,
konstepidemin_df24847c1417,konstepidemin_df24847c1417_9,9,Art field,konstepidemin,['Residency'],['Multidisciplinary'],round2_random,
konstepidemin_df24847c1417,konstepidemin_df24847c1417_10,10,Website,konstepidemin,['Residency'],['Multidisciplinary'],round2_random,
konstepidemin_df24847c1417,konstepidemin_df24847c1417_11,11,Link to the Open Web - not closed services like Instagram.,konstepidemin,['Residency'],['Multidisciplinary'],round2_random,
konstepidemin_df24847c1417,konstepidemin_df24847c1417_12,12,Requests,konstepidemin,['Residency'],['Multidisciplinary'],round2_random,
konstepidemin_df24847c1417,konstepidemin_df24847c1417_13,13,Check desired size of studio:,konstepidemin,['Residency'],['Multidisciplinary'],round2_random,
konstepidemin_df24847c1417,konstepidemin_df24847c1417_14,14,Smaller than 20 sqm,konstepidemin,['Residency'],['Multidisciplinary'],round2_random,
konstepidemin_df24847c1417,konstepidemin_df24847c1417_15,15,20–40 sqm,konstepidemin,['Residency'],['Multidisciplinary'],round2_random,
konstepidemin_df24847c1417,konstepidemin_df24847c1417_16,16,40–80 sqm,konstepidemin,['Residency'],['Multidisciplinary'],round2_random,
konstepidemin_df24847c1417,konstepidemin_df24847c1417_17,17,Larger than 80 sqm,konstepidemin,['Residency'],['Multidisciplinary'],round2_random,
konstepidemin_df24847c1417,konstepidemin_df24847c1417_18,18,Community organisation duties,konstepidemin,['Residency'],['Multidisciplinary'],round2_random,
konstepidemin_df24847c1417,konstepidemin_df24847c1417_19,19,"As an artist at	Konstepidemin you are required to	take	part	in the board, the culture committee, or",konstepidemin,['Residency'],['Multidisciplinary'],round2_random,
konstepidemin_df24847c1417,konstepidemin_df24847c1417_20,20,"one of our work sections: gallery, studio, stage, kids	and youths, the international group, outdoor/gardening.",konstepidemin,['Residency'],['Multidisciplinary'],round2_random,
konstepidemin_df24847c1417,konstepidemin_df24847c1417_21,21,Check area of	interest (more	than	one is allowed).,konstepidemin,['Residency'],['Multidisciplinary'],round2_random,
konstepidemin_df24847c1417,konstepidemin_df24847c1417_22,22,Groups,konstepidemin,['Residency'],['Multidisciplinary'],round2_random,
konstepidemin_df24847c1417,konstepidemin_df24847c1417_23,23,The board,konstepidemin,['Residency'],['Multidisciplinary'],round2_random,
konstepidemin_df24847c1417,konstepidemin_df24847c1417_24,24,Culture committee,konstepidemin,['Residency'],['Multidisciplinary'],round2_random,
konstepidemin_df24847c1417,konstepidemin_df24847c1417_25,25,Gallery group,konstepidemin,['Residency'],['Multidisciplinary'],round2_random,
konstepidemin_df24847c1417,konstepidemin_df24847c1417_26,26,Studio group,konstepidemin,['Residency'],['Multidisciplinary'],round2_random,
konstepidemin_df24847c1417,konstepidemin_df24847c1417_27,27,Stage group,konstepidemin,['Residency'],['Multidisciplinary'],round2_random,
konstepidemin_df24847c1417,konstepidemin_df24847c1417_28,28,Kids and youth group,konstepidemin,['Residency'],['Multidisciplinary'],round2_random,
konstepidemin_df24847c1417,konstepidemin_df24847c1417_29,29,International group,konstepidemin,['Residency'],['Multidisciplinary'],round2_random,
konstepidemin_df24847c1417,konstepidemin_df24847c1417_30,30,Outdoor/gardening group,konstepidemin,['Residency'],['Multidisciplinary'],round2_random,
konstepidemin_df24847c1417,konstepidemin_df24847c1417_31,31,CV & Personal letter,konstepidemin,['Residency'],['Multidisciplinary'],round2_random,
konstepidemin_df24847c1417,konstepidemin_df24847c1417_32,32,"CV and a personal letter describing yourself, your art practice, reasons for wanting a studio at Konstepidemin, and documentation of your artistic practice.",konstepidemin,['Residency'],['Multidisciplinary'],round2_random,
fpu_slovakia_2c7e23b1350c,fpu_slovakia_2c7e23b1350c_0,0,"Support is intended exclusively for applicants who demonstrably operate and carry out activities in the field of research, criticism and expert reflection of art, culture and the creative industry, or in the field of musical art.",fpu_slovakia,['Grant/Funding'],['Music'],round2_random,
fpu_slovakia_2c7e23b1350c,fpu_slovakia_2c7e23b1350c_1,1,The grant may be provided exclusively to entities holding authorization to perform the activities they plan to carry out within the project.,fpu_slovakia,['Grant/Funding'],['Music'],round2_random,
fpu_slovakia_2c7e23b1350c,fpu_slovakia_2c7e23b1350c_2,2,"The applicant must have one of the following legal forms: a) natural person – sole trader, b) commercial company, c) higher territorial unit or municipality, d) budgetary or contributory organization established by a municipality, e) budgetary or contributory organization established by a higher territorial unit (VÚC), f) civic association, g) foundation, h) association of legal entities, i) non-profit organization providing generally beneficial services, j) non-investment fund, k) organizations with an international element.",fpu_slovakia,['Grant/Funding'],['Music'],round2_random,
institut_francais_programs_6c1cd2a3a743,institut_francais_programs_6c1cd2a3a743_0,0,"Seuls les Instituts français, les Instituts français de recherche à l’étranger et les Alliances françaises peuvent déposer un projet dans le cadre de cet appel, les SCAC n’étant pas habilités à recevoir une aide versée par l’Institut français.",institut_francais_programs,['Open Call'],['Other/Non-Arts'],round2_random,
kulturdirektoratet_norway_c2fe46c33b4d,kulturdirektoratet_norway_c2fe46c33b4d_0,0,"You may apply for this scheme if you are a professional performing artist, producer, part of a production environment, or another entity within the performing arts field.",kulturdirektoratet_norway,['Grant/Funding'],"['Theatre', 'Performing Arts']",round2_random,
kulturdirektoratet_norway_c2fe46c33b4d,kulturdirektoratet_norway_c2fe46c33b4d_1,1,"Private individuals, private and public institutions, organizations, and other businesses may apply.",kulturdirektoratet_norway,['Grant/Funding'],"['Theatre', 'Performing Arts']",round2_random,
kulturdirektoratet_norway_c2fe46c33b4d,kulturdirektoratet_norway_c2fe46c33b4d_2,2,Applicants who receive fixed annual state grants are normally not awarded grants from this scheme.,kulturdirektoratet_norway,['Grant/Funding'],"['Theatre', 'Performing Arts']",round2_random,
european_cultural_foundation_7395e3ac9c32,european_cultural_foundation_7395e3ac9c32_0,0,"Civitates invites applications from independent media outlets registered in Hungary, Poland, Italy, Spain, Bulgaria, Slovakia, and Croatia.",european_cultural_foundation,['Open Call'],['Other/Non-Arts'],round2_random,
national_culture_fund_bulgaria_cb83dc97ab66,national_culture_fund_bulgaria_cb83dc97ab66_0,0,Eligible applicants: Legal entities,national_culture_fund_bulgaria,['Grant/Funding'],['Multidisciplinary'],round2_random,
deutscher_uebersetzerfonds_3993fa2caeb1,deutscher_uebersetzerfonds_3993fa2caeb1_0,0,"The application is complete when, in addition to the online application in the next step, the following documents have been uploaded together in a single PDF file: 3 pages of the translation (standard pages with pagination, please do not submit more than 3 pages) project description (own project and initial exposé; approx.",deutscher_uebersetzerfonds,['Grant/Funding'],['Literature/Writing'],round2_random,
deutscher_uebersetzerfonds_3993fa2caeb1,deutscher_uebersetzerfonds_3993fa2caeb1_1,1,"1 page in total) short biography, professional background (max.",deutscher_uebersetzerfonds,['Grant/Funding'],['Literature/Writing'],round2_random,
deutscher_uebersetzerfonds_3993fa2caeb1,deutscher_uebersetzerfonds_3993fa2caeb1_2,2,"1 standard page) list of publications (for theater, e.g.: commissions) and, if applicable, awards (max.",deutscher_uebersetzerfonds,['Grant/Funding'],['Literature/Writing'],round2_random,
deutscher_uebersetzerfonds_3993fa2caeb1,deutscher_uebersetzerfonds_3993fa2caeb1_3,3,1 standard page) copy of the corresponding section of the original text (definition of standard page: maximum 30 lines of maximum 60 characters including spaces),deutscher_uebersetzerfonds,['Grant/Funding'],['Literature/Writing'],round2_random,
creative_ireland_266e44f1c010,creative_ireland_266e44f1c010_0,0,We are looking for creative and cultural projects that take place outside of the school setting and are rooted in the local community.,creative_ireland,['Grant/Funding'],['Multidisciplinary'],round2_random,
creative_ireland_266e44f1c010,creative_ireland_266e44f1c010_1,1,Projects should have a creative approach and be shaped by active involvement of children and young people.,creative_ireland,['Grant/Funding'],['Multidisciplinary'],round2_random,
creative_ireland_266e44f1c010,creative_ireland_266e44f1c010_2,2,Funding can be for new projects or to expand an existing project or pilot.,creative_ireland,['Grant/Funding'],['Multidisciplinary'],round2_random,
creative_ireland_266e44f1c010,creative_ireland_266e44f1c010_3,3,We encourage different organisations to work together to build strong project teams to deliver high quality projects.,creative_ireland,['Grant/Funding'],['Multidisciplinary'],round2_random,
creative_ireland_266e44f1c010,creative_ireland_266e44f1c010_4,4,Your application must have a youth-led approach.,creative_ireland,['Grant/Funding'],['Multidisciplinary'],round2_random,
creative_ireland_266e44f1c010,creative_ireland_266e44f1c010_5,5,It is very important that young people make as many decisions as possible in the design of the project.,creative_ireland,['Grant/Funding'],['Multidisciplinary'],round2_random,
creative_ireland_266e44f1c010,creative_ireland_266e44f1c010_6,6,"The National Framework for Children and Young People’s Participation in Decision-making (see Appendix 2), will help you identify, develop and engage in a creative project.",creative_ireland,['Grant/Funding'],['Multidisciplinary'],round2_random,
norwegian_crafts_ec6807d7b33a,norwegian_crafts_ec6807d7b33a_0,0,Norwegian galleries and independent exhibition spaces that are invited to participate in one of the listed art fairs,norwegian_crafts,['Grant/Funding'],['Visual Arts'],round2_random,
norwegian_crafts_ec6807d7b33a,norwegian_crafts_ec6807d7b33a_1,1,Norwegian art book publishers that are invited to participate in one of the listed art book fairs,norwegian_crafts,['Grant/Funding'],['Visual Arts'],round2_random,
norwegian_crafts_ec6807d7b33a,norwegian_crafts_ec6807d7b33a_2,2,Eligibility requirements for galleries and independent exhibition spaces Applicants,norwegian_crafts,['Grant/Funding'],['Visual Arts'],round2_random,
norwegian_crafts_ec6807d7b33a,norwegian_crafts_ec6807d7b33a_3,3,must present at least one Norwegian or Norway-based contemporary artist,norwegian_crafts,['Grant/Funding'],['Visual Arts'],round2_random,
norwegian_crafts_ec6807d7b33a,norwegian_crafts_ec6807d7b33a_4,4,at one of the international art fairs included in the list of eligible,norwegian_crafts,['Grant/Funding'],['Visual Arts'],round2_random,
norwegian_crafts_ec6807d7b33a,norwegian_crafts_ec6807d7b33a_5,5,art fairs.,norwegian_crafts,['Grant/Funding'],['Visual Arts'],round2_random,
norwegian_crafts_ec6807d7b33a,norwegian_crafts_ec6807d7b33a_6,6,Artists involved in the operation of the gallery are not,norwegian_crafts,['Grant/Funding'],['Visual Arts'],round2_random,
norwegian_crafts_ec6807d7b33a,norwegian_crafts_ec6807d7b33a_7,7,included in this minimum requirement.,norwegian_crafts,['Grant/Funding'],['Visual Arts'],round2_random,
norwegian_crafts_ec6807d7b33a,norwegian_crafts_ec6807d7b33a_8,8,"The ISGIES scheme does not cover Kunsthalles, art societies, art centres, or individual artists.",norwegian_crafts,['Grant/Funding'],['Visual Arts'],round2_random,
norwegian_crafts_ec6807d7b33a,norwegian_crafts_ec6807d7b33a_9,9,Eligibility requirements for art book publishers Applicants,norwegian_crafts,['Grant/Funding'],['Visual Arts'],round2_random,
norwegian_crafts_ec6807d7b33a,norwegian_crafts_ec6807d7b33a_10,10,must present at least three publications about or featuring Norwegian,norwegian_crafts,['Grant/Funding'],['Visual Arts'],round2_random,
norwegian_crafts_ec6807d7b33a,norwegian_crafts_ec6807d7b33a_11,11,or Norway-based contemporary artists at one of the international art book fairs included in the list of eligible art fairs.,norwegian_crafts,['Grant/Funding'],['Visual Arts'],round2_random,
norwegian_crafts_ec6807d7b33a,norwegian_crafts_ec6807d7b33a_12,12,Of these,norwegian_crafts,['Grant/Funding'],['Visual Arts'],round2_random,
norwegian_crafts_ec6807d7b33a,norwegian_crafts_ec6807d7b33a_13,13,"publications, at least three must be registered with an ISBN.",norwegian_crafts,['Grant/Funding'],['Visual Arts'],round2_random,
norwegian_crafts_ec6807d7b33a,norwegian_crafts_ec6807d7b33a_14,14,Publications that present artists involved in the publishing company are,norwegian_crafts,['Grant/Funding'],['Visual Arts'],round2_random,
norwegian_crafts_ec6807d7b33a,norwegian_crafts_ec6807d7b33a_15,15,not included in this minimum requirement.,norwegian_crafts,['Grant/Funding'],['Visual Arts'],round2_random,
norwegian_crafts_ec6807d7b33a,norwegian_crafts_ec6807d7b33a_16,16,The ISGIES scheme,norwegian_crafts,['Grant/Funding'],['Visual Arts'],round2_random,
norwegian_crafts_ec6807d7b33a,norwegian_crafts_ec6807d7b33a_17,17,does not cover individual artists working with printed matter.,norwegian_crafts,['Grant/Funding'],['Visual Arts'],round2_random,
bozar_brussels_822ba7a0374e,bozar_brussels_822ba7a0374e_0,0,"We are looking for journalists, writers, photographers, illustrators, artists and academics to untangle the crises affecting Europe today, and reflect on the choices we need to make moving forward.",bozar_brussels,['Open Call'],['Literature/Writing'],round2_random,
lux_moving_image_6f82a70c5ebe,lux_moving_image_6f82a70c5ebe_0,0,"We invite 20 minute papers and pre-constituted panels with a maximum of 4 speakers that: consider the definition of video art since its inception and the major transformations the concept has gone through; review and reframe existing video histories; examine the organisational model of the video collective, and its modes of circulation and distribution; explore the international and regional video networks of which LVA was part, share new research into underacknowledged video histories and figures; address the heterogeneous and intersecting ecologies of video practice: whether conceptual documentation and modernist experiment, radical campaigning and community engagement, and the later return to representational form; address how technological changes have determined video practices, cultures and ecologies; examine how London Video Arts addressed the hegemony of broadcast TV; explore the determining role of televisual culture and production in the development of video practice: it’s forms and address. consider what contemporary collective, activist or community-based video practices, in the UK and internationally, share with or depart from LVA’s model of artist-led organising consider how video art explored the limits of its material, processes and forms; discuss the role of video to address political and social urgencies and injustices; question the legacy of analogue video technology in the digital age; address the challenges of how to archive, conserve and exhibit fragile historic video technologies; explore how museums and galleries understand video art today.",lux_moving_image,['Other'],"['Film/Video', 'Digital/New Media Arts']",round2_random,
deutscher_uebersetzerfonds_03397122e60c,deutscher_uebersetzerfonds_03397122e60c_0,0,"The application is complete if, in addition to the online application, the following documents have been uploaded collectively in a PDF file in the next step: 10 pages of a translation from a recent period (standard pages with pagination, please do not submit more than 10 pages) outline sketch for the educational project short biography, professional career (max.",deutscher_uebersetzerfonds,['Grant/Funding'],['Literature/Writing'],round2_random,
deutscher_uebersetzerfonds_03397122e60c,deutscher_uebersetzerfonds_03397122e60c_1,1,1 standard page) detailed bibliography copy of the relevant passage of the original text (definition of a standard page: maximum 30 lines of a maximum of 60 characters including spaces),deutscher_uebersetzerfonds,['Grant/Funding'],['Literature/Writing'],round2_random,
kulturdirektoratet_norway_4d4eba8d85e6,kulturdirektoratet_norway_4d4eba8d85e6_0,0,"You may apply for this scheme if you are an organization within the performing arts field that is registered in the Register of Business Enterprises, has the main part of your activity in Norway, can document performing arts activity for at least 15 consecutive years, with a high level of activity.",kulturdirektoratet_norway,['Grant/Funding'],['Performing Arts'],round2_random,
kulturdirektoratet_norway_4d4eba8d85e6,kulturdirektoratet_norway_4d4eba8d85e6_1,1,We can make an exception from the requirement of activity for 15 years if the organization has had a break in production and presentation activity during this period.,kulturdirektoratet_norway,['Grant/Funding'],['Performing Arts'],round2_random,
kulturdirektoratet_norway_4d4eba8d85e6,kulturdirektoratet_norway_4d4eba8d85e6_2,2,"In that case, you must explain the reason for the break in the application.",kulturdirektoratet_norway,['Grant/Funding'],['Performing Arts'],round2_random,
kulturdirektoratet_norway_4d4eba8d85e6,kulturdirektoratet_norway_4d4eba8d85e6_3,3,Applicants who receive fixed annual state subsidies are normally not granted support from this scheme.,kulturdirektoratet_norway,['Grant/Funding'],['Performing Arts'],round2_random,
fpu_slovakia_71cbf1c2b550,fpu_slovakia_71cbf1c2b550_0,0,"Eligible applicants: Entities that operate in the field of traditional culture, folklorism and cultural-educational activity.",fpu_slovakia,['Grant/Funding'],"['Cultural Heritage', 'Other/Non-Arts']",round2_random,
fpu_slovakia_71cbf1c2b550,fpu_slovakia_71cbf1c2b550_1,1,"The applicant must have one of the following legal forms: natural person – sole trader, commercial company, higher territorial unit or municipality, budgetary or contributory organization established by a higher territorial unit, budgetary or contributory organization established by a municipality, civic association, foundation, association of legal persons, nonprofit organization providing generally beneficial services, non-investment fund, legal entity established by a special act, budgetary organization established by a legal entity established by a special act or contributory organization established by a legal entity established by a special act, to which a transfer is provided through the chapter of the Ministry of Culture of the Slovak Republic. regional tourism organization, local tourism organization.",fpu_slovakia,['Grant/Funding'],"['Cultural Heritage', 'Other/Non-Arts']",round2_random,
focuna_luxembourg_65e417572cdc,focuna_luxembourg_65e417572cdc_0,0,"The grant is awarded through a call for projects to students, doctoral candidates, researchers (or a collective of students or researchers), with no age criterion, who are officially attached to a university, a university of applied sciences, or a scientific institution, a scientific team, or a scientific laboratory.",focuna_luxembourg,['Grant/Funding'],['Cultural Heritage'],round2_random,
focuna_luxembourg_757bade235de,focuna_luxembourg_757bade235de_0,0,"The grant is awarded on the basis of a call for projects to all artists or collectives of artists of Luxembourgish nationality or residing in Luxembourg, with no age criterion, able to attest to at least five years of professional experience and who have already been the subject of a solo exhibition in an institution or art gallery.",focuna_luxembourg,['Grant/Funding'],['Craft'],round2_random,
vkkf_konkursu_grafiks_9e5288dffb57,vkkf_konkursu_grafiks_9e5288dffb57_0,0,Improvement of the material and technical base of visual arts educational institutions,vkkf_konkursu_grafiks,['Other'],['Visual Arts'],round2_random,
mondriaan_fund_b4f100323dba,mondriaan_fund_b4f100323dba_9,9,The exception is part-time programmes (not Bachelor’s programmes) of less than 20 hours a week.,mondriaan_fund,['Grant/Funding'],['Visual Arts'],round2_targeted,EDUCATION
norwegian_crafts_b95531319424,norwegian_crafts_b95531319424_1,1,"Applicants cannot be enrolled in educational programs (including high school, bachelor’s, or master’s degree programs) at the time of application or event period.",norwegian_crafts,['Open Call'],"['Craft', 'Design/Architecture']",round2_targeted,EDUCATION
kunsten_be_flanders_b75775a347f7,kunsten_be_flanders_b75775a347f7_2,2,"Recent graduates are welcome to apply, as well as individuals who have gotten through a gap in their career, without need for further justification.",kunsten_be_flanders,['Residency'],['Craft'],round2_targeted,EDUCATION
mondriaan_fund_ed1cd841c663,mondriaan_fund_ed1cd841c663_6,6,"Bachelor’s, Master’s or postdoctoral programmes.",mondriaan_fund,['Grant/Funding'],['Visual Arts'],round2_targeted,EDUCATION
kunsten_be_flanders_22da6aff727f,kunsten_be_flanders_22da6aff727f_0,0,"We are looking for young, emerging artists (students, recent graduates, self-taught) from all disciplines who want to experiment within the theme “Human & Animal”.",kunsten_be_flanders,['Open Call'],['Multidisciplinary'],round2_targeted,EDUCATION
kunsten_be_flanders_86ac6db836bb,kunsten_be_flanders_86ac6db836bb_1,1,You have recently graduated,kunsten_be_flanders,['Residency'],['Design/Architecture'],round2_targeted,EDUCATION
mondriaan_fund_6d9761361246,mondriaan_fund_6d9761361246_9,9,"If the artist has completed a Bachelor’s degree programme (HBO) with a visual arts curriculum, the date on the diploma will be considered the start of their professional practice.",mondriaan_fund,['Grant/Funding'],['Visual Arts'],round2_targeted,EDUCATION
bmwkms_austria_24ff03eefb27,bmwkms_austria_24ff03eefb27_2,2,Not eligible to apply: students in relevant degree programs in literary writing.,bmwkms_austria,['Grant/Funding'],['Literature/Writing'],round2_targeted,EDUCATION
mondriaan_fund_af60247339cd,mondriaan_fund_af60247339cd_3,3,"If you have not completed a Bachelor’s degree programme (HBO) with a visual arts curriculum, the date on which you first presented work in professional art circles will be considered the start of your professional practice.",mondriaan_fund,['Grant/Funding'],['Visual Arts'],round2_targeted,EDUCATION
mondriaan_fund_b4f100323dba,mondriaan_fund_b4f100323dba_4,4,"If you have not completed a Bachelor’s degree programme (HBO) with a visual arts curriculum, the date on which you first presented work in professional art circles will be considered the start of your professional practice.",mondriaan_fund,['Grant/Funding'],['Visual Arts'],round2_targeted,EDUCATION
mondriaan_fund_6d9761361246,mondriaan_fund_6d9761361246_13,13,"As an exception, a foreign art institution can request a contribution to show work by master students in a visual arts programme or participants in post-academic institutions.",mondriaan_fund,['Grant/Funding'],['Visual Arts'],round2_targeted,EDUCATION
villa_arson_4be7664be228,villa_arson_4be7664be228_0,0,The candidate must: be under 40 years of age during the year 2026; be a graduate of Villa Arson; develop an artistic practice in the field of painting or sculpture.,villa_arson,['Competition/Prize'],['Visual Arts'],round2_targeted,EDUCATION
kunsten_be_flanders_c491dbaacb88,kunsten_be_flanders_c491dbaacb88_6,6,"The collaboration will consist of an open lecture for the academy’s students (1,5h) and two workshops for the fashion design students (5h and 1,5h).",kunsten_be_flanders,['Residency'],"['Visual Arts', 'Music', 'Theatre', 'Performing Arts']",round2_targeted,EDUCATION
mondriaan_fund_af60247339cd,mondriaan_fund_af60247339cd_2,2,"If there is an interim period between your graduation from the Bachelor’s programme with a visual arts curriculum and the start of your Master’s programme, this period will count as part of your professional practice.",mondriaan_fund,['Grant/Funding'],['Visual Arts'],round2_targeted,EDUCATION
kunsten_be_flanders_3aeeb0c33c84,kunsten_be_flanders_3aeeb0c33c84_2,2,"In other words: in training, recently graduated, at the start of a career or still in need of developing a network within the Belgian or international sound art field.",kunsten_be_flanders,['Open Call'],['Music'],round2_targeted,EDUCATION
fpu_slovakia_6d89252e8325,fpu_slovakia_6d89252e8325_2,2,"The applicant must have one of the following legal forms: a) budgetary or contributory organization established by a higher territorial unit, b) budgetary or contributory organization established by a municipality, c) non-profit organization, d) civic association, e) legal entity, f) primary school and secondary school, art school, conservatory.",fpu_slovakia,['Grant/Funding'],['Cultural Heritage'],round2_targeted,EDUCATION
villa_arson_0b9a48542cab,villa_arson_0b9a48542cab_0,0,This call for applications is intended for artists who graduated from Villa Arson less than 3 years ago.,villa_arson,['Residency'],['Visual Arts'],round2_targeted,EDUCATION
fpu_slovakia_c83c279bca0e,fpu_slovakia_c83c279bca0e_2,2,"The applicant must have one of the following legal forms: a) budgetary or contributory organization established by a higher territorial unit, b) budgetary or contributory organization established by a municipality, c) non-profit organization, d) civic association, e) legal entity, f) primary school and secondary school, art school, conservatory",fpu_slovakia,['Grant/Funding'],['Dance'],round2_targeted,EDUCATION
kunsten_be_flanders_2c5ed7b40a1d,kunsten_be_flanders_2c5ed7b40a1d_1,1,Undergraduate and Master’s students are not eligible.,kunsten_be_flanders,['Residency'],"['Digital/New Media Arts', 'Visual Arts']",round2_targeted,EDUCATION
kunsten_be_flanders_15a23e278f66,kunsten_be_flanders_15a23e278f66_0,0,"Recent graduates, as well as aspiring and emerging curators, are invited to apply.",kunsten_be_flanders,['Workshop/Training'],"['Digital/New Media Arts', 'Multidisciplinary']",round2_targeted,EDUCATION
mondriaan_fund_ed1cd841c663,mondriaan_fund_ed1cd841c663_1,1,"Applications may only be submitted by artists who have been active as a professional visual artist for at least 1 year: If you have completed a Bachelor’s degree programme (HBO) with a visual arts curriculum, the date on your diploma will be considered the start of your professional practice.",mondriaan_fund,['Grant/Funding'],['Visual Arts'],round2_targeted,EDUCATION
norwegian_crafts_4dc4c1d3e2e6,norwegian_crafts_4dc4c1d3e2e6_1,1,"Applicants cannot be enrolled in study programmes (including secondary school, bachelor’s, or master’s programmes) at the time of application or during the residency period.",norwegian_crafts,['Residency'],['Craft'],round2_targeted,EDUCATION
kunsten_be_flanders_43833eaa836e,kunsten_be_flanders_43833eaa836e_0,0,"Sprouts Film Festival (SFF) invites young artists and recent art school graduates whose work revolves around ecological and sustainability themes to apply with their pre-existing work for the Eco Expo, which will take place during the 5th edition of SFF.",kunsten_be_flanders,['Open Call'],['Multidisciplinary'],round2_targeted,EDUCATION
kunsten_be_flanders_c491dbaacb88,kunsten_be_flanders_c491dbaacb88_5,5,"Additionally, they will collaborate closely with the Department of Fashion Design of the Estonian Academy of Arts.",kunsten_be_flanders,['Residency'],"['Visual Arts', 'Music', 'Theatre', 'Performing Arts']",round2_targeted,EDUCATION
kunsten_be_flanders_5dcf621a062f,kunsten_be_flanders_5dcf621a062f_1,1,"Tijdens de tweede editie van deze academy moedigen we, naast muzikanten, ook dansers en performers aan om deel te nemen.",kunsten_be_flanders,['Workshop/Training'],['Music'],round2_targeted,EDUCATION
villa_arson_0b9a48542cab,villa_arson_0b9a48542cab_1,1,The call is open to artists who graduated from Villa Arson less than three years ago.,villa_arson,['Residency'],['Visual Arts'],round2_targeted,EDUCATION
kulturdirektoratet_norway_3c165f1da95d,kulturdirektoratet_norway_3c165f1da95d_15,15,"Researchers employed by a research organization, for example a university or a university college, should normally apply through the organization.",kulturdirektoratet_norway,['Grant/Funding'],['Curating/Art Criticism'],round2_targeted,EDUCATION
matadero_madrid_bc5ee263b8a9,matadero_madrid_bc5ee263b8a9_0,0,"This call is aimed at individuals of legal age from Spain and abroad, with any level of qualification and from diverse disciplines such as design, art, architecture, urban planning, economics, film, photography, journalism, digital media, environmental sci ences, philosophy, engineering, social studies, political science, programming, materials science, activism, or any other field.",matadero_madrid,['Open Call'],"['Visual Arts', 'Design/Architecture', 'Film/Video', 'Photography', 'Digital/New Media Arts', 'Other/Non-Arts']",round2_targeted,EDUCATION
mondriaan_fund_8e2af8800941,mondriaan_fund_8e2af8800941_18,18,The acquisition will remain part of the Dutch National Cultural Heritage Collection for a long time and its ownership will not be transferred without the Mondriaan Fund’s authorisation.,mondriaan_fund,['Grant/Funding'],"['Visual Arts', 'Craft', 'Cultural Heritage']",round2_targeted,NATIONALITY
kulturdirektoratet_norway_249e90c0e25b,kulturdirektoratet_norway_249e90c0e25b_15,15,"The book must either be written in Norwegian (Bokmål, Nynorsk or dialect) or translated into Norwegian from Sámi or a national minority language or translated into Norwegian from another language if it is an original work that has not been published previously, or a translation of poetry into Norwegian.",kulturdirektoratet_norway,['Grant/Funding'],['Literature/Writing'],round2_targeted,NATIONALITY
nordic_culture_point_68739869a8ce,nordic_culture_point_68739869a8ce_5,5,"To be able to apply for mobility funding, the applicant must be a resident of the Nordic Region (Denmark, Finland, the Faroe Islands, Greenland, Iceland, Norway, Sweden, Åland) or the Baltic countries (Estonia, Latvia, or Lithuania), although the applicant does not have to be a Nordic or Baltic citizen.",nordic_culture_point,['Grant/Funding'],['Multidisciplinary'],round2_targeted,NATIONALITY
focuna_luxembourg_251b64f33dc6,focuna_luxembourg_251b64f33dc6_3,3,"An extended assignment of rights, allowing free use by the National Cultural Fund, is required.",focuna_luxembourg,['Competition/Prize'],['Music'],round2_targeted,NATIONALITY
kunsten_be_flanders_3aeeb0c33c84,kunsten_be_flanders_3aeeb0c33c84_6,6,"You have a link to Belgium: either by residence, education or nationality.",kunsten_be_flanders,['Open Call'],['Music'],round2_targeted,NATIONALITY
creative_ireland_4f64fc0a9e3f,creative_ireland_4f64fc0a9e3f_1,1,They should work with HSE and local or National Health organisations to deliver these projects,creative_ireland,['Grant/Funding'],['Other/Non-Arts'],round2_targeted,NATIONALITY
national_culture_fund_bulgaria_b9b7ce861aa9,national_culture_fund_bulgaria_b9b7ce861aa9_5,5,Natural persons with Bulgarian citizenship or the right to reside in Bulgaria.,national_culture_fund_bulgaria,['Grant/Funding'],"['Visual Arts', 'Literature/Writing', 'Dance', 'Film/Video', 'Music', 'Theatre']",round2_targeted,NATIONALITY
creative_ireland_3eaa677e982c,creative_ireland_3eaa677e982c_2,2,"Applicants will be expected to apply a youth-led approach, for example by applying the National Framework for Children and Young People’s People ’s Participation in Decision-making (Appendix 2), to enable them to identify, develop and engage in a creative project.",creative_ireland,['Grant/Funding'],['Multidisciplinary'],round2_targeted,NATIONALITY
nordic_culture_point_9dc9950cca03,nordic_culture_point_9dc9950cca03_2,2,"These organisations include associations, foundations, charities, citizens organisations, interest groups, labour market organisations, religious communities, social enterprises, and NGOs.",nordic_culture_point,['Grant/Funding'],['Other/Non-Arts'],round2_targeted,NATIONALITY
kulturdirektoratet_norway_c120380a9bbe,kulturdirektoratet_norway_c120380a9bbe_9,9,"If the enterprise operates across national borders in Sápmi, the enterprise must have a Norwegian organisation number.",kulturdirektoratet_norway,['Grant/Funding'],['Music'],round2_targeted,NATIONALITY
focuna_luxembourg_d63b1cf9b11d,focuna_luxembourg_d63b1cf9b11d_8,8,Authors participating in the National Literary Competition 2024 are eligible.,focuna_luxembourg,['Grant/Funding'],['Performing Arts'],round2_targeted,NATIONALITY
kunsten_be_flanders_1e4f87dbc5b9,kunsten_be_flanders_1e4f87dbc5b9_2,2,You can familiarize yourself with the current sanctions list on the website of the Verkhovna Rada of Ukraine at the link: https://zakon.rada.gov.ua/laws/show/n0004525-20#Text legal entities or individual enterpreneurs and / or participants of such entities or individuals who have violated the Law of Ukraine “On Ensuring the Rights and Freedoms of Citizens and the Legal Regime in the Temporarily Occupied Territory of Ukraine” dated 15.04.2014 № 1207-VII.,kunsten_be_flanders,['Open Call'],['Visual Arts'],round2_targeted,NATIONALITY
kunsten_be_flanders_2ed3f7c14414,kunsten_be_flanders_2ed3f7c14414_0,0,Visual Artists Active in visual arts or in trans­disciplinary performing arts Demonstrating a high artistic quality With a solid professional career in Belgium You Should Be available on 4 April 2026 for an introductory meeting in Hasselt Be free to travel for the duration of the program: 7 – 12 June 2026 Hold a Belgian nationality or have lived in Belgium for at least 3 years Prepare your own portfolio,kunsten_be_flanders,['Other'],['Visual Arts'],round2_targeted,NATIONALITY
mondriaan_fund_8e2af8800941,mondriaan_fund_8e2af8800941_1,1,The application procedure is open to publicly accessible Dutch institutions that are in charge of museum collections of national or international significance.,mondriaan_fund,['Grant/Funding'],"['Visual Arts', 'Craft', 'Cultural Heritage']",round2_targeted,NATIONALITY
kunsten_be_flanders_1e4f87dbc5b9,kunsten_be_flanders_1e4f87dbc5b9_1,1,"Applications submitted by individuals, legal entities registered both in Ukraine and abroad, related to the aggressor state – the Russian Federation, which is recognized as such in accordance with the Law of Ukraine“ “On the Prohibition of Propaganda of the Russian Nazi Totalitarian Regime, Armed Aggression of the Russian Federation as a Terrorist State against Ukraine, Symbolism of the Military Invasion of the Russian Nazi Totalitarian Regime into Ukraine”№ 2265-ІХ of May 22, 2022, the Republic of Belarus and/or the Islamic Republic of Iran, are considered ineligible, namely: legal entities with beneficiaries who are individuals – citizens of the aggressor state of the Russian Federation, the Republic of Belarus and/or the Islamic Republic of Iran or or legal entities associated with the aggressor state of the Russian Federation and the Republic of Belarus and/or the Islamic Republic of Iran; legal entities or individual enterpreneurs and / or participants of such entities to whom personal special economic and other restrictive measures (sanctions) have been applied in accordance with the Law of Ukraine “On Sanctions” and decisions of the National Security and Defense Council of Ukraine;",kunsten_be_flanders,['Open Call'],['Visual Arts'],round2_targeted,NATIONALITY
arts_council_wales_21e3fea04b22,arts_council_wales_21e3fea04b22_18,18,At least 10% of your project income should come from a non-Arts Council or National Lottery source.,arts_council_wales,['Grant/Funding'],['Multidisciplinary'],round2_targeted,NATIONALITY
kunsten_be_flanders_6e69a631d20d,kunsten_be_flanders_6e69a631d20d_1,1,"Regional, national, and international submissions are expressly encouraged.",kunsten_be_flanders,['Open Call'],['Multidisciplinary'],round2_targeted,NATIONALITY
mondriaan_fund_4518b4e5d09e,mondriaan_fund_4518b4e5d09e_0,0,Applications can be submitted by publicly accessible Dutch institutions that manage museum collections of national and international significance.,mondriaan_fund,['Grant/Funding'],['Cultural Heritage'],round2_targeted,NATIONALITY
bmwkms_austria_24ff03eefb27,bmwkms_austria_24ff03eefb27_1,1,Individuals with Austrian citizenship or permanent residence in Austria for at least three years.,bmwkms_austria,['Grant/Funding'],['Literature/Writing'],round2_targeted,NATIONALITY
nordic_culture_point_98a22945e2cb,nordic_culture_point_98a22945e2cb_2,2,"Country affiliation is assessed according to the partners’ registered addresses, not nationality.",nordic_culture_point,['Grant/Funding'],['Multidisciplinary'],round2_targeted,NATIONALITY
kunsten_be_flanders_c218753995d0,kunsten_be_flanders_c218753995d0_0,0,"Participants: up to 3 artists and/or collectives, national and international Scope: performance, participatory practices, site-specific and community-based projects in urban space Conditions: shared accommodation and coworking space",kunsten_be_flanders,['Residency'],"['Performing Arts', 'Circus/Street Arts', 'Multidisciplinary']",round2_targeted,NATIONALITY
kulturdirektoratet_norway_249e90c0e25b,kulturdirektoratet_norway_249e90c0e25b_21,21,"If the book is translated from Sámi or a national minority language, the original work cannot be more than five years old when you apply.",kulturdirektoratet_norway,['Grant/Funding'],['Literature/Writing'],round2_targeted,NATIONALITY
focuna_luxembourg_6ef1e1e83400,focuna_luxembourg_6ef1e1e83400_0,0,"The grant is awarded on the basis of a call for projects to all artists or collectives of artists of Luxembourg nationality or residing in Luxembourg, with no age criterion, who can attest to a professional career of at least five years.",focuna_luxembourg,['Grant/Funding'],['Visual Arts'],round2_targeted,NATIONALITY
kunsten_be_flanders_a8b33f98769e,kunsten_be_flanders_a8b33f98769e_0,0,"The contest is open to all persons, without restriction of nationality or age.",kunsten_be_flanders,['Competition/Prize'],['Music'],round2_targeted,NATIONALITY
focuna_luxembourg_b6c090f6754a,focuna_luxembourg_b6c090f6754a_0,0,"The grant is awarded on the basis of a call for projects to all artists or collectives of artists of Luxembourg nationality or residing in Luxembourg, with no age criterion, who can attest to a professional career of at least five years and who have already been the subject of a monographic exhibition in an institution or art gallery.",focuna_luxembourg,['Grant/Funding'],['Visual Arts'],round2_targeted,NATIONALITY
bmwkms_austria_393dc7aeec66,bmwkms_austria_393dc7aeec66_0,0,"Eligible applicants are curators, archivists, programmers, scholars and mediators in the field of film who possess Austrian citizenship or have their permanent residence in Austria.",bmwkms_austria,['Grant/Funding'],['Film/Video'],round2_targeted,NATIONALITY
institut_francais_programs_0fe835a45001,institut_francais_programs_0fe835a45001_3,3,"S’inscrire dans un temps fort national ou international : Journée européenne des langues, Printemps de l’esprit critique, Semaine du goût, Nuit des idées, semaine de la presse et des médias, 15 ans du label labelFranceÉducation, festivals et salons (musique, cinéma, littérature, jeu vidéo, sport, etc.).",institut_francais_programs,['Grant/Funding'],['Other/Non-Arts'],round2_targeted,NATIONALITY
creative_ireland_c1b4d742d030,creative_ireland_c1b4d742d030_0,0,"We welcome applications from project teams in Ireland working in partnership with local or national community, cultural and creative organisations in collaboration with North-South partners or both North-South and East-West (Ireland-Britain) partners.",creative_ireland,['Grant/Funding'],"['Visual Arts', 'Dance', 'Design/Architecture', 'Music', 'Other/Non-Arts']",round2_targeted,NATIONALITY
kunsthalle_exnergasse_vienna_59b7712c4d41,kunsthalle_exnergasse_vienna_59b7712c4d41_0,0,Inter(national) group exhibitions can be submitted.,kunsthalle_exnergasse_vienna,['Open Call'],['Multidisciplinary'],round2_targeted,NATIONALITY
kulturdirektoratet_norway_ea773d017e43,kulturdirektoratet_norway_ea773d017e43_4,4,"For books translated from Sami and national minority languages (Kven, Romani and Romani) into Norwegian, the submission quota of up to three titles per application deadline does not apply.",kulturdirektoratet_norway,['Grant/Funding'],['Literature/Writing'],round2_targeted,NATIONALITY
nordic_culture_point_8e6618f7a6eb,nordic_culture_point_8e6618f7a6eb_2,2,"To apply for network funding, you must be a resident of the Nordic Region (Denmark, Finland, the Faroe Islands, Greenland, Iceland, Norway, Sweden, or Åland) or the Baltic countries (Estonia, Latvia, or Lithuania), although you do not need to be a Nordic or Baltic citizen.",nordic_culture_point,['Grant/Funding'],['Multidisciplinary'],round2_targeted,NATIONALITY
focuna_luxembourg_d63b1cf9b11d,focuna_luxembourg_d63b1cf9b11d_0,0,"The grant is awarded on the basis of a call for projects to all authors of Luxembourgish nationality or residing in Luxembourg, with no age criterion and able to demonstrate a professional career.",focuna_luxembourg,['Grant/Funding'],['Performing Arts'],round2_targeted,NATIONALITY
norwegian_crafts_ec6cbcf93e7d,norwegian_crafts_ec6cbcf93e7d_0,0,"You can apply for this scheme if you work in the field of crafts and are: craft artist or duojár part of an artist group a curator a writer/critic Applicants must be: Norwegian citizens or residents of Norway, and the project must be realised abroad.",norwegian_crafts,['Grant/Funding'],['Craft'],round2_targeted,NATIONALITY
kulturdirektoratet_norway_be23ac92343c,kulturdirektoratet_norway_be23ac92343c_0,0,Museums in the National Museum Network and museums under the Sámi Parliament.,kulturdirektoratet_norway,['Other'],['Other/Non-Arts'],round2_targeted,NATIONALITY
gasworks_london_356ae5fa0c20,gasworks_london_356ae5fa0c20_0,0,Conceived as a professional development opportunity for an early-career curator with a connection to the Baltic region,gasworks_london,['Fellowship'],['Curating/Art Criticism'],round2_targeted,CAREER_STAGE
kunsten_be_flanders_7858eb98a09d,kunsten_be_flanders_7858eb98a09d_1,1,Both emerging and established artists are encouraged to apply.,kunsten_be_flanders,['Other'],['Multidisciplinary'],round2_targeted,CAREER_STAGE
nordic_culture_point_9dc9950cca03,nordic_culture_point_9dc9950cca03_5,5,"To be eligible, the applicant organisation must be established and registered in the Nordic Region.",nordic_culture_point,['Grant/Funding'],['Other/Non-Arts'],round2_targeted,CAREER_STAGE
mk_statni_fond_kultury_cz_209b9ce5a11b,mk_statni_fond_kultury_cz_209b9ce5a11b_9,9,"In other words, entities that have a definitively established year-round publishing plan (magazines, publishing houses) or a closed plan of exhibitions, concerts, creation of new performances including the dates and conditions of their presentation.",mk_statni_fond_kultury_cz,['Grant/Funding'],"['Literature/Writing', 'Other/Non-Arts']",round2_targeted,CAREER_STAGE
matadero_madrid_15564c0bdd34,matadero_madrid_15564c0bdd34_1,1,"We will value each applicant's particular trajectory, with the aim of fostering exchange between expert and emerging profiles.",matadero_madrid,['Residency'],"['Design/Architecture', 'Visual Arts', 'Film/Video', 'Photography', 'Digital/New Media Arts', 'Other/Non-Arts']",round2_targeted,CAREER_STAGE
kunsten_be_flanders_3511fb00ced1,kunsten_be_flanders_3511fb00ced1_4,4,"You have a process-oriented approach; in other words, you are not focused on a single project, but rather an emerging practice and/or methodology;",kunsten_be_flanders,['Residency'],['Multidisciplinary'],round2_targeted,CAREER_STAGE
kunsten_be_flanders_8a41d4765d67,kunsten_be_flanders_8a41d4765d67_0,0,"Open to emerging and mid career visual artists, multidisciplinary artists, curators, and art researchers globally",kunsten_be_flanders,['Residency'],"['Visual Arts', 'Multidisciplinary', 'Curating/Art Criticism', 'Other/Non-Arts']",round2_targeted,CAREER_STAGE
mondriaan_fund_f452a1745b69,mondriaan_fund_f452a1745b69_1,1,"A cultural institution must be established in the Netherlands or the Caribbean part of the Kingdom, and this must also be the location of the activities.",mondriaan_fund,['Grant/Funding'],"['Visual Arts', 'Cultural Heritage']",round2_targeted,CAREER_STAGE
kulturdirektoratet_norway_0524a2291eba,kulturdirektoratet_norway_0524a2291eba_21,21,"You cannot receive more than one grant of the type work grant, work grant for newly established artists, grant for established artists, or grant for senior artists at the same time.",kulturdirektoratet_norway,['Grant/Funding'],['Visual Arts'],round2_targeted,CAREER_STAGE
kulturdirektoratet_norway_ab56b6e4b29a,kulturdirektoratet_norway_ab56b6e4b29a_4,4,We do not provide grants if you already receive operational grants for established enterprises from other schemes in the Arts Council.,kulturdirektoratet_norway,['Grant/Funding'],['Multidisciplinary'],round2_targeted,CAREER_STAGE
kunsten_be_flanders_b2bef0511012,kunsten_be_flanders_b2bef0511012_0,0,The call is open to emerging artists engaged in a professional practice.,kunsten_be_flanders,['Residency'],"['Visual Arts', 'Digital/New Media Arts']",round2_targeted,CAREER_STAGE
kunsten_be_flanders_45954c0f1127,kunsten_be_flanders_45954c0f1127_0,0,Eligibility: Persons of legal age residing in any European Union country or the United Kingdom Project type: The festival aims to promote visual storytelling among emerging artists.,kunsten_be_flanders,['Open Call'],"['Photography', 'Visual Arts']",round2_targeted,CAREER_STAGE
creative_ireland_49f84775920c,creative_ireland_49f84775920c_7,7,"Public sector bodies, including local authorities in Northern Ireland, or established networks.",creative_ireland,['Grant/Funding'],['Multidisciplinary'],round2_targeted,CAREER_STAGE
villa_arson_b6ed4d23bced,villa_arson_b6ed4d23bced_2,2,independent or emerging curators;,villa_arson,['Residency'],['Visual Arts'],round2_targeted,CAREER_STAGE
kunsten_be_flanders_ab2801ef4c6f,kunsten_be_flanders_ab2801ef4c6f_5,5,"You are an emerging, professional and adventurous musician with a determined outlook on the future.",kunsten_be_flanders,['Residency'],"['Performing Arts', 'Music']",round2_targeted,CAREER_STAGE
kunsten_be_flanders_78924c51339e,kunsten_be_flanders_78924c51339e_6,6,"Demonstrate an established professional practice in digital art, data visualisation, information design, or a related field",kunsten_be_flanders,"['Open Call', 'Residency']","['Digital/New Media Arts', 'Visual Arts']",round2_targeted,CAREER_STAGE
kunsten_be_flanders_78924c51339e,kunsten_be_flanders_78924c51339e_2,2,"We are looking for artists with an established practice in data visualisation, information design, or related computational and digital fields, who are curious about – and willing to engage critically with – questions at the intersection of science, knowledge production, and subjective experience.",kunsten_be_flanders,"['Open Call', 'Residency']","['Digital/New Media Arts', 'Visual Arts']",round2_targeted,CAREER_STAGE
institut_francais_programs_7df741699916,institut_francais_programs_7df741699916_11,11,"Special attention will be given to projects that highlight the youth, emerging scenes, and new artistic practices in the field of contemporary African creation. projects that prioritize an eco-responsible approach in their implementation and that allocate ample time for each stop on their tours (e.g., performances + meet-and-greet sessions + related workshops + training, etc.).",institut_francais_programs,['Grant/Funding'],"['Visual Arts', 'Photography', 'Digital/New Media Arts', 'Performing Arts', 'Music']",round2_targeted,CAREER_STAGE
kunsten_be_flanders_f21d7f38a567,kunsten_be_flanders_f21d7f38a567_0,0,"Both emerging and established artists with a consistent professional practice, active in professional networks, and with a track record of exhibitions.",kunsten_be_flanders,['Open Call'],"['Visual Arts', 'Digital/New Media Arts']",round2_targeted,CAREER_STAGE
kunsten_be_flanders_ab2801ef4c6f,kunsten_be_flanders_ab2801ef4c6f_1,1,Also mid-career artists who collaborate across generations on a surprising and adventurous project that enriches the jazz scene.,kunsten_be_flanders,['Residency'],"['Performing Arts', 'Music']",round2_targeted,CAREER_STAGE
nordic_culture_fund_ae44e082f513,nordic_culture_fund_ae44e082f513_1,1,The focus of the programme is on artists and arts practitioners who are in the emerging part of their artistic careers.,nordic_culture_fund,['Other'],['Multidisciplinary'],round2_targeted,CAREER_STAGE
kunsten_be_flanders_17c494c11db3,kunsten_be_flanders_17c494c11db3_0,0,"Through an EFFEA Residency, festivals join hands to foster the success of emerging artists.",kunsten_be_flanders,['Residency'],['Multidisciplinary'],round2_targeted,CAREER_STAGE
kunsten_be_flanders_2c5ed7b40a1d,kunsten_be_flanders_2c5ed7b40a1d_2,2,PhD candidates and emerging artists of any age and academic background may apply.,kunsten_be_flanders,['Residency'],"['Digital/New Media Arts', 'Visual Arts']",round2_targeted,CAREER_STAGE
kunsten_be_flanders_6e69a631d20d,kunsten_be_flanders_6e69a631d20d_0,0,"To apply, emerging and established artists from all disciplines are invited to participate.",kunsten_be_flanders,['Open Call'],['Multidisciplinary'],round2_targeted,CAREER_STAGE
nordic_culture_fund_ae44e082f513,nordic_culture_fund_ae44e082f513_9,9,"You must be an emerging individual artist or arts practitioner resident in: The Nordic countries: Denmark, The Faroe Islands, Finland, Greenland, Iceland, Norway, Sweden, or The Åland Islands The Republic of Ireland The UK: England, Northern Ireland, Scotland, Wales Your collaborative partner (an artist(s), arts practitioner(s), or an organisation) must be based in the opposing region of where you are based: Artists resident in a Nordic country can only apply to work with a partner based in the UK or the Republic of Ireland, and vice versa .",nordic_culture_fund,['Other'],['Multidisciplinary'],round2_targeted,CAREER_STAGE
kunststiftung_nrw_d141b3d73058,kunststiftung_nrw_d141b3d73058_0,0,A prerequisite for your application is that you have already established initial contacts with actors or institutions on site with whom you would like to work together.,kunststiftung_nrw,['Grant/Funding'],['Visual Arts'],round2_targeted,CAREER_STAGE
kunsten_be_flanders_b2bef0511012,kunsten_be_flanders_b2bef0511012_1,1,"An “emerging artist” is understood as any artist active for a few years but still in the process of establishing their career, particularly regarding their involvement with various artistic and cultural institutions.",kunsten_be_flanders,['Residency'],"['Visual Arts', 'Digital/New Media Arts']",round2_targeted,CAREER_STAGE
kulturdirektoratet_norway_0524a2291eba,kulturdirektoratet_norway_0524a2291eba_14,14,"This applies to work grants, work grants for newly established artists, grants for established artists, and grants for senior artists.",kulturdirektoratet_norway,['Grant/Funding'],['Visual Arts'],round2_targeted,CAREER_STAGE
kunsten_be_flanders_fa7c8503285a,kunsten_be_flanders_fa7c8503285a_1,1,"We especially welcome reflections emerging from first-hand compositional, performative, and improvisational work.",kunsten_be_flanders,['Open Call'],['Music'],round2_targeted,CAREER_STAGE
matadero_madrid_cd982f2fa6f8,matadero_madrid_cd982f2fa6f8_3,3,"Project leaders must be of legal age, capable of acting, and in possession of the necessary administrative authorizations to stay in Spain during the research project, and must not be subject to any of the prohibitions on contracting established in Article 71 of the Public Sector Contracts Law.",matadero_madrid,['Other'],"['Visual Arts', 'Design/Architecture', 'Film/Video', 'Photography', 'Digital/New Media Arts', 'Other/Non-Arts']",round2_targeted,CAREER_STAGE
kulturdirektoratet_norway_0c5dbb59de57,kulturdirektoratet_norway_0c5dbb59de57_2,2,"We want to reach a broad range of publishers and publishing houses, and we encourage publishers/publishing houses that have not previously received grants from the Arts Council Norway to apply.",kulturdirektoratet_norway,['Grant/Funding'],['Literature/Writing'],round3_targeted,PRIOR_FUNDING
kunststiftung_nrw_53b14ed530cc,kunststiftung_nrw_53b14ed530cc_4,4,Applications that have once been rejected cannot be submitted again.,kunststiftung_nrw,['Grant/Funding'],['Visual Arts'],round3_targeted,PRIOR_FUNDING
kulturdirektoratet_norway_b612a31f3a67,kulturdirektoratet_norway_b612a31f3a67_2,2,Applicants who receive fixed annual state grants normally do not receive grants from this scheme.,kulturdirektoratet_norway,['Grant/Funding'],['Dance'],round3_targeted,PRIOR_FUNDING
kulturdirektoratet_norway_e1fd7e9e35ce,kulturdirektoratet_norway_e1fd7e9e35ce_3,3,Applicants who receive a fixed annual state grant normally do not receive support from this scheme.,kulturdirektoratet_norway,['Grant/Funding'],['Performing Arts'],round3_targeted,PRIOR_FUNDING
kulturdirektoratet_norway_243ed398f83b,kulturdirektoratet_norway_243ed398f83b_4,4,Applicants who receive fixed annual state grants normally do not receive support from this scheme.,kulturdirektoratet_norway,['Grant/Funding'],['Visual Arts'],round3_targeted,PRIOR_FUNDING
kulturdirektoratet_norway_243ed398f83b,kulturdirektoratet_norway_243ed398f83b_2,2,We do not provide grants for manuscript development and production of a book at the same time.,kulturdirektoratet_norway,['Grant/Funding'],['Visual Arts'],round3_targeted,PRIOR_FUNDING
mondriaan_fund_2f611a04d139,mondriaan_fund_2f611a04d139_3,3,"It is not possible to apply for a grant for regular activities, e.g.: continuing a project that was previously supported by the Fund, such as a new season of an existing (podcast) series. activities that are not distinctly recognisable as a separate project in terms of form and/or substance, such as a column with a new subject, but using a customary method. for individuals who, in addition to working as a visual artist, are also active as a curator, critic, social content creator or journalist, the project for which funding is being requested must clearly form part of their reflective practice, rather than their (regular) artistic practice.",mondriaan_fund,['Grant/Funding'],['Visual Arts'],round3_targeted,PRIOR_FUNDING
deutscher_uebersetzerfonds_df2b0d082bbf,deutscher_uebersetzerfonds_df2b0d082bbf_7,7,Translations whose publication is already excluded for copyright reasons cannot be funded (e.g. if another translator has already received a translation commission for the same work).,deutscher_uebersetzerfonds,['Grant/Funding'],['Literature/Writing'],round3_targeted,PRIOR_FUNDING
kulturdirektoratet_norway_9dd695593dd2,kulturdirektoratet_norway_9dd695593dd2_3,3,Applicants who receive fixed annual state grants normally do not receive support from this scheme.,kulturdirektoratet_norway,['Grant/Funding'],['Performing Arts'],round3_targeted,PRIOR_FUNDING
kulturdirektoratet_norway_09df7dca2616,kulturdirektoratet_norway_09df7dca2616_2,2,Enterprises with fixed annual state grants can also apply to the scheme.,kulturdirektoratet_norway,['Grant/Funding'],['Multidisciplinary'],round3_targeted,PRIOR_FUNDING
kulturdirektoratet_norway_81d7046fc454,kulturdirektoratet_norway_81d7046fc454_1,1,Applicants who receive fixed annual state grants normally do not receive grants from this scheme.,kulturdirektoratet_norway,['Grant/Funding'],['Performing Arts'],round3_targeted,PRIOR_FUNDING
kulturdirektoratet_norway_70e4f7b40cc2,kulturdirektoratet_norway_70e4f7b40cc2_1,1,"At the same time, it wishes to engage researchers and others with minority cultural backgrounds and experiences.",kulturdirektoratet_norway,['Grant/Funding'],"['Literature/Writing', 'Visual Arts', 'Music', 'Performing Arts', 'Theatre', 'Dance']",round3_targeted,PRIOR_FUNDING
kulturdirektoratet_norway_90b336625576,kulturdirektoratet_norway_90b336625576_1,1,We normally do not grant funding to enterprises with fixed annual government subsidies.,kulturdirektoratet_norway,['Grant/Funding'],['Music'],round3_targeted,PRIOR_FUNDING
kulturdirektoratet_norway_6fc6df3999f3,kulturdirektoratet_norway_6fc6df3999f3_2,2,We encourage actors who have not previously received grants from the Arts Council to apply.,kulturdirektoratet_norway,['Grant/Funding'],['Cultural Heritage'],round3_targeted,PRIOR_FUNDING
kulturdirektoratet_norway_0b9dcc6cf9e4,kulturdirektoratet_norway_0b9dcc6cf9e4_4,4,Applicants who receive fixed annual state grants are normally not awarded grants from this scheme.,kulturdirektoratet_norway,['Open Call'],['Visual Arts'],round3_targeted,PRIOR_FUNDING
kulturdirektoratet_norway_0b9dcc6cf9e4,kulturdirektoratet_norway_0b9dcc6cf9e4_2,2,"To apply for operating grants, you must be an enterprise with its own organization number, or a permanent activity that has its own name and budget and is part of a larger enterprise.",kulturdirektoratet_norway,['Open Call'],['Visual Arts'],round3_targeted,PRIOR_FUNDING
kulturdirektoratet_norway_0c5dbb59de57,kulturdirektoratet_norway_0c5dbb59de57_3,3,Applicants who receive regular annual state funding are normally not granted support from this scheme.,kulturdirektoratet_norway,['Grant/Funding'],['Literature/Writing'],round3_targeted,PRIOR_FUNDING
kulturdirektoratet_norway_09df7dca2616,kulturdirektoratet_norway_09df7dca2616_9,9,The candidate cannot be in an educational program relevant to the aspirant position for which grant is applied for at the same time as the planned aspirant period.,kulturdirektoratet_norway,['Grant/Funding'],['Multidisciplinary'],round3_targeted,PRIOR_FUNDING
kulturdirektoratet_norway_78d085e42f4b,kulturdirektoratet_norway_78d085e42f4b_1,1,Businesses that receive a fixed annual government subsidy usually do not receive support from this scheme.,kulturdirektoratet_norway,['Grant/Funding'],['Literature/Writing'],round3_targeted,PRIOR_FUNDING
kunststiftung_nrw_ea16b408c349,kunststiftung_nrw_ea16b408c349_0,0,The grants are intended for practitioners of visual art from North Rhine-Westphalia who have already received public recognition.,kunststiftung_nrw,['Grant/Funding'],['Visual Arts'],round3_targeted,PRIOR_FUNDING
kunststiftung_nrw_6b36eed08299,kunststiftung_nrw_6b36eed08299_1,1,"It is aimed at professional artists whose center of life is in North Rhine-Westphalia, who have already received public recognition and can demonstrate initial professional success.",kunststiftung_nrw,['Grant/Funding'],['Visual Arts'],round3_targeted,PRIOR_FUNDING
kulturdirektoratet_norway_d156e945d878,kulturdirektoratet_norway_d156e945d878_2,2,Applicants who receive a fixed annual state grant are normally not awarded grants from this scheme.,kulturdirektoratet_norway,['Grant/Funding'],['Music'],round3_targeted,PRIOR_FUNDING
kunststiftung_nrw_d84895c9fc5f,kunststiftung_nrw_d84895c9fc5f_0,0,"The call is open to professional artists with their primary residence in North Rhine-Westphalia, who have already received public recognition or can demonstrate initial professional success.",kunststiftung_nrw,['Grant/Funding'],['Visual Arts'],round3_targeted,PRIOR_FUNDING
kunststiftung_nrw_ea16b408c349,kunststiftung_nrw_ea16b408c349_1,1,Applications that have been rejected once cannot be submitted again.,kunststiftung_nrw,['Grant/Funding'],['Visual Arts'],round3_targeted,PRIOR_FUNDING
