opportunity_id,chunk_id,chunk_text,labels,source,notes
nordic_culture_point_99a3ce7db217,nordic_culture_point_99a3ce7db217_0,"Funding is available for professional artists and cultural practitioners (such as curators, producers, literary translators, cultural editors or researchers) in all forms of art and culture.",DISCIPLINE|CAREER_STAGE,relabel,round 4: professional artists
nordic_culture_point_99a3ce7db217,nordic_culture_point_99a3ce7db217_1,Applications may be submitted by individuals or organisations. “Professional” means that there is documented experience of work in the field of art and culture and/or training in art or culture.,CAREER_STAGE,single,
nordic_culture_point_99a3ce7db217,nordic_culture_point_99a3ce7db217_3,"Groups, organisations, and institutions must be registered in a Nordic or Baltic country in order to apply.",APPLICANT_TYPE,single,
nordic_culture_point_99a3ce7db217,nordic_culture_point_99a3ce7db217_4,"The network must consist of partners from: at least three Nordic and/or Baltic countries (Denmark, Estonia, Finland, the Faroe Islands, Greenland, Iceland, Latvia, Lithuania, Norway, Sweden, and Åland.) The network may include additional partners who do not operate in the Nordic or Baltic region.",OTHER_ELIGIBILITY,single,
kunsten_be_flanders_29113af76b09,kunsten_be_flanders_29113af76b09_0,"the Berlin Biennale invites a group of fifteen early-career curators, educators, and other practitioners to participate in this seven-day workshop.",CAREER_STAGE|DISCIPLINE,relabel,round 4: early-career curators: the fused example of the 2026-09-24 entry
kunst_dk_denmark_823c0bbbc582,kunst_dk_denmark_823c0bbbc582_0,"Smaller theatres, performing arts groups, independent performing artists and operators organising or working with performing arts activities can apply for grants of max.",DISCIPLINE,single,
kunst_dk_denmark_823c0bbbc582,kunst_dk_denmark_823c0bbbc582_1,"DKK 100,000 for international performing arts activities.",DISCIPLINE,single,
kunst_dk_denmark_823c0bbbc582,kunst_dk_denmark_823c0bbbc582_3,"Smaller theatres, performing arts groups, independent performing artists and operators organising or working with performing arts activities.",DISCIPLINE,single,
kunst_dk_denmark_823c0bbbc582,kunst_dk_denmark_823c0bbbc582_5,"Support cannot be granted for projects, which are carried out exclusively by the large institutional theatres.",APPLICANT_TYPE,single,
kunst_dk_denmark_823c0bbbc582,kunst_dk_denmark_823c0bbbc582_6,"By large institutional theatres we mean The Royal Danish Theatre, the Danish regional theatres, the Jutland Opera, and the theatres in the Copenhagen theatre association may not apply.",APPLICANT_TYPE,single,
kunst_dk_denmark_823c0bbbc582,kunst_dk_denmark_823c0bbbc582_7,You cannot receive funding for the following purposes activities initiated ahead of the deadline educational purposes for individuals,NONE,single,
kunsten_be_flanders_0c520b567ceb,kunsten_be_flanders_0c520b567ceb_0,The Rencontres d’Arles curatorial research grant is aimed at exhibition curators wishing to carry out an original project relating to image or photography.,DISCIPLINE,single,
kulturdirektoratet_norway_424c960502a7,kulturdirektoratet_norway_424c960502a7_0,Publishers with a Norwegian organization number may apply for this scheme.,RESIDENCE|APPLICANT_TYPE,relabel,round 4: publishers = organisations only
kulturdirektoratet_norway_424c960502a7,kulturdirektoratet_norway_424c960502a7_1,It is important that you as the publisher have entered into an agreement with the author and any other creators (such as illustrators and translators) before applying.,NONE,single,
dansateliers_rotterdam_33931cad7e6f,dansateliers_rotterdam_33931cad7e6f_0,We are looking for experienced dancers and circus artists with a strong physical presence and technical ability.,DISCIPLINE|CAREER_STAGE,relabel,round 4: experienced dancers
dansateliers_rotterdam_33931cad7e6f,dansateliers_rotterdam_33931cad7e6f_1,"Performers who are versatile, comfortable with working in both acrobatic and dance-based contexts, and who can engage with abstract concepts while bringing their own individuality and creativity to the process.",DISCIPLINE,single,
dansateliers_rotterdam_33931cad7e6f,dansateliers_rotterdam_33931cad7e6f_2,It is preferred that you live in the area around Rotterdam.,RESIDENCE,single,
dansateliers_rotterdam_33931cad7e6f,dansateliers_rotterdam_33931cad7e6f_3,"Marta & Kim are searching for a total of 2 additional performers, who meet the following conditions:",DISCIPLINE,single,
dansateliers_rotterdam_33931cad7e6f,dansateliers_rotterdam_33931cad7e6f_4,HBO level circus or dance trained,EDUCATION|DISCIPLINE,relabel,round 4: circus or dance trained
dansateliers_rotterdam_33931cad7e6f,dansateliers_rotterdam_33931cad7e6f_5,"Relevant stage experience is highly valued •.Experience and talent for partnering, but also able to execute solo material",CAREER_STAGE,single,
dansateliers_rotterdam_33931cad7e6f,dansateliers_rotterdam_33931cad7e6f_6,Able to commute to our studio space at Dansateliers Rotterdam (we can’t provide accommodation during rehearsals),RESIDENCE,single,
dansateliers_rotterdam_33931cad7e6f,dansateliers_rotterdam_33931cad7e6f_7,Availability for rehearsals and touring.,NONE,single,
mondriaan_fund_a939eddff305,mondriaan_fund_a939eddff305_0,"Applications can only be submitted by visual artists who have been professionally active for at least 1 year: If you have completed a Bachelor’s degree programme (HBO) with a visual arts curriculum, the date on your diploma will be considered the start of your professional practice.",CAREER_STAGE|DISCIPLINE,relabel,round 4: only visual artists; diploma clause stays a CAREER_STAGE definition (2026-09-24 rule)
mondriaan_fund_a939eddff305,mondriaan_fund_a939eddff305_1,"If there is an interim period between your graduation from the Bachelor’s programme with a visual arts curriculum and the start of your Master’s programme, this period will be considered as part of your professional practice.",CAREER_STAGE,single,
mondriaan_fund_a939eddff305,mondriaan_fund_a939eddff305_2,"If you have not completed a Bachelor’s degree programme (HBO) with a visual arts curriculum, the date on which you first presented work in professional art circles will be considered the start of your professional practice.",CAREER_STAGE,single,
mondriaan_fund_a939eddff305,mondriaan_fund_a939eddff305_4,You cannot apply for or use a contribution while enrolled to study at educational institutions for e.g.,STUDENT_STATUS,single,
mondriaan_fund_a939eddff305,mondriaan_fund_a939eddff305_5,"Bachelor’s, Master’s or postdoctoral programmes.",STUDENT_STATUS,single,
mondriaan_fund_a939eddff305,mondriaan_fund_a939eddff305_6,This also applies to participation in programmes at postgraduate institutions and to PhD programmes.,STUDENT_STATUS,single,
mondriaan_fund_a939eddff305,mondriaan_fund_a939eddff305_7,The exception is part-time programmes (not Bachelor’s programmes) of less than 20 hours a week.,STUDENT_STATUS,single,
kunsten_be_flanders_4d016b2d08b2,kunsten_be_flanders_4d016b2d08b2_0,"We are inviting anyone to send us a proposal to create a performance, character or small happening around the (social) aspects of drinking tea (ceremonial, historical, colonial, its gossipy aspect etc) to be presented during our Dress-up-tea-Party.",NONE,single,
kunsten_be_flanders_4d016b2d08b2,kunsten_be_flanders_4d016b2d08b2_1,"For the ‘Dress-up’ part of our party, we welcome fashion- & costume designers to send a proposal of a selection of pieces/ costumes (from their oeuvre) to be used during the Dress-Up-Tea-Party.",DISCIPLINE,single,
kunsten_be_flanders_4d016b2d08b2,kunsten_be_flanders_4d016b2d08b2_2,Your pieces will be actively worn by visitors/participants and will be handled with care.,NONE,single,
kunsten_be_flanders_1c78c30f66d3,kunsten_be_flanders_1c78c30f66d3_0,"Eligible for support are Dutch-Belgian co-projects across all disciplines, but special attention is given to the performing arts, contemporary visual arts, the creative industries (especially architecture, design, fashion and digital art), and cultural heritage.",RESIDENCE,single,
kunsten_be_flanders_1c78c30f66d3,kunsten_be_flanders_1c78c30f66d3_1,Multidisciplinary projects are also welcome.,NONE,single,
kunsten_be_flanders_1c78c30f66d3,kunsten_be_flanders_1c78c30f66d3_2,"In addition, the embassy welcomes projects that explore innovative formats and presentation methods, cross-border cultural exchange, and initiatives that promote participation and inclusion, equal rights, and sustainability.",NONE,single,
kunsten_be_flanders_1c78c30f66d3,kunsten_be_flanders_1c78c30f66d3_3,"Projects must take place in Belgium, unless they involve virtual collaboration.",RESIDENCE,single,
kunsten_be_flanders_1c78c30f66d3,kunsten_be_flanders_1c78c30f66d3_4,Special attention is given to projects taking place in Wallonia and the Meuse-Rhine Euregion.,RESIDENCE,single,
kunsten_be_flanders_1c78c30f66d3,kunsten_be_flanders_1c78c30f66d3_5,Note: only the Belgian partner can apply for this funding.,RESIDENCE,single,
vkkf_konkursu_grafiks_1c89433f51e6,vkkf_konkursu_grafiks_1c89433f51e6_0,"The objectives, tasks, applicant eligibility and other issues related to the conduct of the program competition are set out in the regulations of each target program competition.",NONE,single,
kunsten_be_flanders_73af767aad70,kunsten_be_flanders_73af767aad70_0,No prior professional experience in performance is required.,CAREER_STAGE,single,
kunsten_be_flanders_73af767aad70,kunsten_be_flanders_73af767aad70_1,Participants contribute to situated individual and speculative narratives embedded in the architectural and institutional context.,NONE,single,
kunsten_be_flanders_73af767aad70,kunsten_be_flanders_73af767aad70_2,A connection to the local context and openness to collaborative work are essential.,NONE,single,
kunsten_be_flanders_217b1f327dad,kunsten_be_flanders_217b1f327dad_0,You are a performing musician,DISCIPLINE,single,
kunsten_be_flanders_217b1f327dad,kunsten_be_flanders_217b1f327dad_1,You are pursuing a master’s degree or have just graduated as a musician,STUDENT_STATUS|DISCIPLINE,relabel,round 4: as a musician
kunsten_be_flanders_217b1f327dad,kunsten_be_flanders_217b1f327dad_2,You are building a career in Flanders or Brussels.,RESIDENCE,single,
kunsten_be_flanders_217b1f327dad,kunsten_be_flanders_217b1f327dad_3,"Because some of the topics we will discuss (such as the different statutes or developing projects) are tied to a specific context, we believe the workshop will be most useful for those who work or will work in this context.",NONE,single,
kunsten_be_flanders_217b1f327dad,kunsten_be_flanders_217b1f327dad_4,"Specifically, the workshop is intended for those who:",NONE,single,
kunsten_be_flanders_217b1f327dad,kunsten_be_flanders_217b1f327dad_5,have studied or are studying at a Flemish or Brussels Conservatoire.,EDUCATION,single,
kunsten_be_flanders_217b1f327dad,kunsten_be_flanders_217b1f327dad_6,want to build a career in Flanders or Brussels.,RESIDENCE,single,
kunsten_be_flanders_217b1f327dad,kunsten_be_flanders_217b1f327dad_7,You work with early music,DISCIPLINE,single,
deutscher_uebersetzerfonds_c207b387a453,deutscher_uebersetzerfonds_c207b387a453_0,Work grant (target language German),DISCIPLINE,single,
kunsten_be_flanders_df27ab545c60,kunsten_be_flanders_df27ab545c60_0,"We are looking for a person whose artistic practice is centered around hosting and hospitality, someone who builds an open and curious space where creation can appear unexpectedly.",DISCIPLINE,single,
kunsten_be_flanders_df27ab545c60,kunsten_be_flanders_df27ab545c60_1,"We are looking for someone who: works across disciplines (textile, movement, ceramics, poetry, cooking, etc.); blends art, hospitality, care, and community; feels comfortable in multilingual settings; is familiar with migration (by lived experience or affinity); can listen, let go, and stay open to the unexpected; prefers process over product; enjoys collaborating with people with no artistic training but strong imagination.",DISCIPLINE,single,
kunsten_be_flanders_df27ab545c60,kunsten_be_flanders_df27ab545c60_2,"We especially welcome applications from artists with migration backgrounds, artists of color, queer, neurodiverse, and non-binary artists.",NONE,single,
dgartes_portugal_111bdc1e2ebf,dgartes_portugal_111bdc1e2ebf_1,"103/2017, of 24 August, in its current wording, in accordance with the following access conditions:",NONE,single,
dgartes_portugal_111bdc1e2ebf,dgartes_portugal_111bdc1e2ebf_2,Biennial support modality: have at least four years of continuous professional activity;,CAREER_STAGE,single,
dgartes_portugal_111bdc1e2ebf,dgartes_portugal_111bdc1e2ebf_4,"Private foundations or public foundations under private law that have another type of continuous funding, ensured by the budget programme of the culture area, as well as associations mainly constituted by public entities and companies in the state business sector and of the autonomous regions, are not admitted to the tender procedure.",APPLICANT_TYPE,single,
dgartes_portugal_111bdc1e2ebf,dgartes_portugal_111bdc1e2ebf_5,Entities that have signed an addendum to renew the sustained support contract in the quadriennial modality are not admitted to the tender procedure.,PRIOR_FUNDING,single,
dgartes_portugal_111bdc1e2ebf,dgartes_portugal_111bdc1e2ebf_6,"Entities must frame their activity in only one application and, in the event of support being granted, the respective contract constitutes the sole support instrument for the period for which it is intended, except as provided for in Article 26(4) of Decree-Law No.",NONE,single,
dgartes_portugal_111bdc1e2ebf,dgartes_portugal_111bdc1e2ebf_7,"103/2017, of 24 August, in its current wording.",NONE,single,
kunsten_be_flanders_9b6a847d32f1,kunsten_be_flanders_9b6a847d32f1_0,Organizational Focus: Grants are available to legal entities/organizations.,APPLICANT_TYPE,single,
kunsten_be_flanders_9b6a847d32f1,kunsten_be_flanders_9b6a847d32f1_1,Open Sectoral Approach: No strict sectoral restrictions; participation is open to all cultural and creative sectors with a focus on participatory and socially-engaged work.,DISCIPLINE,single,
kunsten_be_flanders_9b6a847d32f1,kunsten_be_flanders_9b6a847d32f1_2,Limitation is the Audiovisual sector (MEDIA).,DISCIPLINE,single,
kunsten_be_flanders_9b6a847d32f1,kunsten_be_flanders_9b6a847d32f1_3,"Benelux Interest: Specifically tailored for organizations from Flanders, Luxembourg, the Netherlands, and Wallonia looking for high-impact international cooperation with Ukraine.",RESIDENCE|APPLICANT_TYPE,relabel,round 4: organisations from named regions
mondriaan_fund_e52bef22781c,mondriaan_fund_e52bef22781c_1,"The activity associated with the application is part of a publicly accessible programme, such as a lecture, performance, book presentation or participation on a panel.",OTHER_ELIGIBILITY,single,
mondriaan_fund_e52bef22781c,mondriaan_fund_e52bef22781c_2,"The artist, curator or art observer has received an invitation from a contemporary visual art institution, venue, festival or symposium outside of the Netherlands with demonstrable and internationally recognised programming in the field of contemporary visual art.",OTHER_ELIGIBILITY,single,
mondriaan_fund_e52bef22781c,mondriaan_fund_e52bef22781c_3,"The invitation shows that the institution, venue, festival or symposium is offering the artist, curator or art observer a realistic fee for their participation in the public programme.",OTHER_ELIGIBILITY,single,
mondriaan_fund_e52bef22781c,mondriaan_fund_e52bef22781c_4,Voucher International can be awarded no more than twice per applicant within a 12-month period.,PRIOR_FUNDING,single,
mondriaan_fund_e52bef22781c,mondriaan_fund_e52bef22781c_5,"For artists: You must have been working as a professional visual artist for at least 1 year: If you have completed a Bachelor’s degree programme (HBO) with a visual arts curriculum, the date on your diploma will be considered the start of your professional practice.",CAREER_STAGE|DISCIPLINE,relabel,round 4: professional visual artist; diploma clause is a definition
mondriaan_fund_e52bef22781c,mondriaan_fund_e52bef22781c_6,"If there is an interim period between your graduation from the Bachelor’s programme with a visual arts curriculum and the start of your Master’s programme, this period will be considered as part of your professional practice.",CAREER_STAGE,single,
mondriaan_fund_e52bef22781c,mondriaan_fund_e52bef22781c_7,"If you have not completed a Bachelor’s degree programme (HBO) with a visual arts curriculum, the date on which you first presented work in professional art circles will be considered the start of your professional practice.",CAREER_STAGE,single,
mondriaan_fund_e52bef22781c,mondriaan_fund_e52bef22781c_9,You may not apply for the Voucher International contribution while studying at educational institutions for e.g.,STUDENT_STATUS,single,
mondriaan_fund_e52bef22781c,mondriaan_fund_e52bef22781c_10,"Bachelor’s, Master’s or postdoctoral programmes.",STUDENT_STATUS,single,
mondriaan_fund_e52bef22781c,mondriaan_fund_e52bef22781c_11,This also applies to participation in programmes at postgraduate institutions.,STUDENT_STATUS,single,
mondriaan_fund_e52bef22781c,mondriaan_fund_e52bef22781c_12,"In the case that a visual artist studies part-time (not a Bachelor's degree programme) for less than 20 hours a week, a grant may be awarded if: the applicant has been professionally active as an artist for at least 3 years, or has attended a Bachelor's degree programme (HBO) at a visual arts educational institution for at least 3 years and has subsequently been professionally active as an artist for at least 1 year.",CAREER_STAGE,single,
mondriaan_fund_e52bef22781c,mondriaan_fund_e52bef22781c_13,"For curators, critics and art observers: You have been working as a professional curator, art critic or art observer in the field of visual art for at least 2 years, and can support this with publications, exhibitions, research and/or projects.",CAREER_STAGE|DISCIPLINE,relabel,round 4: curator/critic in visual art for 2+ years
mondriaan_fund_e52bef22781c,mondriaan_fund_e52bef22781c_14,You may not apply for the Voucher International contribution while studying at educational institutions for e.g.,STUDENT_STATUS,single,
mondriaan_fund_e52bef22781c,mondriaan_fund_e52bef22781c_15,"Bachelor's, Master's or postdoctoral programmes.",STUDENT_STATUS,single,
mondriaan_fund_e52bef22781c,mondriaan_fund_e52bef22781c_16,This also applies to participation in programmes at postgraduate institutions.,STUDENT_STATUS,single,
mondriaan_fund_e52bef22781c,mondriaan_fund_e52bef22781c_18,"For curators and art observers, the activity associated with the application must be part of their independent practice.",OTHER_ELIGIBILITY,single,
mondriaan_fund_3b86b5d4af2f,mondriaan_fund_3b86b5d4af2f_1,"You have been working as a professional curator or art observer in the visual arts or cultural heritage field for at least 2 years and can demonstrate this with publications, exhibitions, research and/or other projects.",CAREER_STAGE|DISCIPLINE,relabel,round 4: curator in visual arts/heritage for 2+ years
kunstlerhaus_bethanien_25455ce5e85d,kunstlerhaus_bethanien_25455ce5e85d_2,Previous recipients of the Residency are not eligible to apply.,PRIOR_FUNDING,single,
kunstlerhaus_bethanien_25455ce5e85d,kunstlerhaus_bethanien_25455ce5e85d_3,"The previous recipients are Peter Robinson, Michael Stevenson, Ronnie van Hout, Mladen Bizumic, Sara Hughes, Alicia Frankovich, Ben Cauchi, Greg Semu, Oscar Enberg, Biljana Popovic, Ella Sutherland and most recently Areez Katki.",NONE,single,
kulturdirektoratet_norway_51f931899871,kulturdirektoratet_norway_51f931899871_0,The scheme is aimed at applicants who represent the Romani people/Tater people or have broad roots in the group.,OTHER_ELIGIBILITY,single,
kulturdirektoratet_norway_51f931899871,kulturdirektoratet_norway_51f931899871_1,"Grants for preliminary projects may be applied for by private individuals, institutions, organizations, and enterprises affiliated with the Romani people/Tater people.",APPLICANT_TYPE,single,
kulturdirektoratet_norway_51f931899871,kulturdirektoratet_norway_51f931899871_2,Development grants may be applied for by enterprises that are registered in the Register of Business Enterprises with a legal form other than sole proprietorship.,APPLICANT_TYPE,single,
kulturdirektoratet_norway_51f931899871,kulturdirektoratet_norway_51f931899871_3,"Beyond this, there are no requirements regarding a specific organizational form, but you cannot take out dividends from funds you have received in grant funding.",APPLICANT_TYPE,single,
kulturdirektoratet_norway_51f931899871,kulturdirektoratet_norway_51f931899871_4,Applicants that receive a fixed annual state grant are normally not awarded support from this scheme.,PRIOR_FUNDING,single,
vkkf_konkursu_grafiks_f32630f6a32d,vkkf_konkursu_grafiks_f32630f6a32d_0,The State Culture Capital Foundation provides funding to a legal entity or natural person…,APPLICANT_TYPE,single,
fpu_slovakia_c225bfd4c2a2,fpu_slovakia_c225bfd4c2a2_0,Eligible applicants may submit two grant applications within the subprogram.,NONE,single,
fpu_slovakia_c225bfd4c2a2,fpu_slovakia_c225bfd4c2a2_1,"If the applicant submits more than two applications, the fund will consider only the first two delivered applications as complete, or the first two applications with the lower serial number, and the others will be excluded.",NONE,single,
fpu_slovakia_c225bfd4c2a2,fpu_slovakia_c225bfd4c2a2_2,"Within Program 2, the following are not supported: creation and presentation of stage works, organization of local or regional events, activities of public higher education institutions (support may be requested only in Program 5), activities in the field of cultural-educational activity, material and technical equipment, if it does not directly relate to the implementation of the project.",NONE,single,
fpu_slovakia_c225bfd4c2a2,fpu_slovakia_c225bfd4c2a2_3,"Support is not intended for: accompanying events that are not related to the original focus, projects aimed exclusively at education or research, unsystematic events without regard to artistic or professional level, technical equipment if it is not demonstrably part of the implementation of the project, events with a purely commercial focus or for a closed audience, the creation of works of art, unless, for example, site-specific art is involved.",NONE,single,
fpu_slovakia_c225bfd4c2a2,fpu_slovakia_c225bfd4c2a2_4,"Eligible applicants: Support is intended for entities that demonstrably operate in the above-mentioned area and have the relevant legal form authorizing them to submit an application. commercial company, civic association, foundation, association of legal entities, non-profit organization providing generally beneficial services, non-investment fund.",APPLICANT_TYPE,single,
fpu_slovakia_c225bfd4c2a2,fpu_slovakia_c225bfd4c2a2_5,"In the case of an application for the realization of a competition, the applicant is obliged to submit the competition statute.",NONE,single,
fpu_slovakia_c225bfd4c2a2,fpu_slovakia_c225bfd4c2a2_6,"Curatorial concept of the exhibition / salon / festival In the case of a site-specific work, the applicant attaches a sketch / sketches of the prepared work.",NONE,single,
fpu_slovakia_ca6ca107a312,fpu_slovakia_ca6ca107a312_0,Support is intended exclusively for gallery projects that are registered in the Register of Museums and Galleries of the Slovak Republic.,APPLICANT_TYPE,single,
fpu_slovakia_ca6ca107a312,fpu_slovakia_ca6ca107a312_1,"The applicant must have one of the following legal forms: a) higher territorial unit, city or municipality, b) budgetary or contributory organization established by a higher territorial unit, c) budgetary or contributory organization established by a municipality, d) civic association, e) foundation, f) association of legal entities, g) non-profit organization providing generally beneficial services, h) non-investment fund.",APPLICANT_TYPE,single,
kunsten_be_flanders_61e96ffd7526,kunsten_be_flanders_61e96ffd7526_0,"TOGETHERNESS is looking for eight dancers/movement artists who are interested in exploring, creating and supporting the project.",DISCIPLINE,single,
kunsten_be_flanders_61e96ffd7526,kunsten_be_flanders_61e96ffd7526_3,Available during the creation and performance period,OTHER_ELIGIBILITY,single,
kunsten_be_flanders_61e96ffd7526,kunsten_be_flanders_61e96ffd7526_4,"Willing to explore, create and contribute to the project **We are looking for a diverse group, a mix of different profiles (from amateur to professional, dancers with different physical abilities, young and old, M/F/X, diverse backgrounds, etc.)",NONE,single,
acc_galerie_weimar_1c586a1763b4,acc_galerie_weimar_1c586a1763b4_0,The International Studio Program is looking for compelling project proposals from visual artists from around the world that address these questions.,DISCIPLINE,single,
acc_galerie_weimar_1c586a1763b4,acc_galerie_weimar_1c586a1763b4_1,We welcome experimental forms that embrace Weimar as a place of remembrance—in a good sense as in art and high culture as well as in the bad sense of experiences like the Nazi era.,NONE,single,
acc_galerie_weimar_1c586a1763b4,acc_galerie_weimar_1c586a1763b4_2,"Under consideration are also the small stories of ""everyday"" life.",NONE,single,
petofi_kulturalis_ugynokseg_hungary_cf3b29240739,petofi_kulturalis_ugynokseg_hungary_cf3b29240739_0,Applications can be submitted through the Cultural Grants Support Management System (KPTR).,NONE,single,
kunsten_be_flanders_ad6b7bb11552,kunsten_be_flanders_ad6b7bb11552_1,Please send an e-mail to contact@kunstpodium-t.com .,NONE,single,
kunsten_be_flanders_ad6b7bb11552,kunsten_be_flanders_ad6b7bb11552_2,We will determine your eligibility for our program on a case-by-case basis.,NONE,single,
kunsten_be_flanders_d04919f3f6f8,kunsten_be_flanders_d04919f3f6f8_0,"Are you an artist, designer, researcher, software designer or developer?",DISCIPLINE,single,
kunsten_be_flanders_d04919f3f6f8,kunsten_be_flanders_d04919f3f6f8_1,"Working in marketing, law, technology, policymaking, politics?",DISCIPLINE,single,
kunsten_be_flanders_d04919f3f6f8,kunsten_be_flanders_d04919f3f6f8_2,Interested in human rights and equality?,NONE,single,
kunsten_be_flanders_d04919f3f6f8,kunsten_be_flanders_d04919f3f6f8_3,Are you open to working on collaborative projects that can speak to the imagination of a wider audience and inspire them to think about their digital agency?,NONE,single,
kunsten_be_flanders_d04919f3f6f8,kunsten_be_flanders_d04919f3f6f8_4,"If you answered yes to any of these questions, or if you're simply concerned about our digital rights and the lack of agency across the online platforms we use, then IMPAKT is looking for you! ... we invite creatives, professional and non-professional artists, and concerned citizens of the Netherlands and Belgium to embark on a journey of critical discourse and collaborative creation regarding digital rights.",NATIONALITY,single,
vkkf_konkursu_grafiks_cc925fb8e3aa,vkkf_konkursu_grafiks_cc925fb8e3aa_0,"The objectives of the target program, the tasks, the range of applicants, and other issues related to the conduct of the program competition are specified in the regulations of each target program competition.",NONE,single,
kunststiftung_nrw_9fcfea3c0364,kunststiftung_nrw_9fcfea3c0364_0,a program for particularly gifted young visual artists in contemporary art.,DISCIPLINE|CAREER_STAGE,relabel,"round 4: young visual artists, no age number"
kunststiftung_nrw_9fcfea3c0364,kunststiftung_nrw_9fcfea3c0364_1,Four twelve-month stipends are awarded each year.,NONE,single,
kunsten_be_flanders_b9f09f8cf7be,kunsten_be_flanders_b9f09f8cf7be_0,Legal resident of a European country other than Spain.,RESIDENCE,single,
kunsten_be_flanders_b9f09f8cf7be,kunsten_be_flanders_b9f09f8cf7be_1,Full 30-day availability required.,OTHER_ELIGIBILITY,single,
fpu_slovakia_fcdd8108067d,fpu_slovakia_fcdd8108067d_0,"Support is intended exclusively for applicants who demonstrably operate and carry out activities in the field of education, research, criticism and professional reflection of art, culture and the creative industry or dance art.",DISCIPLINE,single,
fpu_slovakia_fcdd8108067d,fpu_slovakia_fcdd8108067d_1,The grant may be provided exclusively to entities possessing authorization to carry out the activities they plan to implement within the project.,APPLICANT_TYPE,single,
fpu_slovakia_fcdd8108067d,fpu_slovakia_fcdd8108067d_2,"The applicant must have one of the following legal forms: a) natural person – sole trader, b) commercial company, c) higher territorial unit or municipality, d) budgetary or contributory organization established by a municipality, e) budgetary or contributory organization established by a higher territorial unit (VÚC), f) civic association, g) foundation, h) association of legal entities, i) non-profit organization providing generally beneficial services, j) non-investment fund, k) organization with an international element.",APPLICANT_TYPE,single,
arts_council_wales_b3ec3ab6ac65,arts_council_wales_b3ec3ab6ac65_2,"Unfortunately, we cannot support applications from applicants outside of state-maintained schools or pupil referral units.",APPLICANT_TYPE,single,
arts_council_wales_b3ec3ab6ac65,arts_council_wales_b3ec3ab6ac65_3,Schools and pupil referral units can apply to the Go and See Fund more than once throughout the year but must submit completion reports before reapplying.,PRIOR_FUNDING,single,
fpu_slovakia_d6c96b5ea377,fpu_slovakia_d6c96b5ea377_0,The applicant demonstrably active and carrying out activities in the field of literature.,DISCIPLINE,single,
fpu_slovakia_d6c96b5ea377,fpu_slovakia_d6c96b5ea377_1,Support is intended exclusively for entities holding authorization to perform the activities they plan to implement within the project (publishing activity).,APPLICANT_TYPE,single,
fpu_slovakia_d6c96b5ea377,fpu_slovakia_d6c96b5ea377_2,"The applicant must have one of the following legal forms: a) natural person – sole trader, b) non-profit organization providing generally beneficial services, c) civic association, d) foundation, e) commercial company.",APPLICANT_TYPE,single,
kulturdirektoratet_norway_0829c1124ca4,kulturdirektoratet_norway_0829c1124ca4_0,Small and medium-sized actors in the professional music and performing arts field can apply.,DISCIPLINE|CAREER_STAGE,relabel,round 4: professional music field
kulturdirektoratet_norway_0829c1124ca4,kulturdirektoratet_norway_0829c1124ca4_1,"Applicants may be ensembles, venues, presenters, companies, performance venues, festivals, producers, bands or individual artists, within all genres in music and performing arts.",DISCIPLINE,single,
kulturdirektoratet_norway_0829c1124ca4,kulturdirektoratet_norway_0829c1124ca4_2,Applicants should have experience with international touring and/or international collaboration.,CAREER_STAGE,single,
dansateliers_rotterdam_e3404a6adf78,dansateliers_rotterdam_e3404a6adf78_2,"Artists are interested in choreographic procedures, tools and audience strategies in relation to their own work.",DISCIPLINE,single,
dansateliers_rotterdam_e3404a6adf78,dansateliers_rotterdam_e3404a6adf78_3,They have experience with peer-to-peer feedback and are interested in and comfortable with sharing their practice and work with others.,NONE,single,
dansateliers_rotterdam_e3404a6adf78,dansateliers_rotterdam_e3404a6adf78_4,Please note: We are open to artists with specific access needs.,NONE,single,
dansateliers_rotterdam_e3404a6adf78,dansateliers_rotterdam_e3404a6adf78_5,The Dansateliers building is currently not wheelchair accessible.,OTHER_ELIGIBILITY,single,
dansateliers_rotterdam_e3404a6adf78,dansateliers_rotterdam_e3404a6adf78_6,Participants need to be able to climb stairs to reach the studios.,OTHER_ELIGIBILITY,single,
dansateliers_rotterdam_e3404a6adf78,dansateliers_rotterdam_e3404a6adf78_8,1 artist residing in Europe,RESIDENCE,single,
dansateliers_rotterdam_e3404a6adf78,dansateliers_rotterdam_e3404a6adf78_9,1 artist residing in The Netherlands,RESIDENCE,single,
u_jazdowski_warsaw_ea8781efb99b,u_jazdowski_warsaw_ea8781efb99b_0,"Open call for Palestinian artists , cultural practitioners , theorists , curators , and people working at the intersection of education / art / activism",NATIONALITY,single,
u_jazdowski_warsaw_ea8781efb99b,u_jazdowski_warsaw_ea8781efb99b_1,"We encourage applications from individuals whose practice is based on artistic research , regardless of the medium they use ( visual arts , performance , literature , music , etc . ) .",DISCIPLINE,single,
u_jazdowski_warsaw_ea8781efb99b,u_jazdowski_warsaw_ea8781efb99b_2,"Target group Artists , cultural practitioners , theorists , curators , and people working at the intersection of education / art / activism; and those engaged in participatory work with communities who recognize themselves as Palestinians .",NATIONALITY,single,
u_jazdowski_warsaw_ea8781efb99b,u_jazdowski_warsaw_ea8781efb99b_3,"Collectives Yes , max two people",APPLICANT_TYPE,single,
fpu_slovakia_68f877702488,fpu_slovakia_68f877702488_0,Support is intended exclusively for applicants whose activity is in the field of culture and the arts.,DISCIPLINE,single,
fpu_slovakia_68f877702488,fpu_slovakia_68f877702488_1,"The applicant must have one of the following legal forms: a) non-profit organization providing generally beneficial services, b) civic association, c) business company, d) budgetary or contributory organization founded by a self-governing region, e) budgetary or contributory organization founded by a municipality, f) self-governing region, town, municipality",APPLICANT_TYPE,single,
fundacao_gulbenkian_86e33a273257,fundacao_gulbenkian_86e33a273257_0,Applications are open to students who:,STUDENT_STATUS,single,
fundacao_gulbenkian_86e33a273257,fundacao_gulbenkian_86e33a273257_1,"Will be enrolled in the 2nd, 3rd or 4th year of a bachelor's degree or integrated master's programme, or in the 1st year of a master's degree, during the 2026/2027 academic year at a higher education institution in Portugal.",STUDENT_STATUS,single,
fundacao_gulbenkian_86e33a273257,fundacao_gulbenkian_86e33a273257_2,Have an average grade of 16.5 or above (on a 20-point scale) in the curricular units completed in the bachelor's program to date.,EDUCATION,single,
fpu_slovakia_bd27a915f70d,fpu_slovakia_bd27a915f70d_0,Eligible applicants are entities that are engaged in literary creation.,DISCIPLINE,single,
fpu_slovakia_bd27a915f70d,fpu_slovakia_bd27a915f70d_1,Organizations that systematically work on the upbringing and cultural education of children and youth.,APPLICANT_TYPE,single,
fpu_slovakia_bd27a915f70d,fpu_slovakia_bd27a915f70d_2,"The applicant must have one of the following legal forms: a) budgetary or contributory organization founded by a higher territorial unit, b) budgetary or contributory organization founded by a municipality, c) nonprofit organization, d) civic association, e) legal person, f) primary and secondary school, art school, conservatory",APPLICANT_TYPE,single,
bmwkms_austria_36f95e7e131b,bmwkms_austria_36f95e7e131b_1,"Students are not eligible to apply, as well as PhD students and doctoral candidates.",STUDENT_STATUS,single,
bmwkms_austria_36f95e7e131b,bmwkms_austria_36f95e7e131b_2,"This includes all persons enrolled at a university/university of applied sciences, regardless of their field of study.",STUDENT_STATUS,single,
bmwkms_austria_36f95e7e131b,bmwkms_austria_36f95e7e131b_3,Persons who have already received a state scholarship (regardless of the discipline).,PRIOR_FUNDING,single,
bmwkms_austria_36f95e7e131b,bmwkms_austria_36f95e7e131b_4,"Artists who have been awarded a studio grant, an international studio grant, or another long-term federal grant for 2027 (6 months or longer).",PRIOR_FUNDING,single,
bmwkms_austria_36f95e7e131b,bmwkms_austria_36f95e7e131b_5,Applications are only possible in one of the announced disciplines.,DISCIPLINE,single,
national_culture_fund_bulgaria_8fca12fac738,national_culture_fund_bulgaria_8fca12fac738_1,"Bulgarian private cultural organizations within the meaning of Article 10, paragraph 1 of the ZZRK;",RESIDENCE|APPLICANT_TYPE,relabel,round 4: private cultural organisations
national_culture_fund_bulgaria_8fca12fac738,national_culture_fund_bulgaria_8fca12fac738_2,Organizations registered under the Law on People's Community Centers;,APPLICANT_TYPE,single,
national_culture_fund_bulgaria_8fca12fac738,national_culture_fund_bulgaria_8fca12fac738_5,Persons and organizations sanctioned under Article 37 of the ZZRK and/or the application conditions under the relevant procedure for a period of up to two years from the imposition of the sanction;,OTHER_ELIGIBILITY,single,
national_culture_fund_bulgaria_8fca12fac738,national_culture_fund_bulgaria_8fca12fac738_6,"Persons and organizations in which a member of a management or control body, as well as a person temporarily performing such a position, including a procurator or commercial proxy, is a related person within the meaning of § 1, item 9 of the additional provisions of the Anti-Corruption Act with the executive director or with members of the management board;",OTHER_ELIGIBILITY,single,
national_culture_fund_bulgaria_8fca12fac738,national_culture_fund_bulgaria_8fca12fac738_7,Persons and organizations that have not submitted a report within the deadline under a contract for the provision of funds from the Fund or with which there is a pending court dispute regarding the performance of a contract financed by the Fund;,NONE,single,
national_culture_fund_bulgaria_8fca12fac738,national_culture_fund_bulgaria_8fca12fac738_8,"Projects that were not approved in previous competitions organized by the Fund, which does not include projects that were not approved due to insufficient funds specified in the order for the respective competition;",PRIOR_FUNDING,single,
national_culture_fund_bulgaria_8fca12fac738,national_culture_fund_bulgaria_8fca12fac738_9,Persons and organizations that are donors to the Fund;,OTHER_ELIGIBILITY,single,
national_culture_fund_bulgaria_8fca12fac738,national_culture_fund_bulgaria_8fca12fac738_10,Employees of the Fund;,OTHER_ELIGIBILITY,single,
national_culture_fund_bulgaria_8fca12fac738,national_culture_fund_bulgaria_8fca12fac738_11,Members of the expert committee only for competitions for which they are designated to participate in the respective committees pursuant to this ordinance;,OTHER_ELIGIBILITY,single,
national_culture_fund_bulgaria_8fca12fac738,national_culture_fund_bulgaria_8fca12fac738_12,Persons and organizations with two concluded contracts for the provision of funds from the Fund during the same calendar year;,PRIOR_FUNDING,single,
national_culture_fund_bulgaria_8fca12fac738,national_culture_fund_bulgaria_8fca12fac738_13,"Legal entities that are insolvent or are in insolvency proceedings, or in liquidation proceedings;",OTHER_ELIGIBILITY,single,
national_culture_fund_bulgaria_8fca12fac738,national_culture_fund_bulgaria_8fca12fac738_14,"Other persons restricted under the regime applicable to the competition, in accordance with the rules in the area of state aid;",OTHER_ELIGIBILITY,single,
national_culture_fund_bulgaria_8fca12fac738,national_culture_fund_bulgaria_8fca12fac738_15,"Persons who have due public liabilities, with the exception of liabilities under acts that have not entered into force, as well as deferred, postponed, or secured liabilities.",OTHER_ELIGIBILITY,single,
kulturdirektoratet_norway_90a7593f042e,kulturdirektoratet_norway_90a7593f042e_0,"The scheme is aimed at exhibition venues, institutions, festivals and other organizers in the visual arts field.",DISCIPLINE|APPLICANT_TYPE,relabel,"round 4: venues, institutions, organisers only"
kulturdirektoratet_norway_90a7593f042e,kulturdirektoratet_norway_90a7593f042e_1,"Sole proprietorships, private and public institutions, organizations and other enterprises may apply.",APPLICANT_TYPE,single,
kulturdirektoratet_norway_90a7593f042e,kulturdirektoratet_norway_90a7593f042e_2,Sole proprietorships may only apply when they act on behalf of an exhibition venue.,APPLICANT_TYPE,single,
kulturdirektoratet_norway_90a7593f042e,kulturdirektoratet_norway_90a7593f042e_3,"Individual artists, artist groups and individuals acting as independent actors in the field should instead apply to the grant scheme for project support visual art – artists.",APPLICANT_TYPE,single,
kulturdirektoratet_norway_90a7593f042e,kulturdirektoratet_norway_90a7593f042e_4,Applicants who receive fixed annual state grants normally do not receive grants from this scheme.,PRIOR_FUNDING,single,
bmwkms_austria_9877daa33711,bmwkms_austria_9877daa33711_2,Events of the federal museums also do not fall within the remit of the department.,NONE,single,
cite_internationale_des_arts_abfe03e1359b,cite_internationale_des_arts_abfe03e1359b_1,Their work and research are related to the In Situ theme.,NONE,single,
cite_internationale_des_arts_abfe03e1359b,cite_internationale_des_arts_abfe03e1359b_3,"Group applications (duo, collective) are accepted and will result in the attribution of one single live-in studio, one single monthly stipend, one single production grant, and a single payment of transportation costs.",APPLICANT_TYPE,single,
nordic_culture_fund_a339ebc0734d,nordic_culture_fund_a339ebc0734d_0,Both individuals and organisations can apply to ENTER.,APPLICANT_TYPE,single,
nordic_culture_fund_a339ebc0734d,nordic_culture_fund_a339ebc0734d_1,"You can come from the arts and culture sector or from other fields and sectors, as long as arts and/or culture play a central role in the initiative.",DISCIPLINE,single,
nordic_culture_fund_a339ebc0734d,nordic_culture_fund_a339ebc0734d_2,Applicants and partners can be based both within and outside the Nordic Region.,RESIDENCE,single,
nordic_culture_fund_a339ebc0734d,nordic_culture_fund_a339ebc0734d_3,What matters is that the initiative as a whole has a clear and meaningful connection to the Nordic Region.,RESIDENCE,single,
kunst_dk_denmark_028cc37c2d3b,kunst_dk_denmark_028cc37c2d3b_0,"Organisers of literary events, initiatives and literature presentation projects for children, young adults and adults.",DISCIPLINE,single,
kunst_dk_denmark_028cc37c2d3b,kunst_dk_denmark_028cc37c2d3b_1,The project must be based on Danish literature.,DISCIPLINE,single,
kunst_dk_denmark_028cc37c2d3b,kunst_dk_denmark_028cc37c2d3b_2,"Translators and publishers may apply for mentor support for translators, and translators may apply for network support.",DISCIPLINE,single,
kunst_dk_denmark_028cc37c2d3b,kunst_dk_denmark_028cc37c2d3b_3,"The authors, illustrators and translators involved must have published at least one work in Danish.",CAREER_STAGE,single,
kunst_dk_denmark_028cc37c2d3b,kunst_dk_denmark_028cc37c2d3b_4,Events with audiences must be available to the public and they must be clearly announced.,NONE,single,
kunst_dk_denmark_028cc37c2d3b,kunst_dk_denmark_028cc37c2d3b_5,"With regard to applications for mentor support, the translator or publisher may apply for a fixed amount of DKK 6,000 for the course of a concrete translation project.",NONE,single,
kunst_dk_denmark_028cc37c2d3b,kunst_dk_denmark_028cc37c2d3b_6,"With regard to applications for network support, the committee supports activities in local networks of translators who translate from Danish.",DISCIPLINE,single,
kunststiftung_nrw_8cec63e1851f,kunststiftung_nrw_8cec63e1851f_1,"independent, non-commercial art spaces and initiatives based in North Rhine-Westphalia that continuously support artistic work",RESIDENCE,single,
kunststiftung_nrw_8cec63e1851f,kunststiftung_nrw_8cec63e1851f_2,students are excluded from applying,STUDENT_STATUS,single,
kunststiftung_nrw_8cec63e1851f,kunststiftung_nrw_8cec63e1851f_3,rejected applications cannot be submitted a second time,PRIOR_FUNDING,single,
rannis_iceland_a290c26886c6,rannis_iceland_a290c26886c6_0,Professional performing art groups.,CAREER_STAGE|DISCIPLINE|APPLICANT_TYPE,relabel,round 4: professional performing art groups
dgartes_portugal_65271b0a7854,dgartes_portugal_65271b0a7854_0,"Those interested in joining the assessment and monitoring committees may express their interest; to do so, it is sufficient to formalize their application for registration.",NONE,single,
dgartes_portugal_65271b0a7854,dgartes_portugal_65271b0a7854_1,"For acceptance of their application for registration, the interested party must have professional experience or specialized knowledge in the areas of visual arts, performing arts, street arts or disciplinary crossovers.",DISCIPLINE|CAREER_STAGE,relabel,round 4: professional experience in the areas
dgartes_portugal_65271b0a7854,dgartes_portugal_65271b0a7854_2,"They may also apply if they are a specialist in the cultural area or have experience in fields of activity such as communication, creation, strategic mediation actions, publishing, training, internationalization, research, production or programming, as well as financial or cultural management.",DISCIPLINE,single,
dgartes_portugal_65271b0a7854,dgartes_portugal_65271b0a7854_3,"Applications from specialists in areas that result from the intersection of the arts with other sectors of activity or social dimensions, such as the environment, gender equality, citizenship, accessibility or interculturality, will also be considered.",DISCIPLINE,single,
kulturdirektoratet_norway_e1b48f36972d,kulturdirektoratet_norway_e1b48f36972d_0,"Professional musicians, artists, ensembles and bands can apply for grants for concert and touring activities within all genres.",DISCIPLINE|CAREER_STAGE,relabel,round 4: professional musicians
kulturdirektoratet_norway_e1b48f36972d,kulturdirektoratet_norway_e1b48f36972d_1,"The concerts can take place in Norway and abroad, but we place particular emphasis on concerts in Norway.",NONE,single,
kulturdirektoratet_norway_e1b48f36972d,kulturdirektoratet_norway_e1b48f36972d_2,We provide the grants as project grants or operational grants.,NONE,single,
kulturdirektoratet_norway_e1b48f36972d,kulturdirektoratet_norway_e1b48f36972d_3,Project grants Most of the grants we provide are project grants for specific concerts and tours.,NONE,single,
kulturdirektoratet_norway_e1b48f36972d,kulturdirektoratet_norway_e1b48f36972d_4,We provide grants for single tours or for several concerts or tours during a year.,NONE,single,
kulturdirektoratet_norway_e1b48f36972d,kulturdirektoratet_norway_e1b48f36972d_5,"If you apply for project grants, you can apply for project grants at all three application deadlines of the scheme all concert- and touring-related expenses may be included in the application, including expenses for necessary rehearsals or necessary pre-production and administration related to the concerts the project period must be a maximum of one year Operational grants By operational grants we mean grants that are part of the overall annual financing of an activity or a permanent activity.",NONE,single,
kulturdirektoratet_norway_e1b48f36972d,kulturdirektoratet_norway_e1b48f36972d_6,"This means that you must apply for the entire calendar year and describe the overall concert and touring activity, development and operations throughout the year in the application.",NONE,single,
kulturdirektoratet_norway_e1b48f36972d,kulturdirektoratet_norway_e1b48f36972d_8,Please note that you can only apply at the September application deadline.,NONE,single,
kulturdirektoratet_norway_e1b48f36972d,kulturdirektoratet_norway_e1b48f36972d_9,Please also note that the committee may award a different type of grant than the one you applied for.,NONE,single,
kulturdirektoratet_norway_e1b48f36972d,kulturdirektoratet_norway_e1b48f36972d_14,The scheme is aimed at professional actors within all musical forms of expression and genres.,DISCIPLINE|CAREER_STAGE,relabel,round 4: professional actors in music
kulturdirektoratet_norway_e1b48f36972d,kulturdirektoratet_norway_e1b48f36972d_16,"If you apply as support staff, you must involve the parties you are applying on behalf of in the application process.",NONE,single,
kulturdirektoratet_norway_e1b48f36972d,kulturdirektoratet_norway_e1b48f36972d_17,Applicants who receive fixed annual state subsidies normally do not receive grants from this scheme.,PRIOR_FUNDING,single,
creative_ireland_e896d7db1d6a,creative_ireland_e896d7db1d6a_0,Creative Ireland has funding in 2026–27 for partnerships of at least two local authorities (aligned with Regional Health Authority) to deliver arts and health projects in the community and HSE community and hospital settings.,APPLICANT_TYPE,single,
creative_ireland_e896d7db1d6a,creative_ireland_e896d7db1d6a_1,The lead applicant must be a local authority.,APPLICANT_TYPE,single,
creative_ireland_e896d7db1d6a,creative_ireland_e896d7db1d6a_2,"You will work with HSE and local or national arts, cultural or creative organisations to deliver these projects.",NONE,single,
creative_ireland_e896d7db1d6a,creative_ireland_e896d7db1d6a_3,Projects should be developed and delivered by the Creative Ireland and Healthy Ireland teams in local authorities.,NONE,single,
creative_ireland_e896d7db1d6a,creative_ireland_e896d7db1d6a_4,"This team will work with cultural and creative partners and (if appropriate) with the relevant HSE Health Promotion and Improvement Officers, HSE Health and Wellbeing teams, Sláintecare Healthy Communities Development Officers or other relevant officers, teams or networks, such as Age Friendly Ireland.",NONE,single,
creative_ireland_e896d7db1d6a,creative_ireland_e896d7db1d6a_5,The lead applicant must be a local authority in Ireland.,APPLICANT_TYPE,single,
creative_ireland_e896d7db1d6a,creative_ireland_e896d7db1d6a_6,"This is for arts and health projects with a clear north-south or east-west basis, in line with Shared Island initiative objectives.",NONE,single,
creative_ireland_e896d7db1d6a,creative_ireland_e896d7db1d6a_7,Projects should enable quality in-person connection between people from both Ireland and Northern Ireland or the wider UK.,NONE,single,
creative_ireland_e896d7db1d6a,creative_ireland_e896d7db1d6a_8,At least one project partner should be based in each of the relevant areas.,RESIDENCE,single,
cite_internationale_des_arts_434f3418899b,cite_internationale_des_arts_434f3418899b_2,"be between 25 and 40 years old at the closing of the call (October 1st, 2026) ;",AGE,single,
fundacao_gulbenkian_641becbe2421,fundacao_gulbenkian_641becbe2421_1,Under 35 years old at the time of the application.,AGE,single,
kunsten_be_flanders_1fb6db149626,kunsten_be_flanders_1fb6db149626_1,Age limit: up to 45 years old ( born after the 1st of July 1982 ).,AGE,single,
petofi_kulturalis_ugynokseg_hungary_675b2bc659f6,petofi_kulturalis_ugynokseg_hungary_675b2bc659f6_0,The scholarship aims to support researchers under the age of 40 who specialize in the above topics.,AGE,single,
nordic_culture_point_e5ff586e656e,nordic_culture_point_e5ff586e656e_1,"If you are under the age of 18, you can present your idea for a project to an association or organisation, or to an adult who can help you develop and implement the project.",AGE,single,
kunststiftung_nrw_13b9c46310b0,kunststiftung_nrw_13b9c46310b0_0,The call is not age-limited.,AGE,single,
kunststiftung_nrw_72dbd2a3195b,kunststiftung_nrw_72dbd2a3195b_2,A completed degree from an academy of art/university of the arts is required.,EDUCATION,single,
fundacao_gulbenkian_0089a729f2c8,fundacao_gulbenkian_0089a729f2c8_5,Applications from holders of a higher education degree will not be accepted.,EDUCATION,single,
kunsten_be_flanders_696dbc1b4c63,kunsten_be_flanders_696dbc1b4c63_1,You hold a degree in higher arts education (visual arts).,EDUCATION,single,
akademie_schloss_solitude_a8aba5b303e4,akademie_schloss_solitude_a8aba5b303e4_7,"In the sphere of practice Scientific, a master's degree or higher is required.",EDUCATION,single,
akademie_schloss_solitude_a8aba5b303e4,akademie_schloss_solitude_a8aba5b303e4_6,"In the spheres of practice Visual, Aural & Physical, Textual, Spatial, and Digital, the term ""education"" includes all forms of artistic qualification – such as studies at art academies or universities, vocational training, mentoring, master classes, or self-taught education.",EDUCATION,single,
kulturdirektoratet_norway_f8ce796dcf0c,kulturdirektoratet_norway_f8ce796dcf0c_2,You should have distinguished yourself with good results from your studies and have the potential to be able to apply for a doctoral scholarship after completing your master's degree.,EDUCATION,single,
kunsten_be_flanders_28881ec0704a,kunsten_be_flanders_28881ec0704a_1,This open call is for international participants who do not hold Korean nationality.,NATIONALITY,single,
mondriaan_fund_3afe43141b61,mondriaan_fund_3afe43141b61_12,"For artists with a non-Dutch nationality, proof of registration in the Netherlands is also required.",NATIONALITY,single,
nordic_culture_point_c76ae887354b,nordic_culture_point_c76ae887354b_2,"However, they do not need to be a Nordic or Baltic citizen.",NATIONALITY,single,
vkkf_konkursu_grafiks_31853942f4cb,vkkf_konkursu_grafiks_31853942f4cb_0,Ukrainian citizens,NATIONALITY,single,
vkkf_konkursu_grafiks_6a2c4acdaaae,vkkf_konkursu_grafiks_6a2c4acdaaae_0,"The objectives of the target program, tasks, applicant pool, and other matters related to the conduct of the program competition are set out in the competition regulations of each target program.",NONE,single,
creative_ireland_b4833a165cef,creative_ireland_b4833a165cef_0,"The Creative Ireland Programme invites applications from local authority Culture and Creativity Teams in Ireland working in partnership with local or national community, cultural and creative organisations in collaboration with North-South and/or East/West (Ireland-Britain) partners.",RESIDENCE|APPLICANT_TYPE,relabel,round 4: local-authority teams
creative_ireland_b4833a165cef,creative_ireland_b4833a165cef_1,The lead applicant must be a local authority based in Ireland.,RESIDENCE,single,
creative_ireland_b4833a165cef,creative_ireland_b4833a165cef_4,Applications should ensure that funding is shared fairly with partners with meaningful activity with North-South and/or East/West (Ireland-Britain) partners.,NONE,single,
creative_ireland_b4833a165cef,creative_ireland_b4833a165cef_6,Arts and cultural organisations or institutions,NONE,single,
creative_ireland_b4833a165cef,creative_ireland_b4833a165cef_7,"Creative organisations, networks and collectives",NONE,single,
creative_ireland_b4833a165cef,creative_ireland_b4833a165cef_11,Charities or not-for-profit organisations,NONE,single,
creative_ireland_b4833a165cef,creative_ireland_b4833a165cef_12,Social enterprises,NONE,single,
creative_ireland_b4833a165cef,creative_ireland_b4833a165cef_13,Community groups and networks,NONE,single,
creative_ireland_b4833a165cef,creative_ireland_b4833a165cef_14,"Business, commercial companies",NONE,single,
creative_ireland_b4833a165cef,creative_ireland_b4833a165cef_15,Philanthropic and research bodies,NONE,single,
creative_ireland_b4833a165cef,creative_ireland_b4833a165cef_17,Communities of place and  communities of practice,NONE,single,
creative_ireland_b4833a165cef,creative_ireland_b4833a165cef_18,Individuals with a local authority (in Strand 3 only),NONE,single,
kunsten_be_flanders_f3813b0a41ba,kunsten_be_flanders_f3813b0a41ba_0,young musicians who aspire a professional career,CAREER_STAGE|DISCIPLINE,relabel,round 4: young musicians
kulturdirektoratet_norway_70fed813390a,kulturdirektoratet_norway_70fed813390a_0,Professional arts and culture organizations can apply to hire an apprentice.,APPLICANT_TYPE,single,
kulturdirektoratet_norway_70fed813390a,kulturdirektoratet_norway_70fed813390a_1,"The scheme covers all art forms and creative industries, and the apprentice position can be linked to artistic, technical, and administrative functions.",DISCIPLINE,single,
kulturdirektoratet_norway_70fed813390a,kulturdirektoratet_norway_70fed813390a_2,Enterprises with fixed annual state funding can apply for the scheme.,PRIOR_FUNDING,single,
kulturdirektoratet_norway_70fed813390a,kulturdirektoratet_norway_70fed813390a_3,"The application must be prepared in collaboration with a named candidate, and must reflect the candidate's own professional motivation for the apprenticeship period.",NONE,single,
kulturdirektoratet_norway_70fed813390a,kulturdirektoratet_norway_70fed813390a_4,"The candidate must have arts and culture experience and interest, and may advantageously have education in arts and culture or equivalent practice.",EDUCATION,single,
kulturdirektoratet_norway_70fed813390a,kulturdirektoratet_norway_70fed813390a_5,"The candidate cannot, in parallel with the planned apprenticeship period, be in an educational program that is relevant to the apprentice position for which funding is applied.",STUDENT_STATUS,single,
fpu_slovakia_8937907cf806,fpu_slovakia_8937907cf806_0,Eligible applicants: Support is intended exclusively for public higher education institutions in the Slovak Republic that have authorisation to perform the activities they plan to implement within the project.,APPLICANT_TYPE,single,
dgartes_portugal_dd8e96231487,dgartes_portugal_dd8e96231487_4,"Private foundations or private-law public foundations that have another type of continuous funding, ensured by the budget programme of the culture area, as well as associations made up predominantly of public entities and companies in the State business sector and the autonomous regions, are not admitted to the tender procedure.",APPLICANT_TYPE,single,
dgartes_portugal_dd8e96231487,dgartes_portugal_dd8e96231487_5,Entities that have signed an addendum renewing the sustained support contract under the quadrennial modality are not admitted to the tender procedure.,PRIOR_FUNDING,single,
dgartes_portugal_dd8e96231487,dgartes_portugal_dd8e96231487_6,"Entities must frame their activity in only one application and, in the event that support is granted, the respective contract constitutes the sole support instrument for the period to which it is intended, except as provided for in Article 26(4) of Decree-Law No.",NONE,single,
kunsten_be_flanders_437b564efaf9,kunsten_be_flanders_437b564efaf9_0,"We welcome visual artists, writers, composer/musicians, performance artists at any stage of their careers who are interested in exploring and expanding their work in a unique and supportive environment.",DISCIPLINE,single,
fpu_slovakia_01dfd618f506,fpu_slovakia_01dfd618f506_0,Support is intended exclusively for applicants who demonstrably operate in the field of musical art.,DISCIPLINE,single,
fpu_slovakia_01dfd618f506,fpu_slovakia_01dfd618f506_1,"The applicant must have one of the following legal forms: a) a budgetary or contributory organization established by a higher territorial unit, b) a budgetary or contributory organization established by a municipality, c) a nonprofit organization, d) a civic association, e) a foundation, f) a legal entity operating under the Commercial Code.",APPLICANT_TYPE,single,
fpu_slovakia_2db15a64c5aa,fpu_slovakia_2db15a64c5aa_0,Applicant demonstrably active and carrying out activities in the field of literature.,DISCIPLINE,single,
fpu_slovakia_2db15a64c5aa,fpu_slovakia_2db15a64c5aa_1,Support is intended exclusively for entities possessing authorization to carry out the activities they plan to implement within the project.,APPLICANT_TYPE,single,
fpu_slovakia_2db15a64c5aa,fpu_slovakia_2db15a64c5aa_2,"The applicant must have one of the following legal forms: a) self-employed natural person, b) non-profit organization providing generally beneficial services, c) commercial company, d) civic association, e) foundation.",APPLICANT_TYPE,single,
kulturdirektoratet_norway_b56f43f62a98,kulturdirektoratet_norway_b56f43f62a98_0,You can apply for this scheme if you are a master’s student and have been admitted to a master’s program.,STUDENT_STATUS,single,
kulturdirektoratet_norway_b56f43f62a98,kulturdirektoratet_norway_b56f43f62a98_1,You must attach a recommendation letter from your supervisor.,NONE,single,
kulturdirektoratet_norway_b56f43f62a98,kulturdirektoratet_norway_b56f43f62a98_2,Students with a minority background or minority experiences in a broad sense are encouraged to apply.,NONE,single,
kulturdirektoratet_norway_b56f43f62a98,kulturdirektoratet_norway_b56f43f62a98_3,"To be eligible to apply, you must have a background from Norway or study at an educational institution in Norway.",RESIDENCE,single,
kulturdirektoratet_norway_b56f43f62a98,kulturdirektoratet_norway_b56f43f62a98_4,"In 2026, the Norwegian Directorate for Culture awards master’s scholarships to students who have started or will start work on their master’s thesis in the spring semester 2026, autumn semester 2026, or spring semester 2027.",STUDENT_STATUS,single,
cite_internationale_des_arts_a0b1f92c1635,cite_internationale_des_arts_a0b1f92c1635_1,"Be an artist working in one of the following fields: visual arts, digital arts, film, the performing arts (music, performance, playwriting, directing, dance and choreography), or writing;",DISCIPLINE,single,
cite_internationale_des_arts_a0b1f92c1635,cite_internationale_des_arts_a0b1f92c1635_2,Be able to take time off from any professional activity for the entire duration of the residency;,OTHER_ELIGIBILITY,single,
cite_internationale_des_arts_a0b1f92c1635,cite_internationale_des_arts_a0b1f92c1635_3,Have a basic knowledge of French and/or a sufficient command of English to facilitate integration into life at the Cité internationale des arts and exchanges with other residents.,OTHER_ELIGIBILITY,single,
kunsten_be_flanders_37a488364201,kunsten_be_flanders_37a488364201_1,Young vocal and/or instrumental musicians and ensembles with a maximum average age of 35.,AGE|DISCIPLINE,relabel,round 4: musicians and ensembles
kunsten_be_flanders_37a488364201,kunsten_be_flanders_37a488364201_2,The ensemble focuses on playing historical instruments or using historical sources (up to 1920).,DISCIPLINE,single,
kunsten_be_flanders_37a488364201,kunsten_be_flanders_37a488364201_3,A condition for participation is that the entire ensemble must be available and present from August 18 to 22.,OTHER_ELIGIBILITY,single,
kulturdirektoratet_norway_1b92a135ec95,kulturdirektoratet_norway_1b92a135ec95_0,"Professional, producing performing arts institutions can apply.",DISCIPLINE|CAREER_STAGE|APPLICANT_TYPE,relabel,round 4: professional performing arts institutions
kulturdirektoratet_norway_1b92a135ec95,kulturdirektoratet_norway_1b92a135ec95_1,"Professional, producing performing arts institutions can receive grants under this regulation.",DISCIPLINE|CAREER_STAGE|APPLICANT_TYPE,relabel,round 4: professional performing arts institutions
kulturdirektoratet_norway_1b92a135ec95,kulturdirektoratet_norway_1b92a135ec95_2,Grants are awarded to performing arts institutions that have staged new drama for an audience.,APPLICANT_TYPE|DISCIPLINE,relabel,round 4: performing arts institutions
kulturdirektoratet_norway_1b92a135ec95,kulturdirektoratet_norway_1b92a135ec95_3,Grants are awarded after the world premiere has been carried out.,NONE,single,
kulturdirektoratet_norway_1b92a135ec95,kulturdirektoratet_norway_1b92a135ec95_4,The drama must be in a language for which the state has responsibility under the Language Act.,DISCIPLINE,single,
kulturdirektoratet_norway_1b92a135ec95,kulturdirektoratet_norway_1b92a135ec95_5,Grants are not awarded for dramatizations of already existing material.,NONE,single,
kunsten_be_flanders_7b3d4f68b4d8,kunsten_be_flanders_7b3d4f68b4d8_0,"We are looking for vocal performers who: _have a classical alt / baritone/tenor vocal range _are comfortable with live performance and embodied presence _enjoy participatory interaction with an audience _have affinity with music theatre, contemporary music, and/or ritual practices _enjoy collaborative, research-driven creation processes",DISCIPLINE,single,
kunsten_be_flanders_98e9614f22f8,kunsten_be_flanders_98e9614f22f8_0,We are looking for applications from artists and creative people with roots from or strong ties to the Finno-Ugric peoples.,NONE,single,
kunsten_be_flanders_98e9614f22f8,kunsten_be_flanders_98e9614f22f8_1,"The call is open to various creative fields, including visual art, music, theatre, and performance.",DISCIPLINE,single,
kunsten_be_flanders_98e9614f22f8,kunsten_be_flanders_98e9614f22f8_2,The residency comes with support from the Erasmus+ programme and is therefore directed to applicants from eligible countries (see the list here ).,RESIDENCE,single,
kunsten_be_flanders_98e9614f22f8,kunsten_be_flanders_98e9614f22f8_3,"In 2026, the second edition of the programme will include new features.",NONE,single,
kunsten_be_flanders_98e9614f22f8,kunsten_be_flanders_98e9614f22f8_4,"As before, the selected artist is expected to create a work inspired by Finno-Ugric cultures.",NONE,single,
kunsten_be_flanders_98e9614f22f8,kunsten_be_flanders_98e9614f22f8_5,"Additionally, they will collaborate closely with the Department of Fashion Design of the Estonian Academy of Arts.",NONE,single,
kunsten_be_flanders_98e9614f22f8,kunsten_be_flanders_98e9614f22f8_6,"The collaboration will consist of an open lecture for the academy’s students (1,5h) and two workshops for the fashion design students (5h and 1,5h).",NONE,single,
kunsten_be_flanders_98e9614f22f8,kunsten_be_flanders_98e9614f22f8_7,"From the artist-in-residence we expect a unique contemporary art project that introduces Finno-Ugric culture in a new and engaging form; a willingness to involve the local Narva community and introduce and present their work; engage with the students of EKA and give them a workshop and an open lecture which are connected to the topics of Finno-Ugric cultures, as well as participation in the residency during the period from November 23rd until December 6th.",NONE,single,
kunsten_be_flanders_dc652541cc80,kunsten_be_flanders_dc652541cc80_0,Anyone who feels called upon to contribute to representative visual communication is welcome to take part: from amateur photographers to professionals or arts organisations.,CAREER_STAGE,single,
kunsten_be_flanders_dc652541cc80,kunsten_be_flanders_dc652541cc80_1,We ask that you submit a maximum of three images related to one of our disciplines: Visual Arts Classical music Performing Arts,NONE,single,
fpu_slovakia_6688426c1ecf,fpu_slovakia_6688426c1ecf_0,The support is intended exclusively for applicants whose activity is in the field of culture and art.,DISCIPLINE,single,
fpu_slovakia_6688426c1ecf,fpu_slovakia_6688426c1ecf_1,"The applicant must have one of the following legal forms: a) non-profit organization providing generally beneficial services, b) civic association, c) commercial company, d) budgetary or contributory organization established by a higher territorial unit, e) budgetary or contributory organization established by a municipality, f) higher territorial unit, city, municipality",APPLICANT_TYPE,single,
kulturdirektoratet_norway_4cf11f6d8269,kulturdirektoratet_norway_4cf11f6d8269_0,Publishers with a Norwegian organisation number may apply for this scheme.,RESIDENCE|APPLICANT_TYPE,relabel,round 4: publishers = organisations only
kulturdirektoratet_norway_4cf11f6d8269,kulturdirektoratet_norway_4cf11f6d8269_1,The one-book rule – only one book per year per author,NONE,single,
kulturdirektoratet_norway_4cf11f6d8269,kulturdirektoratet_norway_4cf11f6d8269_2,An author can usually only have one book purchased under this scheme per calendar year.,NONE,single,
kunsten_be_flanders_399ae984ab54,kunsten_be_flanders_399ae984ab54_0,Artists whose practice already includes printmaking to some extent.,DISCIPLINE,single,
kunsten_be_flanders_399ae984ab54,kunsten_be_flanders_399ae984ab54_1,Artists who have a minimum base knowledge and understanding of one or more print techniques (even though professional technical assistance will be provided).,DISCIPLINE,single,
kunsten_be_flanders_399ae984ab54,kunsten_be_flanders_399ae984ab54_2,Artists who are eager to expand their technical tool-kit and expressive potential.,NONE,single,
kunsten_be_flanders_399ae984ab54,kunsten_be_flanders_399ae984ab54_3,"Artists who embrace experimentation, interdisciplinary approaches, and the blending of multiple printmaking methods.",NONE,single,
kunsten_be_flanders_399ae984ab54,kunsten_be_flanders_399ae984ab54_4,"Must be able to travel to Milan for the scheduled residency, and be able to use the provided materials and equipment.",OTHER_ELIGIBILITY,single,
kunsten_be_flanders_399ae984ab54,kunsten_be_flanders_399ae984ab54_5,Uphold a professional work ethic and conduct throughout the residency.,NONE,single,
kunsten_be_flanders_399ae984ab54,kunsten_be_flanders_399ae984ab54_6,Work must fit within a maximum paper size of 50 × 70 cm (no minimum size).,NONE,single,
kunsten_be_flanders_399ae984ab54,kunsten_be_flanders_399ae984ab54_7,A minimum production of 10 finished prints is required.,NONE,single,
kunsten_be_flanders_399ae984ab54,kunsten_be_flanders_399ae984ab54_8,Create a minimum of one printed edition or multiple unique pieces.,NONE,single,
kunsten_be_flanders_32c6d7691640,kunsten_be_flanders_32c6d7691640_0,We are looking for emerging drag performers (of all styles and backgrounds).,CAREER_STAGE|DISCIPLINE,relabel,round 4: emerging drag performers
kunsten_be_flanders_32c6d7691640,kunsten_be_flanders_32c6d7691640_1,"You can apply with limited or growing experience, this platform is specifically intended as a space to experiment, try out ideas, and grow as an artist.",CAREER_STAGE,single,
kunsten_be_flanders_32c6d7691640,kunsten_be_flanders_32c6d7691640_2,"We welcome applicants of all identities, bodies, and backgrounds.",NONE,single,
kunsten_be_flanders_32c6d7691640,kunsten_be_flanders_32c6d7691640_3,"If you have specific needs or questions regarding accessibility, we are open to discussing this together.",NONE,single,
cyprus_funding_programmes_culture_e643df5f8f75,cyprus_funding_programmes_culture_e643df5f8f75_0,"Proposals should address: The following Call specific priorities : to strengthen the transnational circulation and diversity of European literary works; to encourage the translation, publication and promotion of works of fiction written in less widely spoken languages in order to increase their distribution in wider markets in Europe and beyond; to enlarge the audience for European books, especially to young people by actively encouraging them to discover the diversity of European literature; to contribute to strengthening the competitiveness of the book sector by encouraging cooperation between different actors within the book value chain- including booksellers and libraries; to promote the literary translator profession and the principles of visibility, good working conditions and fair remuneration of translator.",NONE,single,
cyprus_funding_programmes_culture_e643df5f8f75,cyprus_funding_programmes_culture_e643df5f8f75_1,"In this respect publishers should ensure that the name of the translator(s) is in the published book, preferably on the cover, as well as the source language.",NONE,single,
cyprus_funding_programmes_culture_e643df5f8f75,cyprus_funding_programmes_culture_e643df5f8f75_2,"NB: in order to continue to provide support to Ukraine in the field of books, projects aimed at providing books in the Ukrainian language to Ukrainian refugees and displaced people will be encouraged.",NONE,single,
cyprus_funding_programmes_culture_e643df5f8f75,cyprus_funding_programmes_culture_e643df5f8f75_3,(See the conditions of eligibility in Section 6 of this document. ) The following cross-cutting issues as described in section 1 Background.,NONE,single,
cyprus_funding_programmes_culture_e643df5f8f75,cyprus_funding_programmes_culture_e643df5f8f75_4,"(i) inclusion and diversity, notably gender balance, and (ii) greening of Creative Europe.",NONE,single,
kunsten_be_flanders_6f9b625b869d,kunsten_be_flanders_6f9b625b869d_0,"Since 25 May 2023, REMA has been open to all types of early music players (ensembles, festivals, concert halls, research institutes, labels, agents, conservatoires, etc.).",DISCIPLINE,single,
kunsten_be_flanders_6f9b625b869d,kunsten_be_flanders_6f9b625b869d_1,"There is only one way to join REMA: each year, a call for applications enables around thirty new organisations to join the REMA network.",NONE,single,
kunsten_be_flanders_6f9b625b869d,kunsten_be_flanders_6f9b625b869d_2,"In 2025, applications are open from 1 July to 8 October: new members will be welcomed on 1 January 2026.",NONE,single,
kunsten_be_flanders_6f9b625b869d,kunsten_be_flanders_6f9b625b869d_3,The 2026 General Assembly will be held in Malta from 20 to 22 January 2026.,NONE,single,
kunsten_be_flanders_6f9b625b869d,kunsten_be_flanders_6f9b625b869d_4,CRITERIA FOR JOINING Applicant organisations must have been in existence for a minimum of three years and possess a legal entity status.,CAREER_STAGE|APPLICANT_TYPE,relabel,round 4: organisation with legal entity status
kunsten_be_flanders_6f9b625b869d,kunsten_be_flanders_6f9b625b869d_5,The Board of Directors will look at: The overall quality of the activities The alignment of the applicants’ values with REMA The criteria and selection process are detailed in the full call.,NONE,single,
kunsten_be_flanders_6f9b625b869d,kunsten_be_flanders_6f9b625b869d_6,You will be asked to: Provide information about your organisation.,NONE,single,
kunsten_be_flanders_6f9b625b869d,kunsten_be_flanders_6f9b625b869d_7,"Select a main activity: promoter, ensemble, education, research, agent, publisher or other.",NONE,single,
kunsten_be_flanders_6f9b625b869d,kunsten_be_flanders_6f9b625b869d_8,"Once accepted, members can represent all their activities.",NONE,single,
kunsten_be_flanders_6f9b625b869d,kunsten_be_flanders_6f9b625b869d_9,"Answer specific questions related to your main activity and submit relevant documentation (e.g. programme of activities, list of publications, concerts, etc.) Explain your motivation for joining REMA and how your values are in line with the network.",NONE,single,
kunsten_be_flanders_6f9b625b869d,kunsten_be_flanders_6f9b625b869d_10,Submit a letter of recommendation from a REMA member.,NONE,single,
kunsten_be_flanders_6f9b625b869d,kunsten_be_flanders_6f9b625b869d_11,"Additional information: if you have taken part in a network project in the past, include this information in your application.",NONE,single,
kunsten_be_flanders_6f9b625b869d,kunsten_be_flanders_6f9b625b869d_12,"CODE OF CONDUCT From the moment they apply, all candidates must endorse the network’s code of conduct, established with the members, which ensures adherence to professional ethics among REMA members.",NONE,single,
kunsten_be_flanders_6f9b625b869d,kunsten_be_flanders_6f9b625b869d_13,"The code of conduct delineates the expected or unlawful or inappropriate behavior from members, and outlines the procedure for penalizing such conduct.",NONE,single,
kulturdirektoratet_norway_f6cdbf3d62d8,kulturdirektoratet_norway_f6cdbf3d62d8_0,The scheme is aimed at museums and exhibition institutions.,APPLICANT_TYPE,single,
kulturdirektoratet_norway_f6cdbf3d62d8,kulturdirektoratet_norway_f6cdbf3d62d8_1,You can apply for funding to cover all or part of the private insurance of objects that are loaned from abroad for exhibitions in Norway.,NONE,single,
kulturdirektoratet_norway_f6cdbf3d62d8,kulturdirektoratet_norway_f6cdbf3d62d8_2,"The objects must have a total value of at least NOK 50 million, and they must be of significant artistic, cultural, or natural historical value.",NONE,single,
kulturdirektoratet_norway_f6cdbf3d62d8,kulturdirektoratet_norway_f6cdbf3d62d8_3,You can apply for funding both for objects that are publicly owned and for objects that are privately owned.,NONE,single,
kulturdirektoratet_norway_f6cdbf3d62d8,kulturdirektoratet_norway_f6cdbf3d62d8_4,Projects that fall outside the purpose of the scheme cannot receive funding.,NONE,single,
kulturdirektoratet_norway_f6cdbf3d62d8,kulturdirektoratet_norway_f6cdbf3d62d8_5,"If the application falls outside this scheme, it may be rejected.",NONE,single,
kulturdirektoratet_norway_f6cdbf3d62d8,kulturdirektoratet_norway_f6cdbf3d62d8_6,We do not provide funding to cover the private insurance of objects that are loaned from Norway.,NONE,single,
fpu_slovakia_ea20c0b78bce,fpu_slovakia_ea20c0b78bce_0,Support is intended exclusively for entities that demonstrably operate in the field of fine and visual art.,DISCIPLINE,single,
fpu_slovakia_ea20c0b78bce,fpu_slovakia_ea20c0b78bce_1,"The applicant must have one of the following legal forms: a) budgetary organization or contributory organization founded by a higher territorial unit, b) budgetary organization or contributory organization founded by a municipality, c) non-profit organization providing generally beneficial services, d) commercial company, e) civic association, f) non-investment fund, g) foundation, h) association of legal persons with a special interest.",APPLICANT_TYPE,single,
kunsten_be_flanders_2fa2a89c4a72,kunsten_be_flanders_2fa2a89c4a72_0,"The open call is open to anyone who considers themselves a young/starting artist, regardless of age.",CAREER_STAGE|AGE,relabel,round 4: explicit age waiver
kunsten_be_flanders_2fa2a89c4a72,kunsten_be_flanders_2fa2a89c4a72_1,"Prior knowledge or experience with digital media isn’t necessary, but of course welcome!",DISCIPLINE,single,
kunsten_be_flanders_2fa2a89c4a72,kunsten_be_flanders_2fa2a89c4a72_2,We can host a maximum of 12 participants.,NONE,single,
kunsten_be_flanders_2fa2a89c4a72,kunsten_be_flanders_2fa2a89c4a72_3,If the number of applications exceeds this amount we will make a selection.,NONE,single,
fpu_slovakia_792b87f4611b,fpu_slovakia_792b87f4611b_0,Applicant demonstrably active and carrying out activities in the field of literature.,DISCIPLINE,single,
fpu_slovakia_792b87f4611b,fpu_slovakia_792b87f4611b_1,Support is intended exclusively for entities possessing authorization to perform the activities they plan to carry out within the project (publishing activity).,APPLICANT_TYPE,single,
fpu_slovakia_792b87f4611b,fpu_slovakia_792b87f4611b_2,"The applicant must have one of the following legal forms: a) natural person – sole trader, b) non-profit organization providing generally beneficial services, c) civic association, d) foundation, e) commercial company",APPLICANT_TYPE,single,
kulturdirektoratet_norway_25c45f0fbcb7,kulturdirektoratet_norway_25c45f0fbcb7_0,The scheme is aimed at smaller publishers of new Norwegian fiction.,APPLICANT_TYPE|DISCIPLINE,relabel,round 4: publishers of fiction
kulturdirektoratet_norway_25c45f0fbcb7,kulturdirektoratet_norway_25c45f0fbcb7_1,The publisher must have a Norwegian organisation number.,RESIDENCE|APPLICANT_TYPE,relabel,round 4: publishers = organisations only
kulturdirektoratet_norway_25c45f0fbcb7,kulturdirektoratet_norway_25c45f0fbcb7_2,You may submit up to three titles per application deadline.,NONE,single,
kulturdirektoratet_norway_25c45f0fbcb7,kulturdirektoratet_norway_25c45f0fbcb7_3,It is not possible to submit books to both the automatic and the selective acquisition scheme for new Norwegian fiction for the same target group within the same year of publication.,NONE,single,
kulturdirektoratet_norway_25c45f0fbcb7,kulturdirektoratet_norway_25c45f0fbcb7_4,"For books translated from Sámi and national minority languages (Kven, Romani and Romanes) into Norwegian, the submission quota of up to three titles per application deadline does not apply.",NONE,single,
kulturdirektoratet_norway_25c45f0fbcb7,kulturdirektoratet_norway_25c45f0fbcb7_5,"It is important that you, as the publisher, have entered into an agreement with the author and any other rights holders (such as illustrators and translators) before applying.",NONE,single,
kulturdirektoratet_norway_25c45f0fbcb7,kulturdirektoratet_norway_25c45f0fbcb7_6,We assume that you will publish the book regardless of whether the Arts Council decides to acquire it or not.,NONE,single,
kulturdirektoratet_norway_25c45f0fbcb7,kulturdirektoratet_norway_25c45f0fbcb7_7,The one-book rule – only one book a year per author Remember that an author will normally only be able to have one book for adults and one book for children and young people submitted to the fiction acquisition schemes each calendar year.,NONE,single,
kulturdirektoratet_norway_25c45f0fbcb7,kulturdirektoratet_norway_25c45f0fbcb7_8,This is called the “one-book rule”.,NONE,single,
kulturdirektoratet_norway_25c45f0fbcb7,kulturdirektoratet_norway_25c45f0fbcb7_9,The one-book rule applies to this scheme and the automatic acquisition scheme for fiction for children and young people taken together.,NONE,single,
kulturdirektoratet_norway_25c45f0fbcb7,kulturdirektoratet_norway_25c45f0fbcb7_10,This means that the author may not have more than one book submitted to the acquisition schemes for fiction for children and young people in the same year.,NONE,single,
kulturdirektoratet_norway_25c45f0fbcb7,kulturdirektoratet_norway_25c45f0fbcb7_11,You may apply for an exemption from the one-book rule on behalf of the author.,NONE,single,
kulturdirektoratet_norway_25c45f0fbcb7,kulturdirektoratet_norway_25c45f0fbcb7_12,You must do this before the first book is published.,NONE,single,
kulturdirektoratet_norway_25c45f0fbcb7,kulturdirektoratet_norway_25c45f0fbcb7_13,The application must be justified.,NONE,single,
arts_council_wales_d3407bbb0781,arts_council_wales_d3407bbb0781_0,Individual artists and creative professionals working in the arts can apply.,DISCIPLINE|APPLICANT_TYPE,relabel,round 4: individual artists only
arts_council_wales_d3407bbb0781,arts_council_wales_d3407bbb0781_1,Take a look at our eligibility criteria for individuals to see if you are eligible.,NONE,single,
arts_council_wales_d3407bbb0781,arts_council_wales_d3407bbb0781_2,"Those eligible to apply include but are not limited to: Visual or applied artists and curators Theatre practitioners including directors, producers etc Dancers and dance professionals including choreographers and movement directors Musicians, composers and music creators Circus performers and practitioners Multidisciplinary artists Community arts practitioners Examples of creative practitioners we can’t support include: Commercial professionals. e.g. designers or retail-focussed makers, musicians making commercial music Filmmakers (please see Ffilm Cymru) Literary writers (please see Literature Wales) Please note - The aim of this fund is to support the development of your creative practice and not commercial activities / ventures.",DISCIPLINE,single,
arts_council_wales_d3407bbb0781,arts_council_wales_d3407bbb0781_3,You must have a track record as an artist or creative professional in one of the areas we support .,CAREER_STAGE,single,
arts_council_wales_d3407bbb0781,arts_council_wales_d3407bbb0781_4,"You may have had breaks, and your creative practice does not have to be your main source of income, but you must have demonstrable artistic or creative experience.",CAREER_STAGE,single,
fpu_slovakia_5025c9a92d29,fpu_slovakia_5025c9a92d29_0,Eligible applicants: Eligible applicants are entities possessing authorization to carry out the activity they plan to implement within the project – publishing houses that have experience with the entire process and distribution channels.,APPLICANT_TYPE,single,
fpu_slovakia_5025c9a92d29,fpu_slovakia_5025c9a92d29_1,"The applicant must have one of the following legal forms: a) natural person – sole trader, b) non-profit organization providing generally beneficial services, c) commercial company, d) civic association, e) non-investment fund, f) foundation, g) association of legal persons.",APPLICANT_TYPE,single,
fpu_slovakia_5025c9a92d29,fpu_slovakia_5025c9a92d29_2,"Within the subprogram, a maximum of one application for financial support may be submitted, in which the applicant lists the publishing plan with all titles for which support is requested.",NONE,single,
fpu_slovakia_5025c9a92d29,fpu_slovakia_5025c9a92d29_3,"If the applicant submits more than one application, the fund will consider only the first delivered application as complete, respectively the application with the lower serial number, and the others will be excluded.",NONE,single,
fpu_slovakia_5025c9a92d29,fpu_slovakia_5025c9a92d29_4,"Only an applicant who has completed the implementation of their project by the deadline of the call for applications may submit a request for support, if it was supported in the previous year of the FPU support activity.",PRIOR_FUNDING,single,
fpu_slovakia_5025c9a92d29,fpu_slovakia_5025c9a92d29_5,A project is considered completed if the beneficiary submitted to the FPU the substantive evaluation after the expiration of the entire period for which the support was granted.,NONE,single,
kunsten_be_flanders_d62c210c4b06,kunsten_be_flanders_d62c210c4b06_0,"The aim here is to highlight small ensembles of the new generation, capable of bringing the competition’s three objectives—artistic, scientific, and rhetorical—into dialogue with brilliance and originality.",CAREER_STAGE,single,
fpu_slovakia_1a34b05e609f,fpu_slovakia_1a34b05e609f_0,The applicant is obliged to first submit the application electronically through the FPU registration system.,NONE,single,
fpu_slovakia_1a34b05e609f,fpu_slovakia_1a34b05e609f_1,"On the last day of the call, the registration system is open until 15:00 Central European Time (CET).",NONE,single,
fpu_slovakia_1a34b05e609f,fpu_slovakia_1a34b05e609f_3,The application is submitted only electronically via the FPU registration system.,NONE,single,
fpu_slovakia_1a34b05e609f,fpu_slovakia_1a34b05e609f_4,"After electronic submission of the application, the applicant is obliged to print and sign the Confirmation of submission of the application for the provision of a grant/scholarship.",NONE,single,
fpu_slovakia_1a34b05e609f,fpu_slovakia_1a34b05e609f_5,The Confirmation must be delivered to the FPU office no later than the deadline for submitting applications (see table) in one of the following three ways:,NONE,single,
fpu_slovakia_1a34b05e609f,fpu_slovakia_1a34b05e609f_6,In person by delivery to the registry office of the FPU office on Monday and Wednesday from 13:00 to 15:00.,NONE,single,
fpu_slovakia_1a34b05e609f,fpu_slovakia_1a34b05e609f_7,In electronic form (electronically signed by the statutory representative) via the Central Public Administration Portal according to the Instructions for submission to the electronic FPU application.,NONE,single,
fpu_slovakia_1a34b05e609f,fpu_slovakia_1a34b05e609f_8,In printed form (signed by the statutory representative) by registered mail or courier to the FPU address (the date stated on the postal stamp is decisive): Fund for the Support of the Arts Cukrová 14 811 08 Bratislava,NONE,single,
u_jazdowski_warsaw_12d96c6e05cf,u_jazdowski_warsaw_12d96c6e05cf_0,"This open call is dedicated to all Ukrainian artists who crossed the Ukrainian border after February 24 , 2022 , because of the war .",NATIONALITY,single,
u_jazdowski_warsaw_12d96c6e05cf,u_jazdowski_warsaw_12d96c6e05cf_1,In the title of the e - mail please indicate to which institution you are applying : Ujazdowski Castle Centre for Contemporary Art or Zachęta – National Gallery of Art Please send your submission in English or Ukrainian language to : emergency . residency@kultura . gov . pl,NONE,single,
rijksakademie_355e23d52adb,rijksakademie_355e23d52adb_0,"The Rijksakademie is a two-year residency programme that annually offers 50 artists space for research, experiment and for the production of new work.",NONE,single,
villa_arson_42e994c13603,villa_arson_42e994c13603_0,"Auditions are open to young artists and apprentice artists aged 14 to 21: dancers, actors, musicians, circus artists, singers.",AGE|DISCIPLINE,relabel,"round 4: dancers, actors, musicians, circus artists, singers"
kulturdirektoratet_norway_c43308778cc6,kulturdirektoratet_norway_c43308778cc6_0,"The scheme is aimed at independent editorial units, publishers and organizers, as well as critics and other relevant actors and initiatives.",APPLICANT_TYPE,single,
kulturdirektoratet_norway_c43308778cc6,kulturdirektoratet_norway_c43308778cc6_1,"Private individuals, private and public institutions, organizations and other enterprises may apply.",APPLICANT_TYPE,single,
kulturdirektoratet_norway_c43308778cc6,kulturdirektoratet_norway_c43308778cc6_2,"To apply for operating grants, you must be an enterprise with its own organization number, or a permanent activity with its own name and budget, which is part of a larger enterprise.",APPLICANT_TYPE,single,
kulturdirektoratet_norway_c43308778cc6,kulturdirektoratet_norway_c43308778cc6_3,You can also apply for project grants as an individual.,APPLICANT_TYPE,single,
culture_gouv_fr_1pct_3466233e56ff,culture_gouv_fr_1pct_3466233e56ff_0,"An artistic approach compatible with the educational, social and organizational missions of the UJPE of Liancourt, articulated with a ritualized timeframe and the development of an individualized integration project.",NONE,single,
kunsten_be_flanders_022c12b266e3,kunsten_be_flanders_022c12b266e3_0,"THIS CALL FOR PARTICIPATION IS OPEN TO ANY ARTIST, ASSOCIATION, OR COLLECTIVE OF INTERNATIONAL ARTISTS WITHOUT AGE LIMIT.",AGE,single,
kunsten_be_flanders_022c12b266e3,kunsten_be_flanders_022c12b266e3_1,A PARTICIPATION HONORARIUM OF €185 (EX.VAT) IS PROVIDED PER PARTICIPATING ARTIST AS PART OF THIS PROJECT.,NONE,single,
kunsten_be_flanders_022c12b266e3,kunsten_be_flanders_022c12b266e3_2,CANDIDATES CAN APPLY BY FILLING IN THIS GOOGLE FORM .,NONE,single,
kunsten_be_flanders_022c12b266e3,kunsten_be_flanders_022c12b266e3_3,"IMPORTANT NOTE: IN ORDER TO BEABLE TO MAKE THE PAYMENT OF THE FEE WHEN SELECTED, ARTISTS MUSTBEABLE TO INVOICE (EITHER THROUGH THEIR OWN STRUCTURE ORATHIRD PARTY).",OTHER_ELIGIBILITY,single,
kunsten_be_flanders_edb8c38ba1df,kunsten_be_flanders_edb8c38ba1df_0,"dedicated to young, Europe-based artists who use moving images in their artistic practice.",DISCIPLINE|CAREER_STAGE|RESIDENCE,relabel,"round 4: young, Europe-based"
kunsten_be_flanders_edb8c38ba1df,kunsten_be_flanders_edb8c38ba1df_1,The 8 participants will be young European-based artists who work with moving images; they will be selected through an open call promoted in collaboration with some of Europe’s leading art academies and artist residencies.,DISCIPLINE|CAREER_STAGE|RESIDENCE,relabel,"round 4: young, European-based"
vkkf_konkursu_grafiks_88d078cb9901,vkkf_konkursu_grafiks_88d078cb9901_0,For citizens of Ukraine,NATIONALITY,single,
kunst_dk_denmark_6dba7d4003de,kunst_dk_denmark_6dba7d4003de_0,Your application must obviously meet the general requirements for the funding programme that your application is directed to.,NONE,single,
kunst_dk_denmark_6dba7d4003de,kunst_dk_denmark_6dba7d4003de_1,"However, beside these requirements, there are some additional guidelines for how to apply, when your work combines different art forms.",NONE,single,
kunst_dk_denmark_6dba7d4003de,kunst_dk_denmark_6dba7d4003de_3,"If your application primarily concerns one specific art form and only to a lesser extent includes others, you should only submit one application.",NONE,single,
kunst_dk_denmark_6dba7d4003de,kunst_dk_denmark_6dba7d4003de_4,"In this case, submit your application to the funding program you find most relevant.",NONE,single,
kunst_dk_denmark_6dba7d4003de,kunst_dk_denmark_6dba7d4003de_5,"If your project combines two or more different art forms on equal terms, you may split up your project into separate subprojects and submit separate applications for each subproject to different funding programmes.",NONE,single,
kunst_dk_denmark_6dba7d4003de,kunst_dk_denmark_6dba7d4003de_6,"When you break down your project into several applications, it is important that you also split up your budget, since you are not able to get the same expenses covered by more than one funding programme.",NONE,single,
kunst_dk_denmark_6dba7d4003de,kunst_dk_denmark_6dba7d4003de_7,"Additionally, you must remember to state clearly that you have applied for funding from other programmes within the Danish Arts Foundation, with applications relating to other parts of your projects.",NONE,single,
kunst_dk_denmark_6dba7d4003de,kunst_dk_denmark_6dba7d4003de_8,"If you find it difficult to split up your project, you have to decide on a programme that you submit one application to, which covers the entire project.",NONE,single,
mondriaan_fund_bccb4029c0d9,mondriaan_fund_bccb4029c0d9_0,Artist Start grants are for visual artists who have been working professionally for at least 1 and no more than 4 years.,CAREER_STAGE|DISCIPLINE,relabel,"round 4: visual artists, 1-4 years of practice"
mondriaan_fund_bccb4029c0d9,mondriaan_fund_bccb4029c0d9_2,"Applications may only be submitted by artists who have been active as a professional visual artist for at least 1 year and no more than 4 years: If you have completed a Bachelor’s degree programme (HBO) with a visual arts curriculum, the date on your diploma will be considered the start of your professional practice.",CAREER_STAGE|DISCIPLINE,relabel,round 4: professional visual artist; diploma clause is a definition
mondriaan_fund_bccb4029c0d9,mondriaan_fund_bccb4029c0d9_3,"If there is an interim period between your graduation from the Bachelor’s programme with a visual arts curriculum and the start of your Master’s programme, this period will be considered as part of your professional practice.",CAREER_STAGE,single,
mondriaan_fund_bccb4029c0d9,mondriaan_fund_bccb4029c0d9_4,"If you have not completed a Bachelor’s degree programme (HBO) with a visual arts curriculum, the date on which you first presented work in professional art circles will be considered the start of your professional practice.",CAREER_STAGE,single,
mondriaan_fund_bccb4029c0d9,mondriaan_fund_bccb4029c0d9_5,A period during which the applicant is enrolled for a Master’s degree programme does not count towards the duration of the professional practice.,CAREER_STAGE,single,
mondriaan_fund_bccb4029c0d9,mondriaan_fund_bccb4029c0d9_6,"A period of enrolment in postdoctoral programmes and programmes at postgraduate institutions, such as the Rijksakademie, de Ateliers, the Jan van Eyck Academie, BAK or EKWC, will be counted as part of the duration of the professional practice.",CAREER_STAGE,single,
mondriaan_fund_bccb4029c0d9,mondriaan_fund_bccb4029c0d9_7,You cannot apply for or use a contribution while enrolled to study at educational institutions for e.g.,STUDENT_STATUS,single,
mondriaan_fund_bccb4029c0d9,mondriaan_fund_bccb4029c0d9_8,"Bachelor’s, Master’s or postdoctoral programmes.",STUDENT_STATUS,single,
mondriaan_fund_bccb4029c0d9,mondriaan_fund_bccb4029c0d9_9,This also applies to participation in programmes at postgraduate institutions and to PhD programmes.,STUDENT_STATUS,single,
mondriaan_fund_bccb4029c0d9,mondriaan_fund_bccb4029c0d9_10,The exception is part-time programmes (not Bachelor’s programmes) of less than 20 hours a week.,STUDENT_STATUS,single,
mondriaan_fund_bccb4029c0d9,mondriaan_fund_bccb4029c0d9_11,Previous applications: Only one Artist Start grant is awarded to any artists.,PRIOR_FUNDING,single,
mondriaan_fund_bccb4029c0d9,mondriaan_fund_bccb4029c0d9_12,An artist who was previously rejected on the grounds of the criterium ‘quality and development of the oeuvre’ is not permitted to submit a new application for Artist Start within a period of 12 months after the initial application date.,PRIOR_FUNDING,single,
mondriaan_fund_bccb4029c0d9,mondriaan_fund_bccb4029c0d9_13,An Artist Start grant may not be applied for during the term of any other financial support from the Mondriaan Fund if the board believes that the contribution could cover the same costs.,PRIOR_FUNDING,single,
mondriaan_fund_bccb4029c0d9,mondriaan_fund_bccb4029c0d9_14,"For the Artist Start grant, the applicant’s total taxable income in the period for which the application is submitted must not be higher than € 55,000.",OTHER_ELIGIBILITY,single,
kunsten_be_flanders_f8fe9857ed58,kunsten_be_flanders_f8fe9857ed58_0,The program is designed for emerging curators and curators-to-be still involved in their studies who expect to work in the field of contemporary art.,CAREER_STAGE|DISCIPLINE,relabel,round 4: emerging curators
rannis_iceland_af8426814170,rannis_iceland_af8426814170_0,"Target group Designers, Visual artists, Authors, Performers, Musicians, Composers and Film Authors.",DISCIPLINE,single,
kunsten_be_flanders_8a344b3ec711,kunsten_be_flanders_8a344b3ec711_1,"If so, please contact Ward Bosmans after you registered.",NONE,single,
fpu_slovakia_f9777ed7efc1,fpu_slovakia_f9777ed7efc1_0,Eligible applicants are entities that deal with the creation and staging of theatrical works.,DISCIPLINE,single,
fpu_slovakia_f9777ed7efc1,fpu_slovakia_f9777ed7efc1_1,Organizations that systematically work on the upbringing and cultural education of children and youth.,APPLICANT_TYPE,single,
fpu_slovakia_f9777ed7efc1,fpu_slovakia_f9777ed7efc1_2,"The applicant must have one of the following legal forms: a) budgetary or contributory organization established by a higher territorial unit, b) budgetary or contributory organization established by a municipality, c) non-profit organization, d) civic association, e) legal person, f) primary school and secondary school, elementary art school, conservatory",APPLICANT_TYPE,single,
vkkf_konkursu_grafiks_1ada5719af7f,vkkf_konkursu_grafiks_1ada5719af7f_0,"The objectives, tasks, applicant pool, and other issues related to the conduct of the program competition are set out in the regulations of each program competition.",NONE,single,
cite_internationale_des_arts_faaa6d16811c,cite_internationale_des_arts_faaa6d16811c_0,Visual artists who … were born in Hesse or have lived in Hesse (primary residence) since no later than 1 January 2025 or have completed a degree at an art academy or a comparable course of study/training in Hesse can apply.,RESIDENCE,single,
cite_internationale_des_arts_faaa6d16811c,cite_internationale_des_arts_faaa6d16811c_1,There is no age limit.,AGE,single,
cite_internationale_des_arts_faaa6d16811c,cite_internationale_des_arts_faaa6d16811c_2,Artist duos may submit a joint application.,APPLICANT_TYPE,single,
kunst_dk_denmark_64e7cbaea368,kunst_dk_denmark_64e7cbaea368_0,"The Committee for Craft and Design Project Funding funds artists, designers, curators, authors, promoters, museums, galleries and others with an interest in developing and promoting craft and design in Denmark and Danish craft and design abroad in the form of projects.",DISCIPLINE,single,
kunst_dk_denmark_64e7cbaea368,kunst_dk_denmark_64e7cbaea368_1,"You can read more about how the committee defines a project under the ""What is the purpose of the programme"" section of this page.",NONE,single,
kunst_dk_denmark_64e7cbaea368,kunst_dk_denmark_64e7cbaea368_2,Examples of projects that the committee may fund include: Exhibitions and dissemination projects as well as exhibition series and annual programmes that involve works by contemporary artists and designers in Denmark and/or abroad.,NONE,single,
kunst_dk_denmark_64e7cbaea368,kunst_dk_denmark_64e7cbaea368_3,"Residencies and exchange/work stays Production of works Projects that show aesthetic potential and a thorough understanding of a craft, materials and sensuousness Projects that are centered on concrete design solutions to specific problems or projects that are more immaterial or critical in nature.",NONE,single,
kunst_dk_denmark_64e7cbaea368,kunst_dk_denmark_64e7cbaea368_4,"Presentations and all types of dissemination (verbal, written, visual, digital and printed) of the works of contemporary Danish artists and designers to a relevant audience, this includes travel funding and residencies in connection with specific exhibitions and tasks Funding for establishing a business and international cooperation on the production of new types of Danish craft and design products that contribute to demonstrating the special identity and profile of the craft or design Editorial content production for different media: reviews, articles, dissemination of academic research projects etc.",NONE,single,
kunst_dk_denmark_64e7cbaea368,kunst_dk_denmark_64e7cbaea368_5,Find out more about how to apply if your project combines different art forms.,NONE,single,
kunst_dk_denmark_64e7cbaea368,kunst_dk_denmark_64e7cbaea368_6,You cannot receive funding for: Activities completed before the application deadline Courses of study/training courses Projects that the committee have previously supported Capital investments and operating expenses Expenses from previous calendar years.,NONE,single,
kunst_dk_denmark_64e7cbaea368,kunst_dk_denmark_64e7cbaea368_7,"That is, only expenses from either the same or upcoming calendar year can be entered into the budget",NONE,single,
fpu_slovakia_7d1dec061d0c,fpu_slovakia_7d1dec061d0c_0,"Support is intended for theatre collectives defined in the description of programme 1.1, which are established on the Slovak art scene and active on it.",DISCIPLINE|APPLICANT_TYPE|CAREER_STAGE,relabel,"round 4: theatre collectives, established"
fpu_slovakia_7d1dec061d0c,fpu_slovakia_7d1dec061d0c_1,Support in this subprogramme is intended exclusively for: the creation and staging of a stage work that will be publicly presented in the 2026/2027 season; a condition for the granting of support is also repeated performances in the following 2027/2028 season.,NONE,single,
fpu_slovakia_7d1dec061d0c,fpu_slovakia_7d1dec061d0c_2,"Support is not intended for: separate repeated performances of a stage work that has already been staged, writing a theatre work, creation without being linked to a specific stage performance of the work.",NONE,single,
fpu_slovakia_7d1dec061d0c,fpu_slovakia_7d1dec061d0c_3,"The substantive output must in the future be staged as a stage work, which the applicant confirms by an acceptance letter from the institution in which the work will be realised, rehearsal of an individual performance, ordinary operating expenses of the theatre, stage works presented exclusively online.",NONE,single,
fpu_slovakia_7d1dec061d0c,fpu_slovakia_7d1dec061d0c_4,"Within the subprogramme, the applicant may submit a maximum of three applications for the allocation of financial resources.",NONE,single,
fpu_slovakia_7d1dec061d0c,fpu_slovakia_7d1dec061d0c_5,"In the event that the applicant submits more than three applications, the fund will consider only the first three delivered applications, or the first three applications with a lower serial number, as complete, and the others will be excluded.",NONE,single,
fpu_slovakia_7d1dec061d0c,fpu_slovakia_7d1dec061d0c_6,"An application for support may be submitted only by an applicant who has, by the deadline of the call for applications, completed the implementation of their project, if they were supported in previous years of the FPU support activity.",PRIOR_FUNDING,single,
fpu_slovakia_7d1dec061d0c,fpu_slovakia_7d1dec061d0c_7,A project is considered completed if the recipient submitted the substantive evaluation of the project to the fund after the expiration of the entire period for which the support was granted.,NONE,single,
fpu_slovakia_7d1dec061d0c,fpu_slovakia_7d1dec061d0c_8,"If multiple entities participate in the implementation of the project, the application is submitted exclusively by the entity that initiated the work or is responsible for its implementation.",APPLICANT_TYPE,single,
fpu_slovakia_7d1dec061d0c,fpu_slovakia_7d1dec061d0c_9,Only one entity may apply for support for the implementation of the identical work.,NONE,single,
fpu_slovakia_7d1dec061d0c,fpu_slovakia_7d1dec061d0c_10,"In the event that more than one application is submitted for the identical work (the content is decisive, not the title), the fund will consider only the first delivered application, or the application with a lower serial number, as complete, and the others will be excluded.",NONE,single,
fpu_slovakia_196b091d363e,fpu_slovakia_196b091d363e_0,Applicant demonstrably active and carrying out activities in the field of literature.,DISCIPLINE,single,
fpu_slovakia_196b091d363e,fpu_slovakia_196b091d363e_1,Support is intended exclusively for entities holding authorization to carry out the activities they plan to implement within the project.,APPLICANT_TYPE,single,
deutscher_uebersetzerfonds_fdd3e8bbaa01,deutscher_uebersetzerfonds_fdd3e8bbaa01_0,"The application is complete if, in addition to the online application in the next step, the following documents have been uploaded together in one PDF file: 10 pages of the translation (standard pages with pagination, please do not submit more than 10 pages) Short description of the work to be translated and presentation of the translation challenge (approx.",NONE,single,
konstepidemin_df24847c1417,konstepidemin_df24847c1417_32,"CV and a personal letter describing yourself, your art practice, reasons for wanting a studio at Konstepidemin, and documentation of your artistic practice.",NONE,single,
fpu_slovakia_2c7e23b1350c,fpu_slovakia_2c7e23b1350c_0,"Support is intended exclusively for applicants who demonstrably operate and carry out activities in the field of research, criticism and expert reflection of art, culture and the creative industry, or in the field of musical art.",DISCIPLINE,single,
fpu_slovakia_2c7e23b1350c,fpu_slovakia_2c7e23b1350c_1,The grant may be provided exclusively to entities holding authorization to perform the activities they plan to carry out within the project.,APPLICANT_TYPE,single,
fpu_slovakia_2c7e23b1350c,fpu_slovakia_2c7e23b1350c_2,"The applicant must have one of the following legal forms: a) natural person – sole trader, b) commercial company, c) higher territorial unit or municipality, d) budgetary or contributory organization established by a municipality, e) budgetary or contributory organization established by a higher territorial unit (VÚC), f) civic association, g) foundation, h) association of legal entities, i) non-profit organization providing generally beneficial services, j) non-investment fund, k) organizations with an international element.",APPLICANT_TYPE,single,
kulturdirektoratet_norway_c2fe46c33b4d,kulturdirektoratet_norway_c2fe46c33b4d_0,"You may apply for this scheme if you are a professional performing artist, producer, part of a production environment, or another entity within the performing arts field.",DISCIPLINE|CAREER_STAGE,relabel,round 4: professional performing artist
kulturdirektoratet_norway_c2fe46c33b4d,kulturdirektoratet_norway_c2fe46c33b4d_1,"Private individuals, private and public institutions, organizations, and other businesses may apply.",APPLICANT_TYPE,single,
kulturdirektoratet_norway_c2fe46c33b4d,kulturdirektoratet_norway_c2fe46c33b4d_2,Applicants who receive fixed annual state grants are normally not awarded grants from this scheme.,PRIOR_FUNDING,single,
european_cultural_foundation_7395e3ac9c32,european_cultural_foundation_7395e3ac9c32_0,"Civitates invites applications from independent media outlets registered in Hungary, Poland, Italy, Spain, Bulgaria, Slovakia, and Croatia.",RESIDENCE,single,
national_culture_fund_bulgaria_cb83dc97ab66,national_culture_fund_bulgaria_cb83dc97ab66_0,Eligible applicants: Legal entities,APPLICANT_TYPE,single,
deutscher_uebersetzerfonds_3993fa2caeb1,deutscher_uebersetzerfonds_3993fa2caeb1_0,"The application is complete when, in addition to the online application in the next step, the following documents have been uploaded together in a single PDF file: 3 pages of the translation (standard pages with pagination, please do not submit more than 3 pages) project description (own project and initial exposé; approx.",NONE,single,
creative_ireland_266e44f1c010,creative_ireland_266e44f1c010_0,We are looking for creative and cultural projects that take place outside of the school setting and are rooted in the local community.,NONE,single,
creative_ireland_266e44f1c010,creative_ireland_266e44f1c010_1,Projects should have a creative approach and be shaped by active involvement of children and young people.,NONE,single,
creative_ireland_266e44f1c010,creative_ireland_266e44f1c010_2,Funding can be for new projects or to expand an existing project or pilot.,NONE,single,
creative_ireland_266e44f1c010,creative_ireland_266e44f1c010_3,We encourage different organisations to work together to build strong project teams to deliver high quality projects.,NONE,single,
creative_ireland_266e44f1c010,creative_ireland_266e44f1c010_4,Your application must have a youth-led approach.,NONE,single,
creative_ireland_266e44f1c010,creative_ireland_266e44f1c010_5,It is very important that young people make as many decisions as possible in the design of the project.,NONE,single,
creative_ireland_266e44f1c010,creative_ireland_266e44f1c010_6,"The National Framework for Children and Young People’s Participation in Decision-making (see Appendix 2), will help you identify, develop and engage in a creative project.",NONE,single,
norwegian_crafts_ec6807d7b33a,norwegian_crafts_ec6807d7b33a_0,Norwegian galleries and independent exhibition spaces that are invited to participate in one of the listed art fairs,APPLICANT_TYPE,single,
norwegian_crafts_ec6807d7b33a,norwegian_crafts_ec6807d7b33a_1,Norwegian art book publishers that are invited to participate in one of the listed art book fairs,APPLICANT_TYPE,single,
norwegian_crafts_ec6807d7b33a,norwegian_crafts_ec6807d7b33a_8,"The ISGIES scheme does not cover Kunsthalles, art societies, art centres, or individual artists.",APPLICANT_TYPE,single,
bozar_brussels_822ba7a0374e,bozar_brussels_822ba7a0374e_0,"We are looking for journalists, writers, photographers, illustrators, artists and academics to untangle the crises affecting Europe today, and reflect on the choices we need to make moving forward.",DISCIPLINE,single,
lux_moving_image_6f82a70c5ebe,lux_moving_image_6f82a70c5ebe_0,"We invite 20 minute papers and pre-constituted panels with a maximum of 4 speakers that: consider the definition of video art since its inception and the major transformations the concept has gone through; review and reframe existing video histories; examine the organisational model of the video collective, and its modes of circulation and distribution; explore the international and regional video networks of which LVA was part, share new research into underacknowledged video histories and figures; address the heterogeneous and intersecting ecologies of video practice: whether conceptual documentation and modernist experiment, radical campaigning and community engagement, and the later return to representational form; address how technological changes have determined video practices, cultures and ecologies; examine how London Video Arts addressed the hegemony of broadcast TV; explore the determining role of televisual culture and production in the development of video practice: it’s forms and address. consider what contemporary collective, activist or community-based video practices, in the UK and internationally, share with or depart from LVA’s model of artist-led organising consider how video art explored the limits of its material, processes and forms; discuss the role of video to address political and social urgencies and injustices; question the legacy of analogue video technology in the digital age; address the challenges of how to archive, conserve and exhibit fragile historic video technologies; explore how museums and galleries understand video art today.",NONE,single,
deutscher_uebersetzerfonds_03397122e60c,deutscher_uebersetzerfonds_03397122e60c_0,"The application is complete if, in addition to the online application, the following documents have been uploaded collectively in a PDF file in the next step: 10 pages of a translation from a recent period (standard pages with pagination, please do not submit more than 10 pages) outline sketch for the educational project short biography, professional career (max.",NONE,single,
kulturdirektoratet_norway_4d4eba8d85e6,kulturdirektoratet_norway_4d4eba8d85e6_1,We can make an exception from the requirement of activity for 15 years if the organization has had a break in production and presentation activity during this period.,CAREER_STAGE,single,
kulturdirektoratet_norway_4d4eba8d85e6,kulturdirektoratet_norway_4d4eba8d85e6_2,"In that case, you must explain the reason for the break in the application.",NONE,single,
kulturdirektoratet_norway_4d4eba8d85e6,kulturdirektoratet_norway_4d4eba8d85e6_3,Applicants who receive fixed annual state subsidies are normally not granted support from this scheme.,PRIOR_FUNDING,single,
fpu_slovakia_71cbf1c2b550,fpu_slovakia_71cbf1c2b550_0,"Eligible applicants: Entities that operate in the field of traditional culture, folklorism and cultural-educational activity.",DISCIPLINE,single,
fpu_slovakia_71cbf1c2b550,fpu_slovakia_71cbf1c2b550_1,"The applicant must have one of the following legal forms: natural person – sole trader, commercial company, higher territorial unit or municipality, budgetary or contributory organization established by a higher territorial unit, budgetary or contributory organization established by a municipality, civic association, foundation, association of legal persons, nonprofit organization providing generally beneficial services, non-investment fund, legal entity established by a special act, budgetary organization established by a legal entity established by a special act or contributory organization established by a legal entity established by a special act, to which a transfer is provided through the chapter of the Ministry of Culture of the Slovak Republic. regional tourism organization, local tourism organization.",APPLICANT_TYPE,single,
focuna_luxembourg_65e417572cdc,focuna_luxembourg_65e417572cdc_0,"The grant is awarded through a call for projects to students, doctoral candidates, researchers (or a collective of students or researchers), with no age criterion, who are officially attached to a university, a university of applied sciences, or a scientific institution, a scientific team, or a scientific laboratory.",STUDENT_STATUS|AGE,relabel,round 4: explicit age waiver
vkkf_konkursu_grafiks_9e5288dffb57,vkkf_konkursu_grafiks_9e5288dffb57_0,Improvement of the material and technical base of visual arts educational institutions,NONE,single,
mondriaan_fund_b4f100323dba,mondriaan_fund_b4f100323dba_9,The exception is part-time programmes (not Bachelor’s programmes) of less than 20 hours a week.,STUDENT_STATUS,single,
norwegian_crafts_b95531319424,norwegian_crafts_b95531319424_1,"Applicants cannot be enrolled in educational programs (including high school, bachelor’s, or master’s degree programs) at the time of application or event period.",STUDENT_STATUS,single,
kunsten_be_flanders_b75775a347f7,kunsten_be_flanders_b75775a347f7_2,"Recent graduates are welcome to apply, as well as individuals who have gotten through a gap in their career, without need for further justification.",STUDENT_STATUS,single,
mondriaan_fund_ed1cd841c663,mondriaan_fund_ed1cd841c663_6,"Bachelor’s, Master’s or postdoctoral programmes.",STUDENT_STATUS,single,
kunsten_be_flanders_22da6aff727f,kunsten_be_flanders_22da6aff727f_0,"We are looking for young, emerging artists (students, recent graduates, self-taught) from all disciplines who want to experiment within the theme “Human & Animal”.",CAREER_STAGE,single,
kunsten_be_flanders_86ac6db836bb,kunsten_be_flanders_86ac6db836bb_1,You have recently graduated,STUDENT_STATUS,single,
mondriaan_fund_6d9761361246,mondriaan_fund_6d9761361246_9,"If the artist has completed a Bachelor’s degree programme (HBO) with a visual arts curriculum, the date on the diploma will be considered the start of their professional practice.",CAREER_STAGE,single,
bmwkms_austria_24ff03eefb27,bmwkms_austria_24ff03eefb27_2,Not eligible to apply: students in relevant degree programs in literary writing.,STUDENT_STATUS,single,
mondriaan_fund_af60247339cd,mondriaan_fund_af60247339cd_3,"If you have not completed a Bachelor’s degree programme (HBO) with a visual arts curriculum, the date on which you first presented work in professional art circles will be considered the start of your professional practice.",CAREER_STAGE,single,
mondriaan_fund_b4f100323dba,mondriaan_fund_b4f100323dba_4,"If you have not completed a Bachelor’s degree programme (HBO) with a visual arts curriculum, the date on which you first presented work in professional art circles will be considered the start of your professional practice.",CAREER_STAGE,single,
mondriaan_fund_6d9761361246,mondriaan_fund_6d9761361246_13,"As an exception, a foreign art institution can request a contribution to show work by master students in a visual arts programme or participants in post-academic institutions.",APPLICANT_TYPE,single,
kunsten_be_flanders_c491dbaacb88,kunsten_be_flanders_c491dbaacb88_6,"The collaboration will consist of an open lecture for the academy’s students (1,5h) and two workshops for the fashion design students (5h and 1,5h).",NONE,single,
mondriaan_fund_af60247339cd,mondriaan_fund_af60247339cd_2,"If there is an interim period between your graduation from the Bachelor’s programme with a visual arts curriculum and the start of your Master’s programme, this period will count as part of your professional practice.",CAREER_STAGE,single,
kunsten_be_flanders_3aeeb0c33c84,kunsten_be_flanders_3aeeb0c33c84_2,"In other words: in training, recently graduated, at the start of a career or still in need of developing a network within the Belgian or international sound art field.",CAREER_STAGE,single,
fpu_slovakia_6d89252e8325,fpu_slovakia_6d89252e8325_2,"The applicant must have one of the following legal forms: a) budgetary or contributory organization established by a higher territorial unit, b) budgetary or contributory organization established by a municipality, c) non-profit organization, d) civic association, e) legal entity, f) primary school and secondary school, art school, conservatory.",APPLICANT_TYPE,single,
villa_arson_0b9a48542cab,villa_arson_0b9a48542cab_0,This call for applications is intended for artists who graduated from Villa Arson less than 3 years ago.,STUDENT_STATUS,single,
fpu_slovakia_c83c279bca0e,fpu_slovakia_c83c279bca0e_2,"The applicant must have one of the following legal forms: a) budgetary or contributory organization established by a higher territorial unit, b) budgetary or contributory organization established by a municipality, c) non-profit organization, d) civic association, e) legal entity, f) primary school and secondary school, art school, conservatory",APPLICANT_TYPE,single,
kunsten_be_flanders_2c5ed7b40a1d,kunsten_be_flanders_2c5ed7b40a1d_1,Undergraduate and Master’s students are not eligible.,STUDENT_STATUS,single,
kunsten_be_flanders_15a23e278f66,kunsten_be_flanders_15a23e278f66_0,"Recent graduates, as well as aspiring and emerging curators, are invited to apply.",CAREER_STAGE,single,
mondriaan_fund_ed1cd841c663,mondriaan_fund_ed1cd841c663_1,"Applications may only be submitted by artists who have been active as a professional visual artist for at least 1 year: If you have completed a Bachelor’s degree programme (HBO) with a visual arts curriculum, the date on your diploma will be considered the start of your professional practice.",CAREER_STAGE|DISCIPLINE,relabel,round 4: professional visual artist; diploma clause is a definition
norwegian_crafts_4dc4c1d3e2e6,norwegian_crafts_4dc4c1d3e2e6_1,"Applicants cannot be enrolled in study programmes (including secondary school, bachelor’s, or master’s programmes) at the time of application or during the residency period.",STUDENT_STATUS,single,
kunsten_be_flanders_43833eaa836e,kunsten_be_flanders_43833eaa836e_0,"Sprouts Film Festival (SFF) invites young artists and recent art school graduates whose work revolves around ecological and sustainability themes to apply with their pre-existing work for the Eco Expo, which will take place during the 5th edition of SFF.",STUDENT_STATUS,single,
kunsten_be_flanders_c491dbaacb88,kunsten_be_flanders_c491dbaacb88_5,"Additionally, they will collaborate closely with the Department of Fashion Design of the Estonian Academy of Arts.",NONE,single,
villa_arson_0b9a48542cab,villa_arson_0b9a48542cab_1,The call is open to artists who graduated from Villa Arson less than three years ago.,STUDENT_STATUS,single,
kulturdirektoratet_norway_3c165f1da95d,kulturdirektoratet_norway_3c165f1da95d_15,"Researchers employed by a research organization, for example a university or a university college, should normally apply through the organization.",APPLICANT_TYPE,single,
matadero_madrid_bc5ee263b8a9,matadero_madrid_bc5ee263b8a9_0,"This call is aimed at individuals of legal age from Spain and abroad, with any level of qualification and from diverse disciplines such as design, art, architecture, urban planning, economics, film, photography, journalism, digital media, environmental sci ences, philosophy, engineering, social studies, political science, programming, materials science, activism, or any other field.",AGE|APPLICANT_TYPE|EDUCATION|DISCIPLINE,relabel,round 4: individuals of legal age; explicit qualification and discipline waivers
mondriaan_fund_8e2af8800941,mondriaan_fund_8e2af8800941_18,The acquisition will remain part of the Dutch National Cultural Heritage Collection for a long time and its ownership will not be transferred without the Mondriaan Fund’s authorisation.,NONE,single,
kulturdirektoratet_norway_249e90c0e25b,kulturdirektoratet_norway_249e90c0e25b_15,"The book must either be written in Norwegian (Bokmål, Nynorsk or dialect) or translated into Norwegian from Sámi or a national minority language or translated into Norwegian from another language if it is an original work that has not been published previously, or a translation of poetry into Norwegian.",DISCIPLINE,single,
focuna_luxembourg_251b64f33dc6,focuna_luxembourg_251b64f33dc6_3,"An extended assignment of rights, allowing free use by the National Cultural Fund, is required.",NONE,single,
kunsten_be_flanders_3aeeb0c33c84,kunsten_be_flanders_3aeeb0c33c84_6,"You have a link to Belgium: either by residence, education or nationality.",RESIDENCE|NATIONALITY,relabel,round 4: link by residence or nationality (geo alternatives)
creative_ireland_4f64fc0a9e3f,creative_ireland_4f64fc0a9e3f_1,They should work with HSE and local or National Health organisations to deliver these projects,NONE,single,
creative_ireland_3eaa677e982c,creative_ireland_3eaa677e982c_2,"Applicants will be expected to apply a youth-led approach, for example by applying the National Framework for Children and Young People’s People ’s Participation in Decision-making (Appendix 2), to enable them to identify, develop and engage in a creative project.",NONE,single,
nordic_culture_point_9dc9950cca03,nordic_culture_point_9dc9950cca03_2,"These organisations include associations, foundations, charities, citizens organisations, interest groups, labour market organisations, religious communities, social enterprises, and NGOs.",APPLICANT_TYPE,single,
kulturdirektoratet_norway_c120380a9bbe,kulturdirektoratet_norway_c120380a9bbe_9,"If the enterprise operates across national borders in Sápmi, the enterprise must have a Norwegian organisation number.",RESIDENCE,single,
focuna_luxembourg_d63b1cf9b11d,focuna_luxembourg_d63b1cf9b11d_8,Authors participating in the National Literary Competition 2024 are eligible.,PRIOR_FUNDING,single,
kunsten_be_flanders_1e4f87dbc5b9,kunsten_be_flanders_1e4f87dbc5b9_2,You can familiarize yourself with the current sanctions list on the website of the Verkhovna Rada of Ukraine at the link: https://zakon.rada.gov.ua/laws/show/n0004525-20#Text legal entities or individual enterpreneurs and / or participants of such entities or individuals who have violated the Law of Ukraine “On Ensuring the Rights and Freedoms of Citizens and the Legal Regime in the Temporarily Occupied Territory of Ukraine” dated 15.04.2014 № 1207-VII.,OTHER_ELIGIBILITY,single,
mondriaan_fund_8e2af8800941,mondriaan_fund_8e2af8800941_1,The application procedure is open to publicly accessible Dutch institutions that are in charge of museum collections of national or international significance.,RESIDENCE|APPLICANT_TYPE,relabel,round 4: Dutch museum institutions
kunsten_be_flanders_1e4f87dbc5b9,kunsten_be_flanders_1e4f87dbc5b9_1,"Applications submitted by individuals, legal entities registered both in Ukraine and abroad, related to the aggressor state – the Russian Federation, which is recognized as such in accordance with the Law of Ukraine“ “On the Prohibition of Propaganda of the Russian Nazi Totalitarian Regime, Armed Aggression of the Russian Federation as a Terrorist State against Ukraine, Symbolism of the Military Invasion of the Russian Nazi Totalitarian Regime into Ukraine”№ 2265-ІХ of May 22, 2022, the Republic of Belarus and/or the Islamic Republic of Iran, are considered ineligible, namely: legal entities with beneficiaries who are individuals – citizens of the aggressor state of the Russian Federation, the Republic of Belarus and/or the Islamic Republic of Iran or or legal entities associated with the aggressor state of the Russian Federation and the Republic of Belarus and/or the Islamic Republic of Iran; legal entities or individual enterpreneurs and / or participants of such entities to whom personal special economic and other restrictive measures (sanctions) have been applied in accordance with the Law of Ukraine “On Sanctions” and decisions of the National Security and Defense Council of Ukraine;",NATIONALITY,single,
arts_council_wales_21e3fea04b22,arts_council_wales_21e3fea04b22_18,At least 10% of your project income should come from a non-Arts Council or National Lottery source.,NONE,single,
kunsten_be_flanders_6e69a631d20d,kunsten_be_flanders_6e69a631d20d_1,"Regional, national, and international submissions are expressly encouraged.",NONE,single,
mondriaan_fund_4518b4e5d09e,mondriaan_fund_4518b4e5d09e_0,Applications can be submitted by publicly accessible Dutch institutions that manage museum collections of national and international significance.,APPLICANT_TYPE|RESIDENCE,relabel,round 4: Dutch institutions: org descriptor -> RESIDENCE
nordic_culture_point_98a22945e2cb,nordic_culture_point_98a22945e2cb_2,"Country affiliation is assessed according to the partners’ registered addresses, not nationality.",RESIDENCE,single,
kulturdirektoratet_norway_249e90c0e25b,kulturdirektoratet_norway_249e90c0e25b_21,"If the book is translated from Sámi or a national minority language, the original work cannot be more than five years old when you apply.",NONE,single,
kunsten_be_flanders_a8b33f98769e,kunsten_be_flanders_a8b33f98769e_0,"The contest is open to all persons, without restriction of nationality or age.",NATIONALITY|AGE,relabel,round 4: explicit nationality and age waivers
creative_ireland_c1b4d742d030,creative_ireland_c1b4d742d030_0,"We welcome applications from project teams in Ireland working in partnership with local or national community, cultural and creative organisations in collaboration with North-South partners or both North-South and East-West (Ireland-Britain) partners.",RESIDENCE,single,
kunsthalle_exnergasse_vienna_59b7712c4d41,kunsthalle_exnergasse_vienna_59b7712c4d41_0,Inter(national) group exhibitions can be submitted.,NONE,single,
kulturdirektoratet_norway_ea773d017e43,kulturdirektoratet_norway_ea773d017e43_4,"For books translated from Sami and national minority languages (Kven, Romani and Romani) into Norwegian, the submission quota of up to three titles per application deadline does not apply.",NONE,single,
kulturdirektoratet_norway_be23ac92343c,kulturdirektoratet_norway_be23ac92343c_0,Museums in the National Museum Network and museums under the Sámi Parliament.,APPLICANT_TYPE,single,
gasworks_london_356ae5fa0c20,gasworks_london_356ae5fa0c20_0,Conceived as a professional development opportunity for an early-career curator with a connection to the Baltic region,CAREER_STAGE|DISCIPLINE,relabel,round 4: early-career curator
kunsten_be_flanders_7858eb98a09d,kunsten_be_flanders_7858eb98a09d_1,Both emerging and established artists are encouraged to apply.,CAREER_STAGE,single,
nordic_culture_point_9dc9950cca03,nordic_culture_point_9dc9950cca03_5,"To be eligible, the applicant organisation must be established and registered in the Nordic Region.",RESIDENCE|APPLICANT_TYPE,relabel,round 4: applicant organisation registered in the Nordic Region
mk_statni_fond_kultury_cz_209b9ce5a11b,mk_statni_fond_kultury_cz_209b9ce5a11b_9,"In other words, entities that have a definitively established year-round publishing plan (magazines, publishing houses) or a closed plan of exhibitions, concerts, creation of new performances including the dates and conditions of their presentation.",APPLICANT_TYPE,single,
matadero_madrid_15564c0bdd34,matadero_madrid_15564c0bdd34_1,"We will value each applicant's particular trajectory, with the aim of fostering exchange between expert and emerging profiles.",CAREER_STAGE,single,
kunsten_be_flanders_3511fb00ced1,kunsten_be_flanders_3511fb00ced1_4,"You have a process-oriented approach; in other words, you are not focused on a single project, but rather an emerging practice and/or methodology;",NONE,single,
kunsten_be_flanders_8a41d4765d67,kunsten_be_flanders_8a41d4765d67_0,"Open to emerging and mid career visual artists, multidisciplinary artists, curators, and art researchers globally",CAREER_STAGE|DISCIPLINE,relabel,"round 4: visual artists, curators, researchers"
mondriaan_fund_f452a1745b69,mondriaan_fund_f452a1745b69_1,"A cultural institution must be established in the Netherlands or the Caribbean part of the Kingdom, and this must also be the location of the activities.",RESIDENCE,single,
kulturdirektoratet_norway_0524a2291eba,kulturdirektoratet_norway_0524a2291eba_21,"You cannot receive more than one grant of the type work grant, work grant for newly established artists, grant for established artists, or grant for senior artists at the same time.",PRIOR_FUNDING,single,
kulturdirektoratet_norway_ab56b6e4b29a,kulturdirektoratet_norway_ab56b6e4b29a_4,We do not provide grants if you already receive operational grants for established enterprises from other schemes in the Arts Council.,PRIOR_FUNDING,single,
kunsten_be_flanders_b2bef0511012,kunsten_be_flanders_b2bef0511012_0,The call is open to emerging artists engaged in a professional practice.,CAREER_STAGE,single,
creative_ireland_49f84775920c,creative_ireland_49f84775920c_7,"Public sector bodies, including local authorities in Northern Ireland, or established networks.",NONE,single,
villa_arson_b6ed4d23bced,villa_arson_b6ed4d23bced_2,independent or emerging curators;,CAREER_STAGE|DISCIPLINE,relabel,round 4: independent or emerging curators
kunsten_be_flanders_ab2801ef4c6f,kunsten_be_flanders_ab2801ef4c6f_5,"You are an emerging, professional and adventurous musician with a determined outlook on the future.",CAREER_STAGE|DISCIPLINE,relabel,round 4: emerging professional musician
kunsten_be_flanders_78924c51339e,kunsten_be_flanders_78924c51339e_6,"Demonstrate an established professional practice in digital art, data visualisation, information design, or a related field",DISCIPLINE|CAREER_STAGE,relabel,round 4: established professional practice
kunsten_be_flanders_78924c51339e,kunsten_be_flanders_78924c51339e_2,"We are looking for artists with an established practice in data visualisation, information design, or related computational and digital fields, who are curious about – and willing to engage critically with – questions at the intersection of science, knowledge production, and subjective experience.",DISCIPLINE|CAREER_STAGE,relabel,round 4: established practice
institut_francais_programs_7df741699916,institut_francais_programs_7df741699916_11,"Special attention will be given to projects that highlight the youth, emerging scenes, and new artistic practices in the field of contemporary African creation. projects that prioritize an eco-responsible approach in their implementation and that allocate ample time for each stop on their tours (e.g., performances + meet-and-greet sessions + related workshops + training, etc.).",NONE,single,
kunsten_be_flanders_f21d7f38a567,kunsten_be_flanders_f21d7f38a567_0,"Both emerging and established artists with a consistent professional practice, active in professional networks, and with a track record of exhibitions.",CAREER_STAGE,single,
kunsten_be_flanders_ab2801ef4c6f,kunsten_be_flanders_ab2801ef4c6f_1,Also mid-career artists who collaborate across generations on a surprising and adventurous project that enriches the jazz scene.,CAREER_STAGE,single,
nordic_culture_fund_ae44e082f513,nordic_culture_fund_ae44e082f513_1,The focus of the programme is on artists and arts practitioners who are in the emerging part of their artistic careers.,CAREER_STAGE,single,
kunsten_be_flanders_17c494c11db3,kunsten_be_flanders_17c494c11db3_0,"Through an EFFEA Residency, festivals join hands to foster the success of emerging artists.",NONE,single,
kunsten_be_flanders_2c5ed7b40a1d,kunsten_be_flanders_2c5ed7b40a1d_2,PhD candidates and emerging artists of any age and academic background may apply.,CAREER_STAGE|AGE|EDUCATION,relabel,round 4: explicit age and academic-background waivers
kunsten_be_flanders_6e69a631d20d,kunsten_be_flanders_6e69a631d20d_0,"To apply, emerging and established artists from all disciplines are invited to participate.",CAREER_STAGE,single,
kunststiftung_nrw_d141b3d73058,kunststiftung_nrw_d141b3d73058_0,A prerequisite for your application is that you have already established initial contacts with actors or institutions on site with whom you would like to work together.,OTHER_ELIGIBILITY,single,
kunsten_be_flanders_b2bef0511012,kunsten_be_flanders_b2bef0511012_1,"An “emerging artist” is understood as any artist active for a few years but still in the process of establishing their career, particularly regarding their involvement with various artistic and cultural institutions.",CAREER_STAGE,single,
kulturdirektoratet_norway_0524a2291eba,kulturdirektoratet_norway_0524a2291eba_14,"This applies to work grants, work grants for newly established artists, grants for established artists, and grants for senior artists.",NONE,single,
kunsten_be_flanders_fa7c8503285a,kunsten_be_flanders_fa7c8503285a_1,"We especially welcome reflections emerging from first-hand compositional, performative, and improvisational work.",NONE,single,
kunststiftung_nrw_53b14ed530cc,kunststiftung_nrw_53b14ed530cc_4,Applications that have once been rejected cannot be submitted again.,PRIOR_FUNDING,single,
kulturdirektoratet_norway_09df7dca2616,kulturdirektoratet_norway_09df7dca2616_2,Enterprises with fixed annual state grants can also apply to the scheme.,PRIOR_FUNDING,single,
kulturdirektoratet_norway_90b336625576,kulturdirektoratet_norway_90b336625576_1,We normally do not grant funding to enterprises with fixed annual government subsidies.,APPLICANT_TYPE,single,
kulturdirektoratet_norway_78d085e42f4b,kulturdirektoratet_norway_78d085e42f4b_1,Businesses that receive a fixed annual government subsidy usually do not receive support from this scheme.,PRIOR_FUNDING,single,
kulturdirektoratet_norway_0c5dbb59de57,kulturdirektoratet_norway_0c5dbb59de57_2,"We want to reach a broad range of publishers and publishing houses, and we encourage publishers/publishing houses that have not previously received grants from the Arts Council Norway to apply.",NONE,single,
kulturdirektoratet_norway_6fc6df3999f3,kulturdirektoratet_norway_6fc6df3999f3_2,We encourage actors who have not previously received grants from the Arts Council to apply.,NONE,single,
kulturdirektoratet_norway_243ed398f83b,kulturdirektoratet_norway_243ed398f83b_2,We do not provide grants for manuscript development and production of a book at the same time.,NONE,single,
mondriaan_fund_2f611a04d139,mondriaan_fund_2f611a04d139_3,"It is not possible to apply for a grant for regular activities, e.g.: continuing a project that was previously supported by the Fund, such as a new season of an existing (podcast) series. activities that are not distinctly recognisable as a separate project in terms of form and/or substance, such as a column with a new subject, but using a customary method. for individuals who, in addition to working as a visual artist, are also active as a curator, critic, social content creator or journalist, the project for which funding is being requested must clearly form part of their reflective practice, rather than their (regular) artistic practice.",NONE,single,
deutscher_uebersetzerfonds_df2b0d082bbf,deutscher_uebersetzerfonds_df2b0d082bbf_7,Translations whose publication is already excluded for copyright reasons cannot be funded (e.g. if another translator has already received a translation commission for the same work).,NONE,single,
kulturdirektoratet_norway_70e4f7b40cc2,kulturdirektoratet_norway_70e4f7b40cc2_1,"At the same time, it wishes to engage researchers and others with minority cultural backgrounds and experiences.",NONE,single,
kulturdirektoratet_norway_0b9dcc6cf9e4,kulturdirektoratet_norway_0b9dcc6cf9e4_2,"To apply for operating grants, you must be an enterprise with its own organization number, or a permanent activity that has its own name and budget and is part of a larger enterprise.",APPLICANT_TYPE,single,
kulturdirektoratet_norway_09df7dca2616,kulturdirektoratet_norway_09df7dca2616_9,The candidate cannot be in an educational program relevant to the aspirant position for which grant is applied for at the same time as the planned aspirant period.,STUDENT_STATUS,single,
nordic_culture_point_99a3ce7db217,nordic_culture_point_99a3ce7db217_2,"To apply for network funding, you must be a resident of the Nordic Region (Denmark, Finland, the Faroe Islands, Greenland, Iceland, Norway, Sweden, or Åland) or the Baltic countries (Estonia, Latvia, or Lithuania), although you do not need to be a Nordic or Baltic citizen.",RESIDENCE|NATIONALITY,rejoined,"round 4: rejoined 2 parts (nordic_culture_point_99a3ce7db217_2a, nordic_culture_point_99a3ce7db217_2b)"
mondriaan_fund_a939eddff305,mondriaan_fund_a939eddff305_3,"In order to be eligible for a contribution, you must be artistically and substantively active within the visual arts field, and in this capacity, part of the professional art practice in the Netherlands and/or the Caribbean part of the Kingdom.",DISCIPLINE|RESIDENCE,rejoined,"round 4: rejoined 2 parts (mondriaan_fund_a939eddff305_3a, mondriaan_fund_a939eddff305_3b)"
dgartes_portugal_111bdc1e2ebf,dgartes_portugal_111bdc1e2ebf_0,"Private legal persons with headquarters in Portugal, who carry out, on a predominant basis, professional activities here in one or more of the artistic areas provided for in Article 1, paragraph 2 of Decree-Law No.",RESIDENCE|DISCIPLINE,rejoined,"round 4: rejoined 2 parts (dgartes_portugal_111bdc1e2ebf_0a, dgartes_portugal_111bdc1e2ebf_0b)"
dgartes_portugal_111bdc1e2ebf,dgartes_portugal_111bdc1e2ebf_3,"Quadriennial support modality: have at least six years of continuous professional activity; have benefited, at least once in the last six years, from financial support from the State through DGARTES in the support type",CAREER_STAGE|PRIOR_FUNDING,rejoined,"round 4: rejoined 2 parts (dgartes_portugal_111bdc1e2ebf_3a, dgartes_portugal_111bdc1e2ebf_3b)"
mondriaan_fund_e52bef22781c,mondriaan_fund_e52bef22781c_0,"Visual artists, independent curators, art critics and art observers based in the Netherlands and the Caribbean part of the Kingdom.",DISCIPLINE|RESIDENCE,rejoined,"round 4: rejoined 2 parts (mondriaan_fund_e52bef22781c_0a, mondriaan_fund_e52bef22781c_0b)"
mondriaan_fund_e52bef22781c,mondriaan_fund_e52bef22781c_8,"In order to be eligible for a contribution, you must be artistically and substantively active within the visual arts field, and in this capacity, part of the professional art practice in the Netherlands and/or the Caribbean part of the Kingdom.",DISCIPLINE|RESIDENCE,rejoined,"round 4: rejoined 2 parts (mondriaan_fund_e52bef22781c_8a, mondriaan_fund_e52bef22781c_8b)"
mondriaan_fund_e52bef22781c,mondriaan_fund_e52bef22781c_17,"In order to be eligible for a contribution, you must be artistically and substantively active within the visual arts field, and in this capacity, part of the professional art practice in the Netherlands and/or the Caribbean part of the Kingdom.",DISCIPLINE|RESIDENCE,rejoined,"round 4: rejoined 2 parts (mondriaan_fund_e52bef22781c_17a, mondriaan_fund_e52bef22781c_17b)"
mondriaan_fund_3b86b5d4af2f,mondriaan_fund_3b86b5d4af2f_0,"Independent curators, critics, theorists and art observers who have been professionally active for at least 2 years.",DISCIPLINE|CAREER_STAGE,rejoined,"round 4: rejoined 2 parts (mondriaan_fund_3b86b5d4af2f_0a, mondriaan_fund_3b86b5d4af2f_0b)"
kunsten_be_flanders_61e96ffd7526,kunsten_be_flanders_61e96ffd7526_2,Anyone (aged 18 and above) with some experience in dance/movement/performance,AGE|DISCIPLINE,rejoined,"round 4: rejoined 2 parts (kunsten_be_flanders_61e96ffd7526_2a, kunsten_be_flanders_61e96ffd7526_2b)"
gasworks_london_f7a198d1e6ea,gasworks_london_f7a198d1e6ea_0,"This residency open call is for an early-career artist based in Central America (Belize, Costa Rica, El Salvador, Guatemala, Honduras, Nicaragua, Panama).",CAREER_STAGE|RESIDENCE,rejoined,"round 4: rejoined 2 parts (gasworks_london_f7a198d1e6ea_0a, gasworks_london_f7a198d1e6ea_0b)"
fpu_slovakia_a78a2c72832b,fpu_slovakia_a78a2c72832b_0,The eligible applicant is exclusively a natural person – an individual who works in the field of music.,APPLICANT_TYPE|DISCIPLINE,rejoined,"round 4: rejoined 2 parts (fpu_slovakia_a78a2c72832b_0a, fpu_slovakia_a78a2c72832b_0b)"
kunsten_be_flanders_ad6b7bb11552,kunsten_be_flanders_ad6b7bb11552_0,"This season we’ll select 28 recently graduated artists, they will be divided into 7 different groups. *It is possible to apply as an autodidact.",STUDENT_STATUS|EDUCATION,rejoined,"round 4: rejoined 2 parts (kunsten_be_flanders_ad6b7bb11552_0a, kunsten_be_flanders_ad6b7bb11552_0b)"
arts_council_wales_b3ec3ab6ac65,arts_council_wales_b3ec3ab6ac65_0,Go and See applications can only be submitted by: State-maintained schools in Wales for learners aged 3 – 16years.,APPLICANT_TYPE|AGE,rejoined,"round 4: rejoined 2 parts (arts_council_wales_b3ec3ab6ac65_0a, arts_council_wales_b3ec3ab6ac65_0b)"
arts_council_wales_b3ec3ab6ac65,arts_council_wales_b3ec3ab6ac65_1,Pupil referral units in Wales for learners aged 3 – 16 years.,APPLICANT_TYPE|AGE,rejoined,"round 4: rejoined 2 parts (arts_council_wales_b3ec3ab6ac65_1a, arts_council_wales_b3ec3ab6ac65_1b)"
dansateliers_rotterdam_e3404a6adf78,dansateliers_rotterdam_e3404a6adf78_1,The application is open to artists with a grounded artistic movement practice and an established body of work.,DISCIPLINE|CAREER_STAGE,rejoined,"round 4: rejoined 2 parts (dansateliers_rotterdam_e3404a6adf78_1a, dansateliers_rotterdam_e3404a6adf78_1b)"
bmwkms_austria_36f95e7e131b,bmwkms_austria_36f95e7e131b_0,Eligible are artists (exclusively individuals) who possess Austrian citizenship or have their permanent residence in Austria (extract from the register of residents).,NATIONALITY|RESIDENCE,rejoined,"round 4: rejoined 2 parts (bmwkms_austria_36f95e7e131b_0a, bmwkms_austria_36f95e7e131b_0b)"
national_culture_fund_bulgaria_8fca12fac738,national_culture_fund_bulgaria_8fca12fac738_3,Natural persons with Bulgarian citizenship or the right of residence in Bulgaria.,NATIONALITY|RESIDENCE,rejoined,"round 4: rejoined 2 parts (national_culture_fund_bulgaria_8fca12fac738_3a, national_culture_fund_bulgaria_8fca12fac738_3b)"
cite_internationale_des_arts_abfe03e1359b,cite_internationale_des_arts_abfe03e1359b_0,"The residency programme is open to emerging artists who have been professionally active within the last 10 years maximum and with an artistic practice in the fields of visual arts and performance, music and sound research, performing arts, design, writing, architecture and urbanism, curating and art criticism.",CAREER_STAGE|DISCIPLINE,rejoined,"round 4: rejoined 2 parts (cite_internationale_des_arts_abfe03e1359b_0a, cite_internationale_des_arts_abfe03e1359b_0b)"
cite_internationale_des_arts_abfe03e1359b,cite_internationale_des_arts_abfe03e1359b_2,It is open to candidates of all nationalities residing within the European Union and at capacity to express themselves and exchange in English.,RESIDENCE|OTHER_ELIGIBILITY,rejoined,"round 4: rejoined 2 parts (cite_internationale_des_arts_abfe03e1359b_2a, cite_internationale_des_arts_abfe03e1359b_2b)"
arts_council_wales_2c1de1c8af81,arts_council_wales_2c1de1c8af81_0,"Open to artists, creative practitioners and organisations based in England, Northern Ireland, Scotland, and Wales, the funding is designed for those seeking to collaborate with both counterparts in the other UK nations, along with those internationally to share ideas, co‑create, and reach new audiences.",APPLICANT_TYPE|RESIDENCE,rejoined,"round 4: rejoined 2 parts (arts_council_wales_2c1de1c8af81_0a, arts_council_wales_2c1de1c8af81_0b)"
kunststiftung_nrw_8cec63e1851f,kunststiftung_nrw_8cec63e1851f_0,"Eligible applicants are: professional artists with their place of residence and work in North Rhine-Westphalia at the beginning of their artistic career, who can already demonstrate initial verifiable professional experience (e.g. exhibitions, projects or grants)",RESIDENCE|CAREER_STAGE,rejoined,"round 4: rejoined 2 parts (kunststiftung_nrw_8cec63e1851f_0a, kunststiftung_nrw_8cec63e1851f_0b)"
kulturdirektoratet_norway_e1b48f36972d,kulturdirektoratet_norway_e1b48f36972d_15,"Musicians, artists, ensembles, bands or support staff who are mainly based in or have their work in Norway can apply.",DISCIPLINE|RESIDENCE,rejoined,"round 4: rejoined 2 parts (kulturdirektoratet_norway_e1b48f36972d_15a, kulturdirektoratet_norway_e1b48f36972d_15b)"
villa_arson_184a7d44f070,villa_arson_184a7d44f070_0,"It is intended for a photographic artist, under 30 years old, living and working in the Caribbean region.",AGE|RESIDENCE,rejoined,"round 4: rejoined 2 parts (villa_arson_184a7d44f070_0a, villa_arson_184a7d44f070_0b)"
fpu_slovakia_df1a50b7b76a,fpu_slovakia_df1a50b7b76a_0,Eligible applicants are legal entities and natural persons active in the field of art and culture aged 18–26 years.,DISCIPLINE|AGE,rejoined,"round 4: rejoined 2 parts (fpu_slovakia_df1a50b7b76a_0a, fpu_slovakia_df1a50b7b76a_0b)"
mondriaan_fund_d73d8c3cb49e,mondriaan_fund_d73d8c3cb49e_3,When the artist receiving the fee has at least a bachelor’s degree in visual arts or has worked as a professional visual artist for 3 years or more.,EDUCATION|CAREER_STAGE,rejoined,"round 4: rejoined 2 parts (mondriaan_fund_d73d8c3cb49e_3a, mondriaan_fund_d73d8c3cb49e_3b)"
kunsten_be_flanders_78c404ddf0fa,kunsten_be_flanders_78c404ddf0fa_0,For who – You have a degree in the arts or relevant experience in the arts sector – you share a work-in-progress or an experiment (max 15min) – your work is suitable for the location (limited technical resources) – your work-in-progress should have a performative character,EDUCATION|OTHER_ELIGIBILITY,rejoined,"round 4: rejoined 3 parts (kunsten_be_flanders_78c404ddf0fa_0a, kunsten_be_flanders_78c404ddf0fa_0b, kunsten_be_flanders_78c404ddf0fa_0c)"
bmwkms_austria_57c6352e8fbc,bmwkms_austria_57c6352e8fbc_0,Artists who hold Austrian citizenship or have their permanent residence in Austria (most recent registration certificate) are eligible to apply.,NATIONALITY|RESIDENCE,rejoined,"round 4: rejoined 2 parts (bmwkms_austria_57c6352e8fbc_0a, bmwkms_austria_57c6352e8fbc_0b)"
kunsten_be_flanders_e4a2cb6c28a5,kunsten_be_flanders_e4a2cb6c28a5_1,"Applicants must be resident in Belgium, regardless of nationality, gender, religion or ethnic origin.",RESIDENCE|NATIONALITY,rejoined,"round 4: rejoined 2 parts (kunsten_be_flanders_e4a2cb6c28a5_1a, kunsten_be_flanders_e4a2cb6c28a5_1b)"
can_serrat_217dbea20ea5,can_serrat_217dbea20ea5_0,Can Serrat is opening a new residency call for writers from all backgrounds and nationalities.,DISCIPLINE|NATIONALITY,rejoined,"round 4: rejoined 2 parts (can_serrat_217dbea20ea5_0a, can_serrat_217dbea20ea5_0b)"
kunstlerhaus_bethanien_ad1d16a215d9,kunstlerhaus_bethanien_ad1d16a215d9_5,"You can be a foreign citizen and apply for our stipends and grants, but you must be a resident in Sweden or primarily practice your art here.",NATIONALITY|RESIDENCE,rejoined,"round 4: rejoined 2 parts (kunstlerhaus_bethanien_ad1d16a215d9_5a, kunstlerhaus_bethanien_ad1d16a215d9_5b)"
national_culture_fund_bulgaria_4615be3896e7,national_culture_fund_bulgaria_4615be3896e7_3,Natural persons with Bulgarian citizenship or the right of residence in Bulgaria.,NATIONALITY|RESIDENCE,rejoined,"round 4: rejoined 2 parts (national_culture_fund_bulgaria_4615be3896e7_3a, national_culture_fund_bulgaria_4615be3896e7_3b)"
kulturdirektoratet_norway_70fed813390a,kulturdirektoratet_norway_70fed813390a_6,"The candidate must be over 18 years old at the time of application, and be resident in Norway and have Norwegian work and residence permit.",AGE|RESIDENCE,rejoined,"round 4: rejoined 2 parts (kulturdirektoratet_norway_70fed813390a_6a, kulturdirektoratet_norway_70fed813390a_6b)"
gasworks_london_1a43f6076c9a,gasworks_london_1a43f6076c9a_0,This residency open call is for artists based in Brazil who have previously participated in the PIPA Prize.,RESIDENCE|PRIOR_FUNDING,rejoined,"round 4: rejoined 2 parts (gasworks_london_1a43f6076c9a_0a, gasworks_london_1a43f6076c9a_0b)"
dgartes_portugal_dd8e96231487,dgartes_portugal_dd8e96231487_0,"Private legal entities with registered office in Portugal, which carry out predominantly, on a professional basis, activities in one or more of the artistic areas provided for in Article 1(2) of Decree-Law No.",RESIDENCE|DISCIPLINE,rejoined,"round 4: rejoined 2 parts (dgartes_portugal_dd8e96231487_0a, dgartes_portugal_dd8e96231487_0b)"
cite_internationale_des_arts_a0b1f92c1635,cite_internationale_des_arts_a0b1f92c1635_0,"The programme is open to any artist of Moroccan nationality, with no age limit, who meets the following criteria: Have been pursuing a professional artistic practice for at least three years or hold a qualification from an educational institution in an artistic field;",NATIONALITY|AGE|CAREER_STAGE,rejoined,"round 4: rejoined 3 parts (cite_internationale_des_arts_a0b1f92c1635_0a, cite_internationale_des_arts_a0b1f92c1635_0b, cite_internationale_des_arts_a0b1f92c1635_0c)"
wiels_brussels_fcbabea29454,wiels_brussels_fcbabea29454_0,This call is intended for Belgian artists or artists residing in Belgium who have completed their studies and have been actively contributing to the Belgian art scene for at least three years.,NATIONALITY|RESIDENCE|EDUCATION|CAREER_STAGE,rejoined,"round 4: rejoined 4 parts (wiels_brussels_fcbabea29454_0a, wiels_brussels_fcbabea29454_0b, wiels_brussels_fcbabea29454_0c, wiels_brussels_fcbabea29454_0d)"
mondriaan_fund_bccb4029c0d9,mondriaan_fund_bccb4029c0d9_1,"In order to be eligible for a contribution, you must be artistically active in the visual arts and in that capacity embedded in the professional visual arts practice in the Netherlands and/or the Caribbean part of the Kingdom",DISCIPLINE|RESIDENCE,rejoined,"round 4: rejoined 2 parts (mondriaan_fund_bccb4029c0d9_1a, mondriaan_fund_bccb4029c0d9_1b)"
national_culture_fund_bulgaria_d14ee5d6a3ee,national_culture_fund_bulgaria_d14ee5d6a3ee_0,"Bulgarian cultural organizations (legal entities) with a registered office in the Republic of Bulgaria, which have the quality of a project COORDINATOR or project PARTNER, within a project won in a competition under the EU Program “Creative Europe”, sub-program “Culture”, direction “European cooperation”, and have a signed contract with the Executive Agency for Education, Audiovisual and Culture (EACEA).",RESIDENCE|PRIOR_FUNDING,rejoined,"round 4: rejoined 2 parts (national_culture_fund_bulgaria_d14ee5d6a3ee_0a, national_culture_fund_bulgaria_d14ee5d6a3ee_0b)"
kulturdirektoratet_norway_4d4eba8d85e6,kulturdirektoratet_norway_4d4eba8d85e6_0,"You may apply for this scheme if you are an organization within the performing arts field that is registered in the Register of Business Enterprises, has the main part of your activity in Norway, can document performing arts activity for at least 15 consecutive years, with a high level of activity.",DISCIPLINE|APPLICANT_TYPE|RESIDENCE|CAREER_STAGE,rejoined,"round 4: rejoined 4 parts (kulturdirektoratet_norway_4d4eba8d85e6_0a, kulturdirektoratet_norway_4d4eba8d85e6_0b, kulturdirektoratet_norway_4d4eba8d85e6_0c, kulturdirektoratet_norway_4d4eba8d85e6_0d)"
focuna_luxembourg_757bade235de,focuna_luxembourg_757bade235de_0,"The grant is awarded on the basis of a call for projects to all artists or collectives of artists of Luxembourgish nationality or residing in Luxembourg, with no age criterion, able to attest to at least five years of professional experience and who have already been the subject of a solo exhibition in an institution or art gallery.",NATIONALITY|RESIDENCE|AGE|CAREER_STAGE,rejoined,"round 4: rejoined 5 parts (focuna_luxembourg_757bade235de_0a, focuna_luxembourg_757bade235de_0b, focuna_luxembourg_757bade235de_0c, focuna_luxembourg_757bade235de_0d, focuna_luxembourg_757bade235de_0e)"
villa_arson_4be7664be228,villa_arson_4be7664be228_0,The candidate must: be under 40 years of age during the year 2026; be a graduate of Villa Arson; develop an artistic practice in the field of painting or sculpture.,AGE|EDUCATION|DISCIPLINE,rejoined,"round 4: rejoined 3 parts (villa_arson_4be7664be228_0a, villa_arson_4be7664be228_0b, villa_arson_4be7664be228_0c)"
nordic_culture_point_68739869a8ce,nordic_culture_point_68739869a8ce_5,"To be able to apply for mobility funding, the applicant must be a resident of the Nordic Region (Denmark, Finland, the Faroe Islands, Greenland, Iceland, Norway, Sweden, Åland) or the Baltic countries (Estonia, Latvia, or Lithuania), although the applicant does not have to be a Nordic or Baltic citizen.",RESIDENCE|NATIONALITY,rejoined,"round 4: rejoined 2 parts (nordic_culture_point_68739869a8ce_5a, nordic_culture_point_68739869a8ce_5b)"
national_culture_fund_bulgaria_b9b7ce861aa9,national_culture_fund_bulgaria_b9b7ce861aa9_5,Natural persons with Bulgarian citizenship or the right to reside in Bulgaria.,NATIONALITY|RESIDENCE,rejoined,"round 4: rejoined 2 parts (national_culture_fund_bulgaria_b9b7ce861aa9_5a, national_culture_fund_bulgaria_b9b7ce861aa9_5b)"
bmwkms_austria_24ff03eefb27,bmwkms_austria_24ff03eefb27_1,Individuals with Austrian citizenship or permanent residence in Austria for at least three years.,NATIONALITY|RESIDENCE,rejoined,"round 4: rejoined 2 parts (bmwkms_austria_24ff03eefb27_1a, bmwkms_austria_24ff03eefb27_1b)"
focuna_luxembourg_6ef1e1e83400,focuna_luxembourg_6ef1e1e83400_0,"The grant is awarded on the basis of a call for projects to all artists or collectives of artists of Luxembourg nationality or residing in Luxembourg, with no age criterion, who can attest to a professional career of at least five years.",NATIONALITY|RESIDENCE|AGE|CAREER_STAGE,rejoined,"round 4: rejoined 4 parts (focuna_luxembourg_6ef1e1e83400_0a, focuna_luxembourg_6ef1e1e83400_0b, focuna_luxembourg_6ef1e1e83400_0c, focuna_luxembourg_6ef1e1e83400_0d)"
focuna_luxembourg_b6c090f6754a,focuna_luxembourg_b6c090f6754a_0,"The grant is awarded on the basis of a call for projects to all artists or collectives of artists of Luxembourg nationality or residing in Luxembourg, with no age criterion, who can attest to a professional career of at least five years and who have already been the subject of a monographic exhibition in an institution or art gallery.",NATIONALITY|RESIDENCE|AGE|CAREER_STAGE,rejoined,"round 4: rejoined 5 parts (focuna_luxembourg_b6c090f6754a_0a, focuna_luxembourg_b6c090f6754a_0b, focuna_luxembourg_b6c090f6754a_0c, focuna_luxembourg_b6c090f6754a_0d, focuna_luxembourg_b6c090f6754a_0e)"
bmwkms_austria_393dc7aeec66,bmwkms_austria_393dc7aeec66_0,"Eligible applicants are curators, archivists, programmers, scholars and mediators in the field of film who possess Austrian citizenship or have their permanent residence in Austria.",DISCIPLINE|NATIONALITY|RESIDENCE,rejoined,"round 4: rejoined 3 parts (bmwkms_austria_393dc7aeec66_0a, bmwkms_austria_393dc7aeec66_0b, bmwkms_austria_393dc7aeec66_0c)"
nordic_culture_point_8e6618f7a6eb,nordic_culture_point_8e6618f7a6eb_2,"To apply for network funding, you must be a resident of the Nordic Region (Denmark, Finland, the Faroe Islands, Greenland, Iceland, Norway, Sweden, or Åland) or the Baltic countries (Estonia, Latvia, or Lithuania), although you do not need to be a Nordic or Baltic citizen.",RESIDENCE|NATIONALITY,rejoined,"round 4: rejoined 2 parts (nordic_culture_point_8e6618f7a6eb_2a, nordic_culture_point_8e6618f7a6eb_2b)"
focuna_luxembourg_d63b1cf9b11d,focuna_luxembourg_d63b1cf9b11d_0,"The grant is awarded on the basis of a call for projects to all authors of Luxembourgish nationality or residing in Luxembourg, with no age criterion and able to demonstrate a professional career.",NATIONALITY|RESIDENCE|AGE|CAREER_STAGE,rejoined,"round 4: rejoined 4 parts (focuna_luxembourg_d63b1cf9b11d_0a, focuna_luxembourg_d63b1cf9b11d_0b, focuna_luxembourg_d63b1cf9b11d_0c, focuna_luxembourg_d63b1cf9b11d_0d)"
norwegian_crafts_ec6cbcf93e7d,norwegian_crafts_ec6cbcf93e7d_0,"You can apply for this scheme if you work in the field of crafts and are: craft artist or duojár part of an artist group a curator a writer/critic Applicants must be: Norwegian citizens or residents of Norway, and the project must be realised abroad.",DISCIPLINE|NATIONALITY|RESIDENCE,rejoined,"round 4: rejoined 4 parts (norwegian_crafts_ec6cbcf93e7d_0a, norwegian_crafts_ec6cbcf93e7d_0b, norwegian_crafts_ec6cbcf93e7d_0c, norwegian_crafts_ec6cbcf93e7d_0d)"
kunsten_be_flanders_45954c0f1127,kunsten_be_flanders_45954c0f1127_0,Eligibility: Persons of legal age residing in any European Union country or the United Kingdom Project type: The festival aims to promote visual storytelling among emerging artists.,AGE|RESIDENCE|CAREER_STAGE,rejoined,"round 4: rejoined 3 parts (kunsten_be_flanders_45954c0f1127_0a, kunsten_be_flanders_45954c0f1127_0b, kunsten_be_flanders_45954c0f1127_0c)"
nordic_culture_fund_ae44e082f513,nordic_culture_fund_ae44e082f513_9,"You must be an emerging individual artist or arts practitioner resident in: The Nordic countries: Denmark, The Faroe Islands, Finland, Greenland, Iceland, Norway, Sweden, or The Åland Islands The Republic of Ireland The UK: England, Northern Ireland, Scotland, Wales Your collaborative partner (an artist(s), arts practitioner(s), or an organisation) must be based in the opposing region of where you are based: Artists resident in a Nordic country can only apply to work with a partner based in the UK or the Republic of Ireland, and vice versa .",CAREER_STAGE|RESIDENCE|OTHER_ELIGIBILITY,rejoined,"round 4: rejoined 3 parts (nordic_culture_fund_ae44e082f513_9a, nordic_culture_fund_ae44e082f513_9b, nordic_culture_fund_ae44e082f513_9c)"
matadero_madrid_cd982f2fa6f8,matadero_madrid_cd982f2fa6f8_3,"Project leaders must be of legal age, capable of acting, and in possession of the necessary administrative authorizations to stay in Spain during the research project, and must not be subject to any of the prohibitions on contracting established in Article 71 of the Public Sector Contracts Law.",AGE|RESIDENCE|OTHER_ELIGIBILITY,rejoined,"round 4: rejoined 3 parts (matadero_madrid_cd982f2fa6f8_3a, matadero_madrid_cd982f2fa6f8_3b, matadero_madrid_cd982f2fa6f8_3c)"
kunststiftung_nrw_ea16b408c349,kunststiftung_nrw_ea16b408c349_0,The grants are intended for practitioners of visual art from North Rhine-Westphalia who have already received public recognition.,RESIDENCE|CAREER_STAGE,rejoined,"round 4: rejoined 2 parts (kunststiftung_nrw_ea16b408c349_0a, kunststiftung_nrw_ea16b408c349_0b)"
kunststiftung_nrw_6b36eed08299,kunststiftung_nrw_6b36eed08299_1,"It is aimed at professional artists whose center of life is in North Rhine-Westphalia, who have already received public recognition and can demonstrate initial professional success.",RESIDENCE|CAREER_STAGE,rejoined,"round 4: rejoined 2 parts (kunststiftung_nrw_6b36eed08299_1a, kunststiftung_nrw_6b36eed08299_1b)"
kunststiftung_nrw_d84895c9fc5f,kunststiftung_nrw_d84895c9fc5f_0,"The call is open to professional artists with their primary residence in North Rhine-Westphalia, who have already received public recognition or can demonstrate initial professional success.",RESIDENCE|CAREER_STAGE,rejoined,"round 4: rejoined 2 parts (kunststiftung_nrw_d84895c9fc5f_0a, kunststiftung_nrw_d84895c9fc5f_0b)"
bmwkms_austria_9877daa33711,bmwkms_austria_9877daa33711_0,"Associations, groups of artists (for associations/groups of artists with registered office abroad, the project must have a connection to Austria; individual persons with Austrian citizenship or permanent residence in Austria; submission of projects (exhibitions or other undertakings) that take place in institutions which already receive annual programme funding from the BMWKMS is not possible.",APPLICANT_TYPE|NATIONALITY|RESIDENCE,compound,round 4: list of applicant types with Austrian citizenship/residence/registered office
bmwkms_austria_9877daa33711,bmwkms_austria_9877daa33711_1,"Individual persons with Austrian citizenship or permanent residence in Austria Associations, institutions or other legal entities with registered office in Austria for applicants with registered office abroad, the project or the artistic CV must have a connection to Austria undertakings that pursue a purely commercial intention are not recommended for funding, as are projects (exhibitions, publications, etc.) in commercial Austrian galleries/institutions, participation in trade fairs undertakings by persons who are still in training are not recommended for funding, as are projects by universities or projects within the framework of university studies projects or undertakings that are part of already funded annual programmes or projects cannot be recommended for funding funding of projects, exhibitions in/from Austrian territorial authorities and their institutions cannot be funded, and scholarship programmes of the Austrian federal provinces are also not supported.",APPLICANT_TYPE|NATIONALITY|RESIDENCE,compound,"round 4: same list, second version"
cite_internationale_des_arts_434f3418899b,cite_internationale_des_arts_434f3418899b_1,be a national and resident of an African country ;,NATIONALITY|RESIDENCE,compound,round 4: national AND resident: two gates
cite_internationale_des_arts_b5503ba32c88,cite_internationale_des_arts_b5503ba32c88_8,"Cultural and artistic organisations based in France or abroad, including art centres, associations, galleries, museums, artists’ studios, theatres, concert venues, production companies, record labels, research institutes, libraries, publishing houses, etc.",APPLICANT_TYPE,compound,round 4: organisations; 'in France or abroad' restricts no place
cite_internationale_des_arts_b5503ba32c88,cite_internationale_des_arts_b5503ba32c88_9,Priority is given to projects involving at least one cultural or artistic organisation based in the Paris Region (Île-de-France).,NONE,compound,"round 4: priority, not exclusion"
cite_internationale_des_arts_0435714dd727,cite_internationale_des_arts_0435714dd727_0,"Two formats are proposed and are open to artists and researchers of all nationalities, without an age limit.",NATIONALITY|AGE,compound,round 4: explicit nationality and age waivers
european_cultural_foundation_ad15a329abd7,european_cultural_foundation_ad15a329abd7_0,The fund prioritises cross-border partnerships between at least one Ukrainian-led organisation (operating in Ukraine or in exile) and at least one organisation based in a Creative Europe country .,NONE,compound,"round 4: prioritises, not exclusion"
kunsten_be_flanders_fcf58267129d,kunsten_be_flanders_fcf58267129d_0,Only artists/collectives based in Belgium are eligible,RESIDENCE,compound,"round 4: artists/collectives: both kinds, not an applicant-type gate"
kunsten_be_flanders_3511fb00ced1,kunsten_be_flanders_3511fb00ced1_0,"You are an already existing, new or temporary collective of artists/artworkers based in Belgium with the desire to further develop your collective practice.",APPLICANT_TYPE|RESIDENCE,compound,"round 4: a collective, based in Belgium"
kunsten_be_flanders_c218753995d0,kunsten_be_flanders_c218753995d0_0,"Participants: up to 3 artists and/or collectives, national and international Scope: performance, participatory practices, site-specific and community-based projects in urban space Conditions: shared accommodation and coworking space",NONE,compound,round 4: participant count
kunsten_be_flanders_e9cea19ce978,kunsten_be_flanders_e9cea19ce978_0,"Artists and cultural professionals, who are: legally residing in one of the Creative Europe countries, including the overseas countries and territories and outermost regions 18 years of age or older active in one of the following sectors: architecture, cultural heritage, design and fashion design, literature, music, performing arts, and visual arts;",RESIDENCE|AGE|DISCIPLINE,compound,"round 4: residing in CE country, 18+, listed sectors"
kunsten_be_flanders_4aedc4760cc0,kunsten_be_flanders_4aedc4760cc0_0,"Creative professionals and artists aged 18+, based in a Creative Europe country outside the Netherlands, with a demonstrable connection to Czech culture.",AGE|RESIDENCE|OTHER_ELIGIBILITY,compound,"round 4: 18+, based in CE country, connection to Czech culture"
kunsten_be_flanders_28639c301034,kunsten_be_flanders_28639c301034_3,"We are keen to embrace the unique ways in which artists, from all backgrounds, nationalities and generations, have seen, observed and depicted those living individuals who have returned their gaze or granted their presence as a model, an ideal or a subject.",NONE,compound,round 4: thematic
kunsten_be_flanders_a851810c4e3c,kunsten_be_flanders_a851810c4e3c_0,"Artists, duos and collectives under 35 years old and based in Belgium can apply.",AGE|RESIDENCE,compound,round 4: under 35 AND based in Belgium
kunsten_be_flanders_a5a634ac992c,kunsten_be_flanders_a5a634ac992c_0,"Conditions for participation being over the age of majority (18+) being a Belgian artist photographer and/or artists photographers residing in Belgium should demonstrate at least ONE of these two possibilities: – have a track record of professional practice as an artist (exhibitions, publications) – have an art school degree This call is open ONLY for original and unpublished projects / The works must be conceived, created, and produced specifically for this commission and presented for the first time at Hangar.",AGE|NATIONALITY|RESIDENCE|DISCIPLINE|CAREER_STAGE,compound,"round 4: 18+, Belgian or residing in Belgium, photographers, professional track record"
mondriaan_fund_3afe43141b61,mondriaan_fund_3afe43141b61_1,"Anyone can apply, except for individual artists, art education institutions, post-graduate institutions and predominantly sales-oriented commercial art institutions.",APPLICANT_TYPE,compound,round 4: excludes individual artists and some institution types
mondriaan_fund_3afe43141b61,mondriaan_fund_3afe43141b61_2,"Applications may be submitted by, for example, institutions for visual arts, cultural heritage or design, municipalities, social and/or community organizations, such as (sports or retailers’) associations, schools, hospitals, churches, residents’ associations and foundations.",APPLICANT_TYPE,compound,round 4: examples of eligible organisation types
mondriaan_fund_3324b2738f80,mondriaan_fund_3324b2738f80_0,Organisations based in the Netherlands or Caribbean part of the Kingdom that do not aim to generate profit or sales.,APPLICANT_TYPE|RESIDENCE,compound,round 4: non-profit organisations based in NL
nordic_culture_point_8b3a1cf01146,nordic_culture_point_8b3a1cf01146_13,Please note that the programme is not open to: individuals sports organisations organisations or networks that neither consist of nor have experience of inclusive work with children and young people organisations or networks that are not based in the Nordic countries.,APPLICANT_TYPE|OTHER_ELIGIBILITY|RESIDENCE,compound,"round 4: excludes individuals, sports orgs, orgs without inclusive work, orgs outside the Nordics"
nordic_culture_point_e5ff586e656e,nordic_culture_point_e5ff586e656e_5,The applicant must be resident in the Nordic Region but does not require Nordic citizenship.,RESIDENCE|NATIONALITY,compound,"round 4: resident required, nationality waived"
het_nieuwe_instituut_702b7c1fa9ad,het_nieuwe_instituut_702b7c1fa9ad_0,"We invite proposals from designers, makers, archivists, artists, researchers, cultural workers, educators, collectives, and students working across craft, design, and digital culture.",DISCIPLINE,compound,"round 4: craft, design, digital culture"
nordic_culture_fund_ae44e082f513,nordic_culture_fund_ae44e082f513_0,To be eligible to apply for this programme you must be an individual artist or arts practitioner who is resident in: One of the Nordic countries One of the four nations of the UK The Republic of Ireland.,APPLICANT_TYPE|RESIDENCE,compound,"round 4: individual artist, resident in listed countries"
arts_council_wales_ccdc0a35b8b6,arts_council_wales_ccdc0a35b8b6_0,Arts organisations and individual creative professionals based in Wales.,RESIDENCE,compound,round 4: organisations and individuals: both kinds
arts_council_wales_ccdc0a35b8b6,arts_council_wales_ccdc0a35b8b6_1,Individuals and organisations based in Wales and working within the artforms we support .,RESIDENCE|DISCIPLINE,compound,"round 4: based in Wales, supported artforms"
institut_francais_programs_0e6d2766c96e,institut_francais_programs_0e6d2766c96e_0,"Applicants must be over 18 years of age , be proficient in French or English, and reside in South Africa, Benin, Cameroon, Ghana, Guinea, Kenya, Mali, Mozambique, Uganda, the Republic of the Congo, Rwanda or Senegal.",AGE|OTHER_ELIGIBILITY|RESIDENCE,compound,"round 4: 18+, French or English, resident in listed countries"
institut_francais_programs_7df741699916,institut_francais_programs_7df741699916_0,"Program open to the following applicants African cultural institutions or organizations based in Africa that are undertaking a creative or outreach project, or organizing an event with an international scope taking place in Africa.",APPLICANT_TYPE|RESIDENCE,compound,round 4: African institutions based in Africa
institut_francais_programs_7df741699916,institut_francais_programs_7df741699916_8,"Artistic Creation and Collaborations AOCA can support two types of projects : Creative projects bringing together artists from at least three African countries (excluding the applicant’s country of residence) Artistic collaboration or co-production projects between an African artistic team and one or more French artists, companies, or cultural organizations .",NONE,compound,round 4: project types
kunstlerhaus_bethanien_25455ce5e85d,kunstlerhaus_bethanien_25455ce5e85d_0,"To apply, you must: be a New Zealand citizen or permanent resident have a strong national reputation as a visual artist, which means you have: - received critical recognition for your work, or - completed a body of work acknowledged for its artistic excellence You must be available to base yourself in Berlin between 15 January and 15 December 2027.",NATIONALITY|RESIDENCE|CAREER_STAGE|DISCIPLINE,compound,"round 4: NZ citizen or permanent resident, national reputation as visual artist"
arts_council_wales_f8da4d62c750,arts_council_wales_f8da4d62c750_5,An arts/cultural organisation based in Wales.,APPLICANT_TYPE|RESIDENCE,compound,round 4: organisation based in Wales
fpu_slovakia_a7fd71d13fd3,fpu_slovakia_a7fd71d13fd3_0,"Eligible applicants are legal entities and natural persons operating in the field of art and culture, aged 18–26 years.",AGE|DISCIPLINE,compound,round 4: same as the split fpu_slovakia_df1a50b7b76a_0
matadero_madrid_e7f0c61fb700,matadero_madrid_e7f0c61fb700_0,"Any producer and/or director, any natural or legal person, over 18 years old, who hold the rights to the works and have previously undergone the selection process, may participate.",AGE|DISCIPLINE|OTHER_ELIGIBILITY|PRIOR_FUNDING,compound,"round 4: producer/director, 18+, holds rights, previously selected"
matadero_madrid_25c8a4ecf086,matadero_madrid_25c8a4ecf086_4,"Whether the applicant is an individual, a collective, or an agent, the submitted project must reflect their own research and creative process, be coherent with their trajectory, and demonstrate the capacity to be developed within the context of an in-person residency at the Matadero Madrid Centre for Artists in Residence (hereinafter, the CRA).",NONE,compound,round 4: project quality
matadero_madrid_68fd1c2a018a,matadero_madrid_68fd1c2a018a_6,"Persons of legal age, with capacity to act and legal residence in Spain, and who do not incur in any of the prohibitions on contracting established in article 71 of the Public Sector Contracts Law, may apply to this call.",AGE|RESIDENCE|OTHER_ELIGIBILITY,compound,"round 4: legal age, legal residence in Spain, no contracting prohibitions"
matadero_madrid_7f9204014413,matadero_madrid_7f9204014413_0,"Only natural persons, of legal age, with legal capacity to act and legal residence in Spain, and who do not incur in any of the prohibitions on contracting established in article 71 of the Public Sector Contracts Law, and who have their residence or main area of activity in the Community of Madrid, as evidenced by their documentation or career, may apply.",APPLICANT_TYPE|AGE|RESIDENCE|OTHER_ELIGIBILITY,compound,"round 4: natural persons, legal age, residence in Spain/Madrid, no prohibitions"
matadero_madrid_b60daccaf965,matadero_madrid_b60daccaf965_0,"This call is aimed at individual or collective creators of visual arts, who work on issues related to the environment, and who have their residence or main area of action in the Community of Madrid and/or in Spain, and whose documentation or career accredits such circumstance.",DISCIPLINE|RESIDENCE,compound,"round 4: visual arts creators, residence in Madrid and/or Spain"
matadero_madrid_b60daccaf965,matadero_madrid_b60daccaf965_4,"Only those natural persons, of legal age, with legal residence in Spain, with capacity to act and who do not incur in any of the prohibitions on contracting established in article 71 of the Public Sector Contracts Law may apply.",APPLICANT_TYPE|AGE|RESIDENCE|OTHER_ELIGIBILITY,compound,"round 4: natural persons, legal age, legal residence in Spain, no prohibitions"
matadero_madrid_842ddf06c95d,matadero_madrid_842ddf06c95d_3,"Only natural persons of legal age, with the capacity to act and who are not subject to any of the prohibitions to contract set forth in article 71 of the Public Sector Contracts Act may apply.",APPLICANT_TYPE|AGE|OTHER_ELIGIBILITY,compound,"round 4: natural persons, legal age, no prohibitions"
konstepidemin_0e20784714d5,konstepidemin_0e20784714d5_5,The selected artist becomes a member of Konstepidemin and is required to take an active take part in the organization and its duties.,NONE,compound,round 4: obligation after selection
fundacao_gulbenkian_0089a729f2c8,fundacao_gulbenkian_0089a729f2c8_4,Only applicants to legally recognised Portuguese higher education institutions and duly accredited and registered study programmes will be considered.,STUDENT_STATUS,compound,round 4: place of study is a detail of enrolment (round-2 precedent)
cite_internationale_des_arts_b5503ba32c88,cite_internationale_des_arts_b5503ba32c88_5,Applications submitted directly by artists are not eligible.,APPLICANT_TYPE,compound,round 4: artists cannot apply directly
mondriaan_fund_8e2af8800941,mondriaan_fund_8e2af8800941_13,The valuation must be carried out by an independent valuer who has no ties with the applying institution.,NONE,compound,round 4: valuer independence
kunsten_be_flanders_6aad32a7d163,kunsten_be_flanders_6aad32a7d163_1,You are not (or no longer) studying.,STUDENT_STATUS,compound,round 4: not studying
kunsten_be_flanders_b363b1956897,kunsten_be_flanders_b363b1956897_0,"The SOFAM grants are destined for professional visual artists in Belgium, who are a member of SOFAM or who plan to join.",CAREER_STAGE|DISCIPLINE|RESIDENCE|OTHER_ELIGIBILITY,compound,"round 4: professional visual artists in Belgium, SOFAM members"
kunsten_be_flanders_3511fb00ced1,kunsten_be_flanders_3511fb00ced1_2,3 artists or art workers.,NONE,compound,round 4: fragment: collective size
norwegian_crafts_ec6807d7b33a,norwegian_crafts_ec6807d7b33a_3,must present at least one Norwegian or Norway-based contemporary artist,OTHER_ELIGIBILITY,compound,"round 4: condition on the presented artist, not the applicant"
fundacao_gulbenkian_641becbe2421,fundacao_gulbenkian_641becbe2421_0,Applicants must be: Studying or based in Armenia.,RESIDENCE,compound,round 4: studying or based in Armenia: alternatives of one location gate (Hesse precedent)
culture_gouv_fr_1pct_36fcf9b8113a,culture_gouv_fr_1pct_36fcf9b8113a_8,Be carried by a public authority subject to the obligation to decorate public buildings or by a local authority or a public establishment having applied one of the procedures described in articles R.,APPLICANT_TYPE,compound,round 4: public authorities
deutscher_uebersetzerfonds_cede17c64b0b,deutscher_uebersetzerfonds_cede17c64b0b_0,experienced colleagues,CAREER_STAGE,compound,round 4: experienced
cite_internationale_des_arts_e11fb6c17d73,cite_internationale_des_arts_e11fb6c17d73_0,"Trame is open to artists of all nationalities, including French artists.",NATIONALITY,compound,round 4: explicit nationality waiver
cite_internationale_des_arts_b5503ba32c88,cite_internationale_des_arts_b5503ba32c88_7,"Organisations that can act as partner organisations: The French cultural network abroad: French Institutes, French Alliances and Cultural Departments of French Embassies;",OTHER_ELIGIBILITY,compound,round 4: who can be the partner organisation
fundacao_gulbenkian_641becbe2421,fundacao_gulbenkian_641becbe2421_2,"A Master’s or PhD student, or a researcher from Armenia, wishing to attend international conferences, seminars, short-term courses or undertake research trips related to their field of study.",RESIDENCE,compound,"round 4: student OR researcher from Armenia: student status is an alternative, not a gate"
kunsten_be_flanders_ab2801ef4c6f,kunsten_be_flanders_ab2801ef4c6f_4,Proposals aimed at a young audience are also eligible.,NONE,compound,"round 4: audience, not applicant"
kunsten_be_flanders_d4dcb3347320,kunsten_be_flanders_d4dcb3347320_0,an open call aimed at artists and creators based in Belgium.,RESIDENCE,compound,round 4: based in Belgium
fonds_darstellende_kuenste_f0c7519ab84c,fonds_darstellende_kuenste_f0c7519ab84c_2,"Eligible to apply from the alliance are: protagonists of all genres and departments of the independent performing arts (performance, theater, dance, music theater, puppet and object theater, theater in public space, contemporary circus, digital performing arts, among others).",DISCIPLINE,compound,round 4: independent performing arts
national_culture_fund_bulgaria_eee77c7391a4,national_culture_fund_bulgaria_eee77c7391a4_7,Persons and organizations sanctioned under Art.,OTHER_ELIGIBILITY,compound,round 4: sanctioned persons
rannis_iceland_8c97d0bb99e2,rannis_iceland_8c97d0bb99e2_1,Foreign applicants mustprovide evidence of similar registration of their activities in another country.,OTHER_ELIGIBILITY,compound,round 4: registration evidence
kunsten_be_flanders_5d9b2594f95d,kunsten_be_flanders_5d9b2594f95d_5,"Note: Artists with extensive experience in digital arts may be considered overqualified, as the programme’s primary goal is to provide a space for growth, experimentation, and the acquisition of new technical and critical skills.",CAREER_STAGE,compound,round 4: overqualified
deutscher_uebersetzerfonds_fd2461c9db20,deutscher_uebersetzerfonds_fd2461c9db20_2,Knowledge of English and French is welcome.,NONE,compound,"round 4: welcome, not required"
kunsten_be_flanders_2ed3f7c14414,kunsten_be_flanders_2ed3f7c14414_0,Visual Artists Active in visual arts or in trans­disciplinary performing arts Demonstrating a high artistic quality With a solid professional career in Belgium You Should Be available on 4 April 2026 for an introductory meeting in Hasselt Be free to travel for the duration of the program: 7 – 12 June 2026 Hold a Belgian nationality or have lived in Belgium for at least 3 years Prepare your own portfolio,DISCIPLINE|CAREER_STAGE|OTHER_ELIGIBILITY,compound,"round 4: visual artists, solid professional career, availability"
institut_francais_programs_a1be94dd76a0,institut_francais_programs_a1be94dd76a0_5,"Foreign cultural institutions or organizations hosting French artists (festivals, biennials, museums, art centers, labels, distributors, publishers…).",APPLICANT_TYPE|RESIDENCE,compound,round 4: foreign institutions: org descriptor -> RESIDENCE
can_serrat_7af35b9c036f,can_serrat_7af35b9c036f_0,The international residency program invites writers and contemporary artists from around the world to take part in short- and medium-term residencies.,DISCIPLINE,compound,round 4: writers and contemporary artists
mondriaan_fund_8e2af8800941,mondriaan_fund_8e2af8800941_15,Dutch museums are not charged loan fees.,NONE,compound,round 4: loan fees
akademie_schloss_solitude_a8aba5b303e4,akademie_schloss_solitude_a8aba5b303e4_8,"Applicants who are still in education or enrolled in a degree program (with the exception of doctoral candidates), as well as applicants who already hold a full professorship at a university, are excluded from the selection process.",STUDENT_STATUS|CAREER_STAGE,compound,"round 4: enrolled excluded, full professors excluded"
mondriaan_fund_2f611a04d139,mondriaan_fund_2f611a04d139_7,It is not possible to apply for a grant for making profiles or portraits of artists.,NONE,compound,round 4: project type
kunststiftung_nrw_90bd18478223,kunststiftung_nrw_90bd18478223_0,Only persons who live in NRW and have a professional work biography are eligible to apply.,RESIDENCE|CAREER_STAGE,compound,round 4: live in NRW AND professional biography
konstepidemin_0e20784714d5,konstepidemin_0e20784714d5_4,The artist is required to actively use the studio as their primary workplace.,NONE,compound,round 4: obligation after selection
mondriaan_fund_2f611a04d139,mondriaan_fund_2f611a04d139_6,It is not possible to apply for a grant for television or film productions.,NONE,compound,round 4: project type
kunststiftung_nrw_d84895c9fc5f,kunststiftung_nrw_d84895c9fc5f_3,Residency is mandatory.,NONE,compound,round 4: attendance of the residency
statens_vaerksteder_for_kunst_a543d1a88fd3,statens_vaerksteder_for_kunst_a543d1a88fd3_1,"Non-Danish applicants may only apply with projects directed towards a specific exhibition or other cultural activity in Denmark, which has already been accepted.",OTHER_ELIGIBILITY,compound,"round 4: condition for non-Danish applicants, not an exclusion of them"
fundacao_gulbenkian_9db5c1bb86df,fundacao_gulbenkian_9db5c1bb86df_0,"Only Portuguese Higher Education Institutions (HEIs) are eligible, and the proposed academic activities must take place in Portugal.",APPLICANT_TYPE|RESIDENCE,compound,round 4: Portuguese HEIs only
nordic_culture_point_98a22945e2cb,nordic_culture_point_98a22945e2cb_0,"Anyone within the field of art and culture can apply, as long as the project meets the programme criteria and is realised by way of co-operation with partners from at least three countries, at least two of which must be Nordic.",OTHER_ELIGIBILITY,compound,round 4: partner-country condition
nordic_culture_point_8b3a1cf01146,nordic_culture_point_8b3a1cf01146_3,"The applicant does not need to be a young person but must represent an organisation that either consists of, or has experience of involving, children and young people.",AGE|APPLICANT_TYPE,compound,"round 4: age waived, must represent an organisation"
kunststiftung_nrw_72dbd2a3195b,kunststiftung_nrw_72dbd2a3195b_7,"Applicants with a connection to the federal state of NRW must have completed a university degree (Master, Diplom, Magister, or doctorate; art history, art, cultural studies, or similar); furthermore, their degree must not be more than five years old at the start of the scholarship, or they must not be older than 35 years.",EDUCATION|STUDENT_STATUS,compound,"round 4: degree required, at most five years old"
cite_internationale_des_arts_bf7ba52adf73,cite_internationale_des_arts_bf7ba52adf73_4,Who are able to engage with a diverse audience,NONE,compound,round 4: soft skill
kulturdirektoratet_norway_249e90c0e25b,kulturdirektoratet_norway_249e90c0e25b_0,Publishers and other publishers with a Norwegian organisation number can submit books to this scheme.,APPLICANT_TYPE|RESIDENCE,compound,round 4: publishers with Norwegian organisation number
