id,source,source_url,application_url,organisation,description,discipline,opportunity_type,country,city,funding,application_fee,career_stage,language,title,requirements_text,title_en,requirements_text_en,deadline_raw,deadline_date,processed_at
akademie_schloss_solitude_a8aba5b303e4,akademie_schloss_solitude,https://www.akademie-solitude.de/en/fellowship/solitude-fellowship/,https://application.akademie-solitude.de/fellowship-information/solitude-fellowship/faq,Akademie Schloss Solitude,"The Akademie Schloss Solitude in Stuttgart awards between 50 and 60 residencies every two years to international artists, researchers, and cultural professionals from all disciplines.",all disciplines,residency,Germany,Stuttgart,"A monthly fellowship of €1,300 to cover living expenses",,"artists, scholars, and cultural practitioners from around the world who have already developed an independent professional practice but are currently in an active phase of further growth",en,Solitude Fellowship,"The fellowship is aimed at artists, scholars, and cultural practitioners from around the world who have already developed an independent professional practice but are currently in an active phase of further growth – that is, they are no longer at the very beginning of their careers, but not yet firmly established. In general, this means at least two and no more than ten years of professional experience after completing an artistic or academic education, regardless of age. This timeframe serves as a guideline rather than a strict eligibility criterion. We are looking for applicants who are in a phase of consolidating their practice and who seek to engage in new contexts and interdisciplinary experiences. The application should clearly describe the current stage of the applicant’s professional or artistic development and explain why a residency at Akademie Schloss Solitude is particularly relevant at this point in their career. While the program primarily addresses practitioners with up to ten years of experience, applications from those with longer professional careers will also be considered if they clearly demonstrate the specific relevance of the fellowship to their current development. In the spheres of practice Visual, Aural & Physical, Textual, Spatial , and Digital , the term »education« includes all forms of artistic qualification – such as studies at art academies or universities, vocational training, mentoring, master classes, or self-taught education. In the sphere of practice Scientific , a master’s degree or higher is required. Applicants who are still in education or enrolled in a degree program (with the exception of doctoral candidates), as well as applicants who already hold a full professorship at a university, are excluded from the selection process. Collectives of up to two people may apply for a fellowship, provided they have been working together artistically for at least two years. Proficiency in German and/or English is required.",Solitude Fellowship,"The fellowship is aimed at artists, scholars, and cultural practitioners from around the world who have already developed an independent professional practice but are currently in an active phase of further growth – that is, they are no longer at the very beginning of their careers, but not yet firmly established. In general, this means at least two and no more than ten years of professional experience after completing an artistic or academic education, regardless of age. This timeframe serves as a guideline rather than a strict eligibility criterion. We are looking for applicants who are in a phase of consolidating their practice and who seek to engage in new contexts and interdisciplinary experiences. The application should clearly describe the current stage of the applicant’s professional or artistic development and explain why a residency at Akademie Schloss Solitude is particularly relevant at this point in their career. While the program primarily addresses practitioners with up to ten years of experience, applications from those with longer professional careers will also be considered if they clearly demonstrate the specific relevance of the fellowship to their current development. In the spheres of practice Visual, Aural & Physical, Textual, Spatial , and Digital , the term »education« includes all forms of artistic qualification – such as studies at art academies or universities, vocational training, mentoring, master classes, or self-taught education. In the sphere of practice Scientific , a master’s degree or higher is required. Applicants who are still in education or enrolled in a degree program (with the exception of doctoral candidates), as well as applicants who already hold a full professorship at a university, are excluded from the selection process. Collectives of up to two people may apply for a fellowship, provided they have been working together artistically for at least two years. Proficiency in German and/or English is required.",,,2026-09-23 12:36:39.258102+00:00
bmwkms_austria_57c6352e8fbc,bmwkms_austria,https://www.bmwkms.gv.at/themen/kunst-und-kultur/service-kunst-und-kultur/kunst-und-kultur-ausschreibungen/Ausschreibung-Auslandsstipendien-fuer-bildende-Kunst%2C-kuenstlerische-Fotografie-und-Medienkunst.html,https://www.bmkoes.gv.at/kunst-und-kultur/service-kunst-und-kultur/foerderungen/formulare-und-infoblaetter.html,"Bundesministerium für Wohnen, Kunst, Kultur, Medien und Sport","Die Kunst- und Kulturszene lebt vom ständigen Austausch auf internationaler Ebene. Es ist ein wichtiger Förderschwerpunkt des Bundesministeriums für Wohnen, Kunst, Kultur, Medien und Sport, österreichischen Kunstschaffenden durch Auslandsaufenthalte neue Entfaltungsmöglichkeiten zu bieten. Sie verbringen eine gewisse Zeit in einem Atelier im Ausland, um künstlerische Projekte im internationalen Kontext zu verwirklichen und durch den Aufbau von Netzwerken eine Karriere auch außerhalb Österreichs voranzutreiben.","bildende Kunst, Fotografie und Medienkunst",Stipendium,Österreich,,"Mit der Vergabe der Ateliers, die einzelnen Künstler:innen abhängig vom Atelierstandort für 2, 3 oder 4 Monate zur Verfügung gestellt werden, ist ein monatliches Stipendium in der Höhe von EUR 2.000,00 verbunden. Die Reisekosten müssen aus diesem Betrag individuell bedeckt werden.",,,de,"Ausschreibung Auslandsstipendien für Künstler:innen der Bereiche bildende Kunst, Fotografie und Medienkunst 2028","Antragsberechtigt sind Künstler:innen , die die österreichische Staatsbürgerschaft besitzen oder ihren ständigen Wohnsitz in Österreich haben (letztgültiger Meldezettel). Die Bewerbung von Studierenden ist nicht möglich. Von der Bewerbung sind alle zum Zeitpunkt der Bewerbung an einer Universität/ Fachhochschule immatrikulierten Personen ausgeschlossen. Kunstschaffende, die für das Jahr 2028 ein anderes Auslandsatelier oder ein Langzeitstipendium (6 Monate oder länger) des Bundes zugesprochen bekommen haben, können zeitgleich nicht für ein weiteres Stipendium berücksichtigt werden. Die neuerliche Bewerbung für ein Atelier, für das bereits ein Aufenthalt zu einem früheren Zeitpunkt gewährt wurde, ist nicht möglich. Es wird die Bereitschaft vorausgesetzt sich mit Kultur, Lebensgewohnheiten und Gebräuchen des Landes auseinanderzusetzen und diese zu respektieren. Eine Auseinandersetzung mit den UN-Nachhaltigkeitszielen (SDGs) ist erwünscht.","Call for applications: foreign residencies for artists in the fields of visual arts, photography and media art 2028","Artists who hold Austrian citizenship or have their permanent residence in Austria (most recent registration certificate) are eligible to apply. Applications from students are not possible. All persons enrolled at a university/university of applied sciences at the time of application are excluded from applying. Artists who have been awarded another foreign studio residency or a long-term grant (6 months or longer) from the federal government for 2028 cannot simultaneously be considered for another grant. Reapplication for a studio for which a stay has already been granted at an earlier point in time is not possible. Applicants are expected to be willing to engage with and respect the culture, ways of life, and customs of the country. Engagement with the UN Sustainable Development Goals (SDGs) is desirable.",30. September 2026,2026-09-30,2026-09-23 12:36:41.344018+00:00
bmwkms_austria_36f95e7e131b,bmwkms_austria,https://www.bmwkms.gv.at/themen/kunst-und-kultur/service-kunst-und-kultur/kunst-und-kultur-ausschreibungen/staatsstipendium-bildende-fotografie-medienkunst.html,https://transparenzportal.gv.at/tdb/tp/menu_ml_meineLeistungen,"BMWKMS (Bundesministerium für Kunst, Kultur, öffentlichen Dienst und Sport)","Die Staatsstipendien stellen eine Anerkennung bisheriger hervorragender künstlerischer Leistungen dar und dienen der Förderung des weiteren künstlerischen Schaffens. Die Staatsstipendien werden Künstler:innen zuerkannt, die an einem umfangreichen künstlerischen Projekt in den genannten Bereichen (Bildende Kunst, Fotografie und Medienkunst) arbeiten und deren Werk sich durch einen besonderen Grad an Originalität und eine außergewöhnliche innovative Komponente auszeichnet.","Bildende Kunst, Fotografie und Medienkunst",Stipendium,Österreich,,"Dotierung mit je EUR 18.000,00",,,de,"Staatsstipendien 2027: Bildende Kunst, Fotografie und Medienkunst","Eingeladen sind Künstler:innen (ausschließlich Einzelpersonen), die die österreichische Staatsbürgerschaft besitzen oder ihren ständigen Wohnsitz in Österreich haben (Auszug aus dem Melderegister). Nicht antragsberechtigt sind Studierende, ebenso PhD-Student:innen und Doktorant:innen. Dies inkludiert alle an einer Universität/Fachhochschule immatrikulierten Personen, unabhängig von der Studienrichtung. Personen, die bereits ein Staatsstipendium (egal welcher Sparte) erhalten haben. Kunstschaffende, die für das Jahr 2027 ein Förderatelier, ein Auslandsatelier oder ein sonstiges Langzeitstipendium des Bundes(6 Monate oder länger) zugesprochen bekommen haben. Eine Bewerbung ist nur in einer der ausgeschriebenen Sparten möglich.","State Scholarships 2027: Fine Arts, Photography and Media Art","Eligible are artists (exclusively individuals) who possess Austrian citizenship or have their permanent residence in Austria (extract from the register of residents). Students are not eligible to apply, as well as PhD students and doctoral candidates. This includes all persons enrolled at a university/university of applied sciences, regardless of their field of study. Persons who have already received a state scholarship (regardless of the discipline). Artists who have been awarded a studio grant, an international studio grant, or another long-term federal grant for 2027 (6 months or longer). Applications are only possible in one of the announced disciplines.",30. September 2026,2026-09-30,2026-09-23 12:36:43.069821+00:00
bmwkms_austria_393dc7aeec66,bmwkms_austria,https://www.bmwkms.gv.at/themen/kunst-und-kultur/service-kunst-und-kultur/kunst-und-kultur-ausschreibungen/elisabeth-buettner-stipendium_filmkultur.html,https://www.formularservice.gv.at/site/fsrv/user/formular.aspx?pid=7cf5ae9a46584cfa8183c113b6e93d92&pn=Bcc4a53054d1d4dd1879875598b931ee1,"Bundesministerium für Wohnen, Kunst, Kultur, Medien und Sport","Das Elisabeth Büttner-Projektstipendium für Filmkultur richtet sich an Kurator:innen, Archivar:innen, Programmer:innen, Wissenschafter:innen und Vermittler:innen im Bereich des Films und des Kinos. Eingereicht werden können Arbeitsvorhaben aus den Bereichen Film Preservation, Film Heritage , Film Programming und Curatorship , die zur österreichischen Filmkultur beitragen, eine fundierte Auseinandersetzung mit der österreichischen Filmgeschichte (Film/Geschichte/Österreich) und Theorien des Films voraussetzen, auf eine Revision der Bilder abzielen.",Film / Kino,Stipendium,Österreich,Wien,Inland: EUR 1.500/Monat Ausland: EUR 2.000/Monat,,,de,Elisabeth-Büttner-Stipendium für Filmkultur,"Antragsberichtigt sind Kurator:innen, Archivar:innen, Programmer:innen, Wissenschaftler:innen und Vermittler:innen im Bereich Film, die die österreichische Staatsbürgerschaft besitzen oder ihren ständigen Wohnsitz in Österreich haben. Die Bewerbung von Studierenden ist nicht möglich (ausg. PHD oder Doktorat). Kumulierende Förderungen für Projekte, die beispielsweise bereits Teil einer Jahres- oder Projektförderung sind, sind nicht möglich (Mehrfachförderung).",Elisabeth Büttner Scholarship for Film Culture,"Eligible applicants are curators, archivists, programmers, scholars and mediators in the field of film who possess Austrian citizenship or have their permanent residence in Austria. Applications from students are not possible (except PhD or doctorate). Cumulative funding for projects that are, for example, already part of annual or project funding is not possible (multiple funding).",31. Oktober 2026,2026-10-31,2026-09-23 12:36:44.194604+00:00
bmwkms_austria_9877daa33711,bmwkms_austria,https://www.bmwkms.gv.at/themen/kunst-und-kultur/service-kunst-und-kultur/kunst-und-kultur-ausschreibungen/einzelvorhaben-architektur.html,https://www.bmwkms.gv.at/themen/kunst-und-kultur/service-kunst-und-kultur/foerderungen/formulare-und-infoblaetter.html,"Bundesministerium für Wohnen, Kunst, Kultur, Medien und Sport","Förderung von Einzelpersonen/Vereinen für Ausstellungen, Projekte im In- und Ausland, Publikationen, Zuschüsse zu Reise- und Transportkosten",Architektur,Förderung,Österreich,Wien,Teilfinanzierung,,,de,Einzelvorhaben Architektur,"Vereine, Künstlerinnen- und Künstlergemeinschaften (bei Vereinen/Künstlerinnen- und Künstlergemeinschaften mit Sitz im Ausland muss das Projekt einen Österreichbezug aufweisen; Einzelpersonen mit österreichischer Staatsbürgerschaft beziehungsweise ständigem Wohnsitz in Österreich; eine Einreichung von Projekten (Ausstellungen oder sonstige Vorhaben), die in Institutionen stattfinden, die bereits vom BMWKMS eine Jahresprogrammförderung erhalten haben, ist nicht möglich. Einzelpersonen mit österreichischer Staatsbürgerschaft beziehungsweise ständigem Wohnsitz in Österreich Vereine, Institutionen oder sonstige juristische Personen mit Sitz in Österreich bei Antragstellenden mit Sitz im Ausland muss das Projekt oder der künstlerische Lebenslauf einen Österreichbezug aufweisen Vorhaben, die eine rein kommerzielle Intention verfolgen, werden nicht zur Förderung empfohlen, ebenso Projekte (Ausstellungen, Publikationen etc. ) in kommerziellen österreichischen Galerien/Institutionen, Messebeteiligungen Vorhaben von noch in Ausbildung befindlichen Personen werden nicht für eine Förderung empfohlen ebenso Projekte von Universitäten beziehungsweise Projekte im Rahmen universitärer Studien Projekte oder Vorhaben, die Teil von bereits geförderten Jahresprogrammen oder Projekten sind, können nicht zur Förderung empfohlen werden Förderungen von Projekten, Ausstellungen in/von österreichischen Gebietskörperschaften und deren Institutionen können nicht gefördert werden, ebenso werden Stipendienprogramme der österr. Bundesländer nicht unterstützt. Auch Veranstaltungen der Bundesmuseen fallen nicht in die Zuständigkeit der Abteilung. Keine Zuständigkeit seitens der Abteilung besteht für die Förderung von baulichen Sanierungs- und Adaptierungsarbeiten, Atelierumbauten Formale Kriterien: Unvollständige Einreichungen können nicht gefördert werden Die Kalkulation muss angemessen und ausgewogen sein und unter den Grundsätzen der Wirtschaftlichkeit, Sparsamkeit und Zweckmäßigkeit entsprechen Die Finanzierungsvoraussetzungen müssen gegeben sein in Hinblick auf Gesamtfinanzierbarkeit Projekte, die bereits von einem zuständigen Beirat beurteilt wurden, können nicht ein zweites Mal eingereicht werden Anträge müssen rechtzeitig (zirka 3 Monate) vor Projektbeginn eingereicht werden, Förderungen für bereits begonnene oder schon abgeschlossene Projekte sind nicht möglich Inhaltliche Kriterien: Vorhaben, die zur Förderung empfohlen werden können, sollen künstlerische und/oder theoretische Qualität vorweisen inhaltlich nachvollziehbar sein sich konzeptuell mit relevanten künstlerischen und gesellschaftlichen Fragestellungen beschäftigen und hierbei im Wissen um die bestehenden Kontexte neue Wege beschreiten die Präsenz und Vernetzung der österreichischen Kunst in der nationalen wie internationalen Öffentlichkeit stärken einige der folgenden Kriterien aufweisen Kontinuität beispielgebenden Ansatz Genderaspekt Nachwuchsförderung Interkulturalität Kulturelle Nachhaltigkeit Berücksichtigung von Maßnahmen im Bereich Fair Pay Berücksichtigung der Diversität der Beteiligten",Individual Project Architecture,"Associations, groups of artists (for associations/groups of artists with registered office abroad, the project must have a connection to Austria; individual persons with Austrian citizenship or permanent residence in Austria; submission of projects (exhibitions or other undertakings) that take place in institutions which already receive annual programme funding from the BMWKMS is not possible. Individual persons with Austrian citizenship or permanent residence in Austria Associations, institutions or other legal entities with registered office in Austria for applicants with registered office abroad, the project or the artistic CV must have a connection to Austria undertakings that pursue a purely commercial intention are not recommended for funding, as are projects (exhibitions, publications, etc.) in commercial Austrian galleries/institutions, participation in trade fairs undertakings by persons who are still in training are not recommended for funding, as are projects by universities or projects within the framework of university studies projects or undertakings that are part of already funded annual programmes or projects cannot be recommended for funding funding of projects, exhibitions in/from Austrian territorial authorities and their institutions cannot be funded, and scholarship programmes of the Austrian federal provinces are also not supported. Events of the federal museums also do not fall within the remit of the department. The department has no responsibility for the funding of structural renovation and adaptation work, studio conversions Formal criteria: incomplete submissions cannot be funded the calculation must be appropriate and balanced and comply with the principles of economy, thrift and expediency the financing requirements must be met with regard to overall financing projects that have already been assessed by the relevant advisory board cannot be submitted a second time applications must be submitted in good time (approximately 3 months) before the project starts, funding for projects that have already started or have already been completed is not possible Content criteria: undertakings that can be recommended for funding should demonstrate artistic and/or theoretical quality be comprehensible in terms of content deal conceptually with relevant artistic and social issues and, in doing so, break new ground with knowledge of the existing contexts strengthen the presence and networking of Austrian art in the public sphere both nationally and internationally display some of the following criteria continuity exemplary approach gender aspect promotion of young talent interculturality cultural sustainability consideration of measures in the area of Fair Pay consideration of the diversity of those involved","28./29. Februar, 31. Mai, 31. August, 30. November",2029-11-30,2026-09-23 12:36:50.572349+00:00
bmwkms_austria_24ff03eefb27,bmwkms_austria,https://www.bmwkms.gv.at/themen/kunst-und-kultur/service-kunst-und-kultur/kunst-und-kultur-ausschreibungen/projektfoerderung-literatur.html,https://www.bmwkms.gv.at/themen/kunst-und-kultur/service-kunst-und-kultur/foerderungen/formulare-und-infoblaetter.html,BMWKMS,"Gefördert wird die Arbeit an umfangreicheren literarischen Vorhaben (Prosa, Lyrik, Essay).","literarischen Vorhaben (Prosa, Lyrik, Essay)",Projektstipendium,Österreich,,"insgesamt 50 Stipendien à 18.000 Euro (1.500 Euro × 12 Monate) auszahlbar in zwei Tranchen, beginnend Frühsommer 2027",,,de,Projektstipendium 2027-2028,"Antragsberechtigte Autorinnen und Autoren, die altersunabhängig zumindest zwei selbständige literarische Publikationen veröffentlicht haben ODER wenn sie 2027 älter als 35 Jahre sind erste Veröffentlichungen in Zeitschriften oder Anthologien vorweisen können. Einzelpersonen mit österreichischer Staatsbürgerschaft oder ständigem Wohnsitz in Österreich seit mindestens drei Jahren Nicht antragsberechtigt: Studierende facheinschlägiger Studienrichtungen literarischen Schreibens",Project Scholarship 2027-2028,"Eligible applicants are authors who, regardless of age, have published at least two independent literary publications OR, if they are older than 35 in 2027, can demonstrate first publications in magazines or anthologies. Individuals with Austrian citizenship or permanent residence in Austria for at least three years. Not eligible to apply: students in relevant degree programs in literary writing.",31. Jänner 2027,2027-01-31,2026-09-23 12:36:52.414493+00:00
bozar_brussels_822ba7a0374e,bozar_brussels,https://www.bozar.be/en/watch-read-listen/call-pitches-mayday-2023-age-crisis,https://www.areweeurope.com/mayday-2023,"Bozar, together with Are We Europe and Evens Foundation","We are looking for journalists, writers, photographers, illustrators, artists and academics to untangle the crises affecting Europe today, and reflect on the choices we need to make moving forward.",Literature & Society,call for pitches,,,,,,en,Call for pitches—Mayday 2023: The Age of Crisis,"We are looking for journalists, writers, photographers, illustrators, artists and academics to untangle the crises affecting Europe today, and reflect on the choices we need to make moving forward.",Call for pitches—Mayday 2023: The Age of Crisis,"We are looking for journalists, writers, photographers, illustrators, artists and academics to untangle the crises affecting Europe today, and reflect on the choices we need to make moving forward.",16 Feb.'23,2027-02-23,2026-09-23 12:36:52.461887+00:00
cite_internationale_des_arts_abfe03e1359b,cite_internationale_des_arts,https://www.citeinternationaledesarts.fr/en/appels-a-candidature/in-situ/,https://docs.google.com/forms/d/e/1FAIpQLSfHI2z_m8wyPHAXlFe0c1RFNl8WWrxVN6T0zGjUpQWnFmlIw/viewform,"Cité internationale des arts, with our partner Fondation Daniel and Nina Carasso","In Situ is a multidisciplinary residency programme which aims to be both a time and a space for encounters, collective work and individual research, at the very heart of the Cité internationale des arts residency center, but also an area for the production of knowledge and thematic work around the conditions of existence.","visual arts and performance, music and sound research, performing arts, design, writing, architecture and urbanism, curating and art criticism",residency programme,France,Paris,a monthly stipend of 1000 euros; • a research and production grant of 2000 euros; • reimbursement of transportation costs from the place of residence to the Cité internationale des arts.,,emerging artists,en,In Situ,"The residency programme is open to emerging artists who have been professionally active within the last 10 years maximum and with an artistic practice in the fields of visual arts and performance, music and sound research, performing arts, design, writing, architecture and urbanism, curating and art criticism. Their work and research are related to the In Situ theme. It is open to candidates of all nationalities residing within the European Union and at capacity to express themselves and exchange in English. Group applications (duo, collective) are accepted and will result in the attribution of one single live-in studio, one single monthly stipend, one single production grant, and a single payment of transportation costs.",In Situ,"The residency programme is open to emerging artists who have been professionally active within the last 10 years maximum and with an artistic practice in the fields of visual arts and performance, music and sound research, performing arts, design, writing, architecture and urbanism, curating and art criticism. Their work and research are related to the In Situ theme. It is open to candidates of all nationalities residing within the European Union and at capacity to express themselves and exchange in English. Group applications (duo, collective) are accepted and will result in the attribution of one single live-in studio, one single monthly stipend, one single production grant, and a single payment of transportation costs.",From 27 August to 27 September 2026,2027-08-27,2026-09-23 12:36:52.572267+00:00
cite_internationale_des_arts_434f3418899b,cite_internationale_des_arts,https://www.citeinternationaledesarts.fr/en/appels-a-candidature/mep-x-collection-gervanne-matthias-leridon-x-cite-internationale-des-arts/,https://forms.gle/EGtjtaR16HHdWnZp9,Cité internationale des arts,"Created by Gervanne and Matthias Leridon in collaboration with the MEP and the Cité internationale des arts, the MEP – Collection Gervanne + Matthias Leridon Collection – Cité internationale des arts Residency programme is destined for emerging artists and dedicated to African photography. The purpose of this residency is to support young African artists and to highlight practices that explore new forms of photography. The aim is also to promote artists’ mobility to enable them to share their work and expand their artistic and professional networks.",African photography,Residency programme,France,Paris,"a living allowance of 900 euros per month, including tax, and coverage of monthly local transport fare ; • A research-creation grant  of 1000 euros, including tax ; • Coverage of international transport fees to Paris, including travel and repatriation insurance, and visa fees.",null,emerging artists,en,MEP x Collection Gervanne + Matthias Leridon x Cité internationale des arts,"To apply, the photographer must: • be a national and resident of an African country ; • be between 25 and 40 years old at the closing of the call (October 1st, 2026) ; • be able to provide proof of professional artistic activity for at least three years ; • have already developed one or more creative photographic projects (exhibition, publication, etc) ; • have a valid passport. Collective applications (duos, collectives) are eligible and will result in the allocation of one live-in studio, the payment of one monthly stipend, one research-creation grant and a travel allowance.",MEP x Collection Gervanne + Matthias Leridon x Cité internationale des arts,"To apply, the photographer must: • be a national and resident of an African country ; • be between 25 and 40 years old at the closing of the call (October 1st, 2026) ; • be able to provide proof of professional artistic activity for at least three years ; • have already developed one or more creative photographic projects (exhibition, publication, etc) ; • have a valid passport. Collective applications (duos, collectives) are eligible and will result in the allocation of one live-in studio, the payment of one monthly stipend, one research-creation grant and a travel allowance.",From 17 September to 04 October 2026,2027-09-17,2026-09-23 12:36:52.615379+00:00
cite_internationale_des_arts_b5503ba32c88,cite_internationale_des_arts,https://www.citeinternationaledesarts.fr/en/appels-a-candidature/institut-francais-x-cite-internationale-des-arts/,https://www.institutfrancais.com/fr/programme/residence-mobilite-professionnelle/residences-institut-francais-x-cite-internationale,Cité internationale des arts and the Institut français,"The Cité internationale des arts and the Institut français are launching the 2027 edition of the Institut français x Cité internationale des arts programme. This programme is aimed at artists and cultural professionals who have been living abroad for at least five years and who wish to develop a research and creative project in Paris during a three-, six- or nine-month residency between April 2027 and April 2028. Through this programme, the Institut français and the Cité internationale des arts enable nearly 70 successful applicants from around the world each year to develop a research and creative project, across all artistic disciplines, at the Cité internationale des arts, located in the heart of Paris.","Architecture, landscape, urban planning; Street arts, circus, puppetry; Plastic arts; Cinema (animation, fiction, creative documentaries, video art); Digital creation (digital arts, video games, VR); Art criticism and curating; Dance, performance art; Design, graphic design; Gastronomy; Literature (fiction, non-fiction, children’s literature, comics); Arts and crafts; Fashion; Music (classical & contemporary music, contemporary music & jazz); Photography; Theatre",residency,France,Paris,"The Institut français covers the monthly costs associated with the live-in studios. The partner organisation commits to financing: A residency grant of at least €1100 per month, paid directly to the resident; The resident’s international travel costs; The resident’s insurance coverage (health, repatriation and civil liability); Visa fees, when applicable.",,,en,Institut français x Cité internationale des arts,"Applicants must : Be supported by one or more partner organisations; Have been permanently residing outside France for at least five years; Be engaged in a recognised professional artistic or cultural practice; Be fully available for the entire duration of the residency and free from professional obligations during that period; Demonstrate autonomy and have professional proficiency in French and/or English.

Applications submitted directly by artists are not eligible. Applications must be submitted by a partner organisation, which is responsible for filing the application and guaranteeing both financial and professional support for the applicant. Organisations that can act as partner organisations: The French cultural network abroad: French Institutes, French Alliances and Cultural Departments of French Embassies; Cultural and artistic organisations based in France or abroad, including art centres, associations, galleries, museums, artists’ studios, theatres, concert venues, production companies, record labels, research institutes, libraries, publishing houses, etc. Priority is given to projects involving at least one cultural or artistic organisation based in the Paris Region (Île-de-France). Such partnerships enable close mentoring and support for residents (guidance, visits, professional networking opportunities and meetings), coordinated with the French Institute.",Institut français x Cité internationale des arts,"Applicants must : Be supported by one or more partner organisations; Have been permanently residing outside France for at least five years; Be engaged in a recognised professional artistic or cultural practice; Be fully available for the entire duration of the residency and free from professional obligations during that period; Demonstrate autonomy and have professional proficiency in French and/or English.

Applications submitted directly by artists are not eligible. Applications must be submitted by a partner organisation, which is responsible for filing the application and guaranteeing both financial and professional support for the applicant. Organisations that can act as partner organisations: The French cultural network abroad: French Institutes, French Alliances and Cultural Departments of French Embassies; Cultural and artistic organisations based in France or abroad, including art centres, associations, galleries, museums, artists’ studios, theatres, concert venues, production companies, record labels, research institutes, libraries, publishing houses, etc. Priority is given to projects involving at least one cultural or artistic organisation based in the Paris Region (Île-de-France). Such partnerships enable close mentoring and support for residents (guidance, visits, professional networking opportunities and meetings), coordinated with the French Institute.",From 02 July to 08 October 2026,2027-07-02,2026-09-23 12:36:52.645828+00:00
cite_internationale_des_arts_a0b1f92c1635,cite_internationale_des_arts,https://www.citeinternationaledesarts.fr/en/appels-a-candidature/atlasarts/,https://www.citeinternationaledesarts.fr/en/appels-a-candidature/atlasarts/,Cité internationale des arts,"Atlasarts is a research and creative residency programme for Moroccan artists, designed to encourage and facilitate their mobility and to expand their professional and artistic networks internationally.","visual arts, digital arts, film, the performing arts (music, performance, playwriting, directing, dance and choreography), or writing",residency programme,Morocco,Paris,"A furnished live-in-studio on the Marais site of the Cité internationale des arts; A living allowance of €1,000 net of tax per month, paid throughout the duration of the residency; Access to the community life of the Cité internationale des arts’ residents;",,,en,Atlasarts,"The programme is open to any artist of Moroccan nationality, with no age limit, who meets the following criteria: Have been pursuing a professional artistic practice for at least three years or hold a qualification from an educational institution in an artistic field; Be an artist working in one of the following fields: visual arts, digital arts, film, the performing arts (music, performance, playwriting, directing, dance and choreography), or writing; Be able to take time off from any professional activity for the entire duration of the residency; Have a basic knowledge of French and/or a sufficient command of English to facilitate integration into life at the Cité internationale des arts and exchanges with other residents.",Atlasarts,"The programme is open to any artist of Moroccan nationality, with no age limit, who meets the following criteria: Have been pursuing a professional artistic practice for at least three years or hold a qualification from an educational institution in an artistic field; Be an artist working in one of the following fields: visual arts, digital arts, film, the performing arts (music, performance, playwriting, directing, dance and choreography), or writing; Be able to take time off from any professional activity for the entire duration of the residency; Have a basic knowledge of French and/or a sufficient command of English to facilitate integration into life at the Cité internationale des arts and exchanges with other residents.",15 October 2026,2026-10-15,2026-09-23 12:36:52.671868+00:00
cite_internationale_des_arts_e11fb6c17d73,cite_internationale_des_arts,https://www.citeinternationaledesarts.fr/en/appels-a-candidature/trame/,https://docs.google.com/forms/d/e/1FAIpQLSdRZwFrTLByzoB-l5tmi66VNZcVyI5ZFMqhuLmE8iGLsG5b5w/viewform?usp=dialog,Cité internationale des arts,"Trame is a residency programme for French-speaking artists from around the world and all disciplines (exhibition curating, visual arts, performance, literature, cinema, music, architecture and design) who wish to develop a research and creative project in Paris for a period of three months in spring 2027.","exhibition curating, visual arts, performance, literature, cinema, music, architecture and design",residency programme,France,Paris,"A studio-apartment on the Marais site of the Cité internationale des arts, consisting of a single furnished living and working space. • A monthly living allowance of €1,000 net of taxes. • A research and production grant of €1,000 including VAT, paid upon presentation of proof of payment; • Coverage of visa fees, if applicable, travel insurance and return transport to Paris (subject to a maximum amount and upon presentation of proof of payment).",,,en,Trame,"Trame is open to artists of all nationalities, including French artists. It is open to all artistic disciplines, with no age limit. Artists must: • Be professionally active and have been practising their art for at least five years; • Be able to express themselves and write in French; • Be available for the entire duration of the residency, without interruption, from March 3 to May 28, 2027; • Participate in the various professional meetings and other events organised by the Cité internationale des arts. Group applications are eligible and will result in a single grant covering all aspects of the residency: studio accommodation, a living allowance, and coverage of transport costs and research support.",Trame,"Trame is open to artists of all nationalities, including French artists. It is open to all artistic disciplines, with no age limit. Artists must: • Be professionally active and have been practising their art for at least five years; • Be able to express themselves and write in French; • Be available for the entire duration of the residency, without interruption, from March 3 to May 28, 2027; • Participate in the various professional meetings and other events organised by the Cité internationale des arts. Group applications are eligible and will result in a single grant covering all aspects of the residency: studio accommodation, a living allowance, and coverage of transport costs and research support.",From 03 September to 18 October 2026,2027-09-03,2026-09-23 12:36:52.717957+00:00
cite_internationale_des_arts_0435714dd727,cite_internationale_des_arts,https://www.citeinternationaledesarts.fr/en/appels-a-candidature/art-explora-x-cite-internationale-des-arts/,https://artexplora.plateformecandidature.com/,Art Explora Foundation and the Cité internationale des arts,"The Art Explora Foundation and the Cité internationale des arts have partnered to construct a unique residency programme for French and international artists and researchers. The programme invites candidates to propose a project that questions contemporary issues, including new technologies, the links between art and science, and environmental and social issues.",artists and researchers,residency programme,France,Paris,"• A living allowance of 1000 euros per month • A production grant of up to 3,000 euros, delivered upon proof and according to the specificities of the project • A round trip to Paris",,,en,Art Explora x Cité internationale des arts,"Two formats are proposed and are open to artists and researchers of all nationalities, without an age limit. Eligible artists should be able to demonstrate a minimum of five years of professional activity.",Art Explora x Cité internationale des arts,"Two formats are proposed and are open to artists and researchers of all nationalities, without an age limit. Eligible artists should be able to demonstrate a minimum of five years of professional activity.",From 21 September to 30 October 2026,2027-09-21,2026-09-23 12:36:52.757212+00:00
cite_internationale_des_arts_bf7ba52adf73,cite_internationale_des_arts,https://www.citeinternationaledesarts.fr/en/appels-a-candidature/villa-bloch-x-cite-internationale-des-arts/,https://www.citeinternationaledesarts.fr/app/uploads/2026/09/Residence-Cite-VB-2027-2028-Fiche-de-candidature.pdf,Cité internationale des arts,"With our partner Villa Bloch

With our partner City of Poitiers

The artist residency is organised for artistic, cultural and educational purposes, aimed at the widest possible audience. Its aim is to create the conditions for a unique experience, fostering an encounter between an artist and the public in a specific region.","performing arts (playwriting, directing, choreography, musical composition, circus, performance art, etc.)",artist residency,France,Poitiers,"Monthly grant from the City of Poitiers: €1,250 gross

Return travel costs between Paris and Poitiers: covered by the Cité internationale des arts.",null,,en,Villa Bloch x Cité internationale des arts,"This scheme is based on artists being fully available for either a 3-month residency or a 6-month residency. It is aimed at artists:

In the performing arts (playwriting, directing, choreography, musical composition, circus, performance art, etc.)
Who are French-speaking and write in French
Who are able to engage with a diverse audience
Who have completed at least one residency at the Cité internationale des arts, or are currently undertaking a residency there.",Villa Bloch x Cité internationale des arts,"This scheme is based on artists being fully available for either a 3-month residency or a 6-month residency. It is aimed at artists:

In the performing arts (playwriting, directing, choreography, musical composition, circus, performance art, etc.)
Who are French-speaking and write in French
Who are able to engage with a diverse audience
Who have completed at least one residency at the Cité internationale des arts, or are currently undertaking a residency there.","October 30, 2026",2026-10-30,2026-09-23 12:36:52.760946+00:00
cite_internationale_des_arts_faaa6d16811c,cite_internationale_des_arts,https://www.hkst.de/en/scholarships_/applications-2/,https://bewerberportal.hkst.de/teamworks.dll?ShowSysMessages=true&urlencUTF8=true,Hessische Kulturstiftung,The application portal for the Hessische Kulturstiftung 2027/2028 travel and residency grants is open through 15 October 2026 .,Visual artists,travel and residency grants,Germany,,"2027/2028: 5 travel grants (à 25.000 Euro) 2027: 1 residency in New York City (à 25,000 euros) 1 residency in Paris (à 25,000 euros) 2 residencies in Istanbul (à 12,500 euros) 1 residency in Kyoto with subsequent travel and work phase in Japan (à 15,000 euros) 2028: 1 residency in New York City (à 25,000 euros) 1 residency in Paris (à 25,000 euros) 1 residency in London (à 25.000 Euro) 1 residency in Kyoto with subsequent travel and work phase in Japan (à 15,000 euros) For the production of works that evolve within the framework of the grant or for their presentation in exhibitions or publications, the foundation will provide additional funding of up to 7,700 euros. The grant recipient can make use of this allowance for up to three years after the end of the grant period.",,,en,Hessische Kulturstiftung 2027/2028 travel and residency grants,"Visual artists who … were born in Hesse or have lived in Hesse (primary residence) since no later than 1 January 2025 or have completed a degree at an art academy or a comparable course of study/training in Hesse can apply. There is no age limit. Artist duos may submit a joint application. Applications are not accepted from persons who … have been awarded a Hessische Kulturstiftung travel or residency grant in the past (does not apply to State of Hesse work, project, or gap grants) are still in the process of pursuing a degree vocational training programme at the time of the application are related to one of the jury members, are employed by the Hessische Kulturstiftung, or are related to a Hessische Kulturstiftung employee.",Hessische Kulturstiftung 2027/2028 travel and residency grants,"Visual artists who … were born in Hesse or have lived in Hesse (primary residence) since no later than 1 January 2025 or have completed a degree at an art academy or a comparable course of study/training in Hesse can apply. There is no age limit. Artist duos may submit a joint application. Applications are not accepted from persons who … have been awarded a Hessische Kulturstiftung travel or residency grant in the past (does not apply to State of Hesse work, project, or gap grants) are still in the process of pursuing a degree vocational training programme at the time of the application are related to one of the jury members, are employed by the Hessische Kulturstiftung, or are related to a Hessische Kulturstiftung employee.",15 October 2026,2026-10-15,2026-09-23 12:36:52.773274+00:00
cite_internationale_des_arts_f26918d6e623,cite_internationale_des_arts,https://www.cnc.fr/professionnels/aides-et-financements/multi-sectoriel/ecriture-et-developpement/camera-libre_1812991,,CNC en partenariat avec la Cité internationale des arts et L’usage du monde au 21 e siècle,le programme de résidence « Caméra libre » consiste à accueillir en résidence en France des cinéastes étrangers en situation difficile.,Cinéma,programme de résidence,France,,,,,en,Caméra libre,"Demandeur :
									Auteur-réalisateur",Caméra libre,"Demandeur :
									Auteur-réalisateur",,,2026-09-23 12:36:52.773341+00:00
culture_gouv_fr_1pct_3466233e56ff,culture_gouv_fr_1pct,https://www.culture.gouv.fr/regions/drac-hauts-de-france/appel-a-candidatures-1-artistique-du-ministere-de-la-justice-unite-judiciaire-a-priorite-educative-ujpe-de-liancourt-60,https://www.marches-publics.gouv.fr/app.php/entreprise/consultation/3064004?orgAcronyme=d3f,DRAC Hauts-de-France / Ministère de la Culture,"Expression de la volonté publique de soutenir la création et de sensibiliser chacun et chacune à l'art de notre temps, « l'obligation de décoration des constructions publiques », communément appelée « 1% artistique » est une procédure spécifique de commande d’œuvres à des artistes qui s'impose à l’État, à ses établissements publics et aux collectivités territoriales.",arts plastiques,commande d’œuvres,France,Liancourt,,,,fr,"appel à candidatures 1% artistique du ministère de la Justice, unité judiciaire à priorité éducative (UJPE) de Liancourt (60)","une démarche artistique compatible avec les missions éducatives, sociales et organisationnelles de l’UJPE de Liancourt, articulées à une temporalité ritualisée et à la construction d’un projet d’insertion individualisé.","Call for applications: 1% artistic allocation of the Ministry of Justice, educational priority judicial unit (UJPE) of Liancourt (60)","An artistic approach compatible with the educational, social and organizational missions of the UJPE of Liancourt, articulated with a ritualized timeframe and the development of an individualized integration project.",12 octobre 2026 à 12h,2026-09-24,2026-09-23 12:36:53.868920+00:00
culture_gouv_fr_1pct_c98d49e01733,culture_gouv_fr_1pct,https://www.culture.gouv.fr/catalogue-des-demarches-et-subventions/appels-a-projet-partenaires/1-artistique-a-issy-les-moulineaux.-une-aeuvre-a-imaginer-pour-le-futur-groupe-scolaire-des-epinettes,https://marches.maximilien.fr/,Ville d'Issy-les-Moulineaux,"Cette commande offre aux artistes l'occasion de concevoir une création en dialogue avec l'architecture, les espaces de circulation et les usages du futur établissement, afin de faire de l'art un élément pleinement inscrit dans le quotidien des élèves, des équipes éducatives, des familles et des habitants.",arts visuels et plastiques,commande artistique,France,Issy-les-Moulineaux,"La part de l'enveloppe financière consacrée à la conception, à la réalisation, à l'acheminement et à l'installation de l'œuvre s'élève à 169 847,40 € HT. L'enveloppe maximale destinée à l'artiste ou au groupement retenu est fixée à 148 766 € HT.",,,fr,1% artistique à Issy-les-Moulineaux. Une œuvre à imaginer pour le futur groupe scolaire des Épinettes,"Cet appel à candidatures s'adresse aux artistes professionnels relevant des arts visuels et plastiques. Les candidatures peuvent être présentées à titre individuel ou sous la forme d'un groupement, le mandataire devant obligatoirement être un artiste.",1% artistic commission in Issy-les-Moulineaux. An artwork to be envisioned for the future Épinettes school complex,"This call for applications is addressed to professional artists working in the visual and plastic arts. Applications may be submitted individually or as a group, with the lead applicant required to be an artist.",5 octobre 2026 à 17 heures,2026-01-17,2026-09-23 12:36:55.942608+00:00
dgartes_portugal_d62fab0a8e9d,dgartes_portugal,http://www.dgartes.gov.pt/sites/default/files/aviso_abertura_apoio_sustentado_27_30_programacao.pdf,,Direção-Geral das Artes (DGARTES),"A Direção-Geral das Artes (DGARTES) torna pública, através do presente aviso, a abertura do concurso para a apresentação de candidaturas no âmbito do Programa de Apoio Sustentado no domínio da Programação , conforme o disposto no Decreto -Lei n.º 103/2017, de 24 de agosto, na redação atual, e no Regulamento dos Programas de Apoio às Artes, aprovado em anexo à  Portaria n.º 345-A/2026/1, de 14 de agosto , nos termos seguintes:","Circo, dança, música, ópera e o teatro, no âmbito das artes performativas; Artes de rua; Artes digitais; Cruzamento disciplinar",Concurso,Portugal,Lisboa,"No âmbito da implementação do presente programa de apoio e de outros programas da DGARTES, as entidades não podem beneficiar de um montante anual superior a 450.000,00 €, considerando o total de verbas atribuídas.",,,pt,PROGRAMA DE APOIO SUSTENTADO ÀS ARTES PROGRAMAÇÃO,"1. Pessoas coletivas de direito privado com sede em Portugal, que aqui exerçam a título predominante atividades profissionais numa ou mais das áreas artísticas previstas no artigo 1.º, n.º 2 do Decreto -Lei n.º 103/2017, de 24 de agosto, na redação atual, de acordo com as seguintes condições de acesso:   
a) Modalidade de apoio Bienal: tenham, pelo menos, quatro anos de atividade profissional continuada; 
b) Modalidade de apoio Quadrienal: tenham, pelo menos, seis anos de atividade profissional continuada;  ter beneficiado, pelo menos uma vez nos últimos seis anos, de apoio financeiro do Estado através da DGARTES na tipologia de apoio sustentado, desde que não lhes tenha sido aplicada a sanção prevista na alínea c) do n.º 1 do artigo 23.º, nem se encontre em aplicação a sanção prevista na alínea a) do n.º 1 do mesmo artigo, independentemente da sua natureza jurídica ou do seu modelo institucional; dispor de espaço de criação e/ou de apresentação adequado à prossecução da atividade apoiada.

2. Para efeitos de acesso à modalidade prevista na alínea b) do n.º 1, consideram -se os dois últimos ciclos de apoio sustentado (2018-2022 e 2023 -2026), na modalidade quadrienal e bienal, atribuído ao abrigo do Decreto-Lei n.º 103/2017, de 24 de agosto, na redação atual.
3. Não são admitidas ao procedimento concursal as fundações privadas ou as fundações públicas de direito privado que tenham outro tipo de financiamento continuado,  assegurado pelo programa orçamental da área da cultura, bem como as associações  maioritariamente constituídas por entidades públicas e as empresas do setor empresarial do Estado e das regiões autónomas.
4. Não são admitidas ao proc edimento concursal as entidades que tenham assinado adenda de renovação do contrato do apoio sustentado na modalidade quadrienal.
5. As entidades devem enquadrar a sua atividade em apenas uma candidatura e, em caso de concessão de apoio, o respetivo contrato constitui o único instrumento de apoio para o período a que se destina, salvo o disposto no n.º 4 do artigo 26.º do Decreto-Lei n.º 103/2017, de 24 de agosto, na redação atual.",SUSTAINED SUPPORT PROGRAM FOR THE ARTS PROGRAMMING,"1. Private legal persons with registered office in Portugal, who predominantly carry out professional activities here in one or more of the artistic areas provided for in Article 1(2) of Decree-Law No. 103/2017, of 24 August, in its current wording, in accordance with the following access conditions:   
a) Biennial support modality: have at least four years of continuous professional activity; 
b) Quadriennial support modality: have at least six years of continuous professional activity; have benefited, at least once in the last six years, from State financial support through DGARTES under the sustained support type, provided that the sanction provided for in point c) of paragraph 1 of Article 23 has not been applied to them, nor is the sanction provided for in point a) of paragraph 1 of the same article being applied, regardless of their legal nature or institutional model; have a creation and/or presentation space suitable for carrying out the supported activity.

2. For the purposes of access to the modality provided for in point b) of paragraph 1, the last two sustained support cycles (2018-2022 and 2023-2026), in the quadriennial and biennial modalities, awarded under Decree-Law No. 103/2017, of 24 August, in its current wording, shall be considered.
3. Private foundations or public foundations under private law that have other type of continuous funding, ensured by the budgetary programme of the culture area, as well as associations mostly constituted by public entities and companies of the State business sector and of the autonomous regions, are not admitted to the tender procedure.
4. Entities that have signed an addendum renewing the sustained support contract in the quadriennial modality are not admitted to the tender procedure.
5. Entities must frame their activity in only one application and, in the event that support is granted, the respective contract constitutes the only support instrument for the period for which it is intended, except as provided for in Article 26(4) of Decree-Law No. 103/2017, of 24 August, in its current wording.",[not present in provided text],,2026-09-23 12:36:58.883337+00:00
dgartes_portugal_dd8e96231487,dgartes_portugal,http://www.dgartes.gov.pt/sites/default/files/aviso_abertura_apoio_sustentado_27_30_teatro.pdf,,Direção-Geral das Artes (DGARTES),"A Direção-Geral das Artes (DGARTES) torna pública, através do presente aviso, a abertura do concurso para a apresentação de candidaturas no âmbito do Programa de Apoio Sustentado na área do Teatro, conforme o disposto no Decreto-Lei n.º 103/2017, de 24 de agosto, na redação atual, e no Regulamento dos Pr ogramas de Apoio às Artes, aprovado em anexo à Portaria n.º 345-A/2026/1, de 14 de agosto, nos termos seguintes:",Teatro,Concurso,Portugal,Lisboa,"No âmbito da implementação do presente programa de apoio e de outros programas da DGARTES, as entidades não podem beneficiar de um montante anual superior a 450.000,00 €, considerando o total de verbas atribuídas.",,,pt,"PROGRAMA DE APOIO SUSTENTADO ÀS ARTES TEATRO (CRIAÇÃO, EDIÇÃO, FORMAÇÃO, AÇÕES ESTRATÉGICAS DE MEDIAÇÃO)","1. Pessoas coletivas de direito privado com sede em Portugal, que aqui exerçam a título predominante atividades profissionais numa ou mais das áreas artísticas previstas no artigo 1.º, n.º 2 do Decreto -Lei n.º 103/2017, de 24 de agosto, na redação atual, de acordo com as seguintes condições de acesso: a) Modalidade de apoio Bienal: tenham, pelo menos, quatro anos de atividade profissional continuada; b) Modalidade de apoio Quadrienal: tenham, pelo menos, seis anos de atividade profissional continuada; ter beneficiado, pelo menos uma vez nos últimos seis anos, de apoio financeiro do Estado através da DGARTES na tipologia de apoio sustentado, desde que não lhes tenha sido aplicada a sanção prevista na alínea c) do n.º 1 do artigo 23.º, nem se encontre em aplicação a sanção prevista na alínea a) do n.º 1 do mesmo artigo, independentemente da sua natureza jurídica ou do seu modelo institucional; dispor de espaço de criação e/ou de apresentação adequado à prossecução da atividade apoiada.

2. Para efeitos de acesso à modalidade prevista na alínea b) do n.º 1, consideram -se os dois últimos ciclos de apoio sustentado (2018-2022 e 2023 -2026), na modalidade quadrienal e bienal, atribuído ao abrigo do Decreto-Lei n.º 103/2017, de 24 de agosto, na redação atual.
3. Não são admitidas ao procedimento concursal as fundações privadas ou as fundações públicas de direito privado que tenham outro tipo de financiamento continuado, assegurado pelo programa orçamental da área da cultura, bem como as associações maioritariamente constituídas por entidades públicas e as empresas do setor empresarial do Estado e das regiões autónomas.
4. Não são admitidas ao procedimento concursal as entidades que tenham assinado adenda de renovação do contrato do apoio sustentado na modalidade quadrienal.
5. As entidades devem enquadrar a sua atividade em apenas uma candidatura e, em caso de concessão de apoio, o respetivo contrato constitui o único instrumento de apoio para o período a que se destina, salvo o disposto no n.º 4 do artigo 26.º do Decreto-Lei n.º 103/2017, de 24 de agosto, na redação atual.","SUSTAINED SUPPORT PROGRAMME FOR THE ARTS THEATRE (CREATION, EDITING, TRAINING, STRATEGIC MEDIATION ACTIONS)","1. Private legal entities with registered office in Portugal, which carry out predominantly, on a professional basis, activities in one or more of the artistic areas provided for in Article 1(2) of Decree-Law No. 103/2017 of 24 August, as currently amended, under the following access conditions: a) Biennial support modality: have at least four years of continuous professional activity; b) Quadrennial support modality: have at least six years of continuous professional activity; have benefited, at least once in the last six years, from financial support from the State through DGARTES under the sustained support typology, provided that they have not been subject to the sanction provided for in point (c) of Article 23(1), and that the sanction provided for in point (a) of Article 23(1) of the same article is not in force, regardless of their legal nature or institutional model; have a creation and/or presentation space suitable for carrying out the supported activity.

2. For the purposes of access to the modality provided for in point (b) of paragraph 1, the last two sustained support cycles (2018-2022 and 2023-2026), in the quadrennial and biennial modalities, granted under Decree-Law No. 103/2017 of 24 August, as currently amended, shall be taken into account.
3. Private foundations or private-law public foundations that have another type of continuous funding, ensured by the budget programme of the culture area, as well as associations made up predominantly of public entities and companies in the State business sector and the autonomous regions, are not admitted to the tender procedure.
4. Entities that have signed an addendum renewing the sustained support contract under the quadrennial modality are not admitted to the tender procedure.
5. Entities must frame their activity in only one application and, in the event that support is granted, the respective contract constitutes the sole support instrument for the period to which it is intended, except as provided for in Article 26(4) of Decree-Law No. 103/2017 of 24 August, as currently amended.",conforme aviso publicado na 2.ª série do Diário da República de 24 de agosto,2027-08-24,2026-09-23 12:37:02.515714+00:00
dgartes_portugal_9e53fc497124,dgartes_portugal,http://www.dgartes.gov.pt/sites/default/files/aviso_abertura_apoio_sustentado_27_30_musicaeopera.pdf,,Direção-Geral das Artes (DGARTES),"A Direção-Geral das Artes (DGARTES) torna pública, através do presente aviso, a abertura do concurso para a apresentação de candidaturas no âmbito do Programa de Apoio Sustentado na área da Música e da Ópera , conforme o disposto no Decreto -Lei n.º 103/2017, de 24 de agosto, na redação atual, e no Regulamento dos Programas de Apoio às Artes, aprovado em anexo à  Portaria n.º 345-A/2026/1, de 14 de agosto , nos termos seguintes:",Música e Ópera,Concurso,Portugal,Lisboa,"No âmbito da implementação do presente programa de apoio e de outros programas da DGARTES, as entidades não podem beneficiar de um montante anual superior a 450.000,00 €, considerando o total de verbas atribuídas.",,,pt,"Programa de Apoio Sustentado às Artes – Música e Ópera (Criação, Edição, Formação, Ações Estratégicas de Mediação)","1. Pessoas coletivas de direito privado com sede em Portugal, que aqui exerçam a título predominante atividades profissionais numa ou mais das áreas artísticas previstas no artigo 1.º, n.º 2 do Decreto -Lei n.º 103/2017, de 24 de agosto, na redação atual, de acordo com as seguintes condições de acesso: a) Modalidade de apoio Bienal: tenham, pelo menos, quatro anos de atividade profissional continuada; b) Modalidade de apoio Quadrienal: tenham, pelo menos, seis anos de atividade profissional continuada;  ter beneficiado, pelo menos uma vez nos últimos seis   anos, de apoio financeiro do Estado através da DGARTES na tipologia de apoio sustentado, desde que não lhes tenha sido aplicada a sanção prevista na alínea c) do n.º 1 do artigo 23.º, nem se encontre em aplicação a sanção prevista na alínea a) do n.º 1 do mesmo artigo, independentemente da sua natureza jurídica ou do seu modelo institucional; dispor de espaço de criação e/ou de apresentação adequado à prossecução da atividade apoiada.

2. Para efeitos de acesso à modalidade prevista na alínea b) do n.º 1, consideram -se os dois últimos ciclos de apoio sustentado (2018-2022 e 2023 -2026), na modalidade quadrienal e bienal, atribuído ao abrigo do Decreto-Lei n.º 103/2017, de 24 de agosto, na redação atual.
3. Não são admitidas ao procedimento concursal as fundações privadas ou as fundações públicas de direito privado que tenham outro tipo de financiamento continuado,  assegurado pelo programa orçamental da área da cultura, bem como as associações  maioritariamente constituídas por entidades públicas e as empresas do setor empresarial do Estado e das regiões autónomas.
4. Não são admitidas ao proc edimento concursal as entidades que tenham assinado adenda de renovação do contrato do apoio sustentado na modalidade quadrienal.
5. As entidades devem enquadrar a sua atividade em apenas uma candidatura e, em caso de concessão de apoio, o respetivo contrato constitui o único instrumento de apoio para o período a que se destina, salvo o disposto no n.º 4 do artigo 26.º do Decreto-Lei n.º 103/2017, de 24 de agosto, na redação atual.","Sustained Support Programme for the Arts – Music and Opera (Creation, Publishing, Training, Strategic Mediation Actions)","1. Private legal entities with registered office in Portugal, which carry out, on a predominant basis, professional activities in one or more of the artistic areas provided for in Article 1(2) of Decree-Law No. 103/2017 of 24 August, as currently amended, under the following access conditions: a) Biennial support modality: have at least four years of continuous professional activity; b) Quadriennial support modality: have at least six years of continuous professional activity; have benefited, at least once in the last six years, from financial support from the State through DGARTES under the sustained support type, provided that they have not been subject to the sanction provided for in point c) of paragraph 1 of Article 23, nor is the sanction provided for in point a) of paragraph 1 of the same article being applied, regardless of their legal nature or institutional model; have suitable creation and/or presentation space for the pursuit of the supported activity.

2. For the purposes of access to the modality provided for in point b) of paragraph 1, the last two sustained support cycles (2018-2022 and 2023-2026), in the quadriennial and biennial modalities, granted under Decree-Law No. 103/2017 of 24 August, as currently amended, are considered.
3. Private foundations or private-law public foundations that have other types of continuous funding, ensured by the budget programme of the culture area, as well as associations mainly constituted by public entities and companies in the State enterprise sector and in the autonomous regions, are not admitted to the tender procedure.
4. Entities that have signed an addendum renewing the sustained support contract in the quadriennial modality are not admitted to the tender procedure.
5. Entities must frame their activity in only one application and, in the event of the granting of support, the respective contract constitutes the sole support instrument for the period to which it is intended, except as provided for in Article 26(4) of Decree-Law No. 103/2017 of 24 August, as currently amended.",24 de agosto,2027-08-24,2026-09-23 12:37:06.316368+00:00
dgartes_portugal_57138fbb1bd9,dgartes_portugal,https://www.dgartes.gov.pt/pt/apoio/10175,https://apoios.dgartes.gov.pt/,Direção-Geral das Artes,"A Direção-Geral das Artes torna pública, através do aviso Aviso n.º 20875-F/2026/2 , a abertura do concurso para a apresentação de candidaturas no âmbito do Programa de Apoio Sustentado na área da Música e da Ópera, conforme o disposto no Decreto-Lei n.º 103/2017, de 24 de agosto, na redação atual, e no Regulamento dos Programas de Apoio às Artes, aprovado em anexo à Portaria n.º 345-A/2026/1, de 14 de agosto.",Música e Ópera,concurso,Portugal,Lisboa,"O montante financeiro global disponível é de 10.920.000,00 € (dez milhões novecentos e vinte mil euros)",,,pt,"PROGRAMA DE APOIO SUSTENTADO ÀS ARTES — MÚSICA E ÓPERA (CRIAÇÃO, EDIÇÃO, FORMAÇÃO, AÇÕES ESTRATÉGICAS DE MEDIAÇÃO)","no âmbito do Programa de Apoio Sustentado na área da Música e da Ópera, conforme o disposto no Decreto-Lei n.º 103/2017, de 24 de agosto, na redação atual, e no Regulamento dos Programas de Apoio às Artes, aprovado em anexo à Portaria n.º 345-A/2026/1, de 14 de agosto.","SUSTAINED SUPPORT PROGRAM FOR THE ARTS — MUSIC AND OPERA (CREATION, PUBLISHING, TRAINING, STRATEGIC MEDIATION ACTIONS)","within the scope of the Sustained Support Program in the area of Music and Opera, as provided for in Decree-Law No. 103/2017 of 24 August, in its current wording, and in the Regulation of the Arts Support Programs, approved in an annex to Ordinance No. 345-A/2026/1 of 14 August.",as 17h59m59s do dia 6 de outubro de 2026,2026-09-24,2026-09-23 12:37:08.265966+00:00
dgartes_portugal_111bdc1e2ebf,dgartes_portugal,http://www.dgartes.gov.pt/sites/default/files/aviso_abertura_apoio_sustentado_27_30_danca.pdf,,Direção-Geral das Artes (DGARTES),"A Direção-Geral das Artes (DGARTES) torna pública, através do presente aviso, a abertura do concurso para a apresentação de candidaturas no âmbito do Programa de Apoio Sustentado na área da Dança, conforme o disposto no Decreto-Lei n.º 103/2017, de 24 de agosto, na redação atual, e no Regulamento dos Programas de Apoio às Artes, aprovado em anexo à Portaria n.º 345-A/2026/1, de 14 de agosto, nos termos seguintes:",Dança,Concurso,Portugal,Lisboa,"as entidades não podem beneficiar de um montante anual superior a 450.000,00 €",,,pt,"Programa de Apoio Sustentado às Artes – Dança (Criação, Edição, Formação, Ações Estratégicas de Mediação)","1. Pessoas coletivas de direito privado com sede em Portugal, que aqui exerçam a título predominante atividades profissionais numa ou mais das áreas artísticas previstas no artigo 1.º, n.º 2 do Decreto -Lei n.º 103/2017, de 24 de agosto, na redação atual, de acordo com as seguintes condições de acesso: 
a) Modalidade de apoio Bienal: tenham, pelo menos, quatro anos de atividade profissional continuada; 
b) Modalidade de apoio Quadrienal: tenham, pelo menos, seis anos de atividade profissional continuada;  ter beneficiado, pelo menos uma vez nos últimos seis anos, de apoio financeiro do Estado através da DGARTES na tipologia de apoio   

3. Não são admitidas ao procedimento concursal as fundações privadas ou as fundações públicas de direito privado que tenham outro tipo de financiamento continuado,  assegurado pelo programa orçamental da área da cultura, bem como as associações  maioritariamente constituídas por entidades públicas e as empresas do setor empresarial do Estado e das regiões autónomas. 
4. Não são admitidas ao proc edimento concursal as entidades que tenham assinado adenda de renovação do contrato do apoio sustentado na modalidade quadrienal. 
5. As entidades devem enquadrar a sua atividade em apenas uma candidatura e, em caso de concessão de apoio, o respetivo contrato constitui o único instrumento de apoio para o período a que se destina, salvo o disposto no n.º 4 do artigo 26.º do Decreto-Lei n.º 103/2017, de 24 de agosto, na redação atual.","Sustained Support Programme for the Arts – Dance (Creation, Publishing, Training, Strategic Mediation Actions)","1. Private legal persons with headquarters in Portugal, who carry out, on a predominant basis, professional activities here in one or more of the artistic areas provided for in Article 1, paragraph 2 of Decree-Law No. 103/2017, of 24 August, in its current wording, in accordance with the following access conditions:
a) Biennial support modality: have at least four years of continuous professional activity;
b) Quadriennial support modality: have at least six years of continuous professional activity; have benefited, at least once in the last six years, from financial support from the State through DGARTES in the support type
3. Private foundations or public foundations under private law that have another type of continuous funding, ensured by the budget programme of the culture area, as well as associations mainly constituted by public entities and companies in the state business sector and of the autonomous regions, are not admitted to the tender procedure.
4. Entities that have signed an addendum to renew the sustained support contract in the quadriennial modality are not admitted to the tender procedure.
5. Entities must frame their activity in only one application and, in the event of support being granted, the respective contract constitutes the sole support instrument for the period for which it is intended, except as provided for in Article 26(4) of Decree-Law No. 103/2017, of 24 August, in its current wording.",Conforme aviso publicado na 2.ª série do Diário da República de 24 de agosto,2027-08-24,2026-09-23 12:37:11.095262+00:00
dgartes_portugal_11c6b8adfbdb,dgartes_portugal,https://www.dgartes.gov.pt/pt/apoio/10174,https://apoios.dgartes.gov.pt/,Direção-Geral das Artes,"a abertura do concurso para a apresentação de candidaturas no âmbito do Programa de Apoio Sustentado na área da Dança, conforme o disposto no Decreto-Lei n.º 103/2017, de 24 de agosto, na redação atual, e no Regulamento dos Programas de Apoio às Artes, aprovado em anexo à Portaria n.º 345-A/2026/1, de 14 de agosto.",Dança,concurso,Portugal,Lisboa,"O montante financeiro global disponível é de 6.660.000,00 € (seis milhões seiscentos e sessenta mil euros)",,,pt,"PROGRAMA DE APOIO SUSTENTADO ÀS ARTES — DANÇA (CRIAÇÃO, EDIÇÃO, FORMAÇÃO, AÇÕES ESTRATÉGICAS DE MEDIAÇÃO)",a apresentação das candidaturas termina às 17h59m59s do dia 6 de outubro de 2026,"Sustained Support Programme for the Arts — Dance (Creation, Editing, Training, Strategic Mediation Actions)",applications must be submitted by 5:59:59 p.m. on 6 October 2026,6 de outubro de 2026,2026-10-06,2026-09-23 12:37:12.236347+00:00
dgartes_portugal_79348e4c8ca7,dgartes_portugal,http://www.dgartes.gov.pt/sites/default/files/aviso_abertura_apoio_sustentado_27_30_cruzamentodisciplinar.pdf,,Direção-Geral das Artes (DGARTES),"A Direção-Geral das Artes (DGARTES) torna pública, através do presente aviso, a abertura do concurso para a apresentação de candidaturas no âmbito do Programa de Apoio Sustentado na s áreas do Cruzamento Disciplinar, Circo, Artes de Rua e Artes Digitais , conforme o disposto no Decreto-Lei n.º 103/2017, de 24 de agosto, na redação atual, e no Regulamento dos Programas de Apoio às Artes, aprovado em anexo à Portaria n.º 345-A/2026/1, de 14 de agosto, nos termos seguintes:","Cruzamento Disciplinar, Circo, Artes de Rua e Artes Digitais",Concurso,Portugal,Lisboa,"O apoio financeiro contempla despesas de funcionamento necessárias à prossecução do plano de atividades , tais como a qualificação dos profissionais, a contratação de recursos humanos especializados e a afetação de serviços e meios materiais em permanência até ao limite de 60 % do patamar de financiamento a que a candidatura se apresenta.",,,pt,"PROGRAMA DE APOIO SUSTENTADO ÀS ARTES CRUZAMENTO DISCIPLINAR, CIRCO, ARTES DE RUA E ARTES DIGITAIS (CRIAÇÃO, EDIÇÃO, FORMAÇÃO, AÇÕES ESTRATÉGICAS DE MEDIAÇÃO)","1. Pessoas coletivas de direito privado com sede em Portugal, que aqui exerçam a título predominante atividades profissionais numa ou mais das áreas artísticas previstas no artigo 1.º, n.º 2 do Decreto -Lei n.º 103/2017, de 24 de agosto, na redação atual, de acordo com as seguintes condições de acesso: a) Modalidade de apoio Bienal: tenham, pelo menos, quatro anos de atividade profissional continuada; b) Modalidade de apoio Quadrienal: tenham, pelo menos, seis anos de atividade profissional continuada; ter beneficiado, pelo menos uma vez nos últimos seis anos, de apoio financeiro do Estado através da DGARTES na tipologia de apoio sustentado, desde que não lhes tenha sido aplicada a sanção prevista na alínea c) do n.º 1 do artigo 23.º, nem se encontre em aplicação a sanção prevista na alínea a) do n.º 1 do mesmo artigo, independentemente da sua natureza jurídica ou do seu modelo institucional; dispor de espaço de criação e/ou de apresentação adequado à prossecução da atividade apoiada.

2. Para efeitos de acesso à modalidade prevista na alínea b) do n.º 1, consideram -se os dois últimos ciclos de apoio sustentado (2018-2022 e 2023 -2026), na modalidade quadrienal e bienal, atribuído ao abrigo do Decreto-Lei n.º 103/2017, de 24 de agosto, na redação atual.
3. Não são admitidas ao procedimento concursal as fundações privadas ou as fundações públicas de direito privado que tenham outro tipo de financiamento continuado, assegurado pelo programa orçamental da área da cultura, bem como as associações maioritariamente constituídas por entidades públicas e as empresas do setor empresarial do Estado e das regiões autónomas.
4. Não são admitidas ao procedimento concursal as entidades que tenham assinado adenda de renovação do contrato do apoio sustentado na modalidade quadrienal.
5. As entidades devem enquadrar a sua atividade em apenas uma candidatura e, em caso de concessão de apoio, o respetivo contrato constitui o único instrumento de apoio para o período a que se destina, salvo o disposto no n.º 4 do artigo 26.º do Decreto-Lei n.º 103/2017, de 24 de agosto, na redação atual.","SUSTAINED SUPPORT PROGRAMME FOR THE ARTS CROSS-DISCIPLINARY, CIRCUS, STREET ARTS AND DIGITAL ARTS (CREATION, EDITION, TRAINING, STRATEGIC MEDIATION ACTIONS)","1. Private legal persons with headquarters in Portugal, who here carry out, on a predominant basis, professional activities in one or more of the artistic areas provided for in Article 1(2) of Decree-Law No. 103/2017, of 24 August, in its current wording, according to the following access conditions: a) Biennial support modality: have at least four years of continuous professional activity; b) Quadriennial support modality: have at least six years of continuous professional activity; have benefited, at least once in the last six years, from State financial support through DGARTES under the sustained support typology, provided that the sanction provided for in point c) of paragraph 1 of Article 23 has not been applied to them, nor is the sanction provided for in point a) of paragraph 1 of the same article being applied, regardless of their legal nature or institutional model; have a creation and/or presentation space suitable for pursuing the supported activity.

2. For the purposes of access to the modality provided for in point b) of paragraph 1, the last two cycles of sustained support (2018-2022 and 2023-2026), in the quadriennial and biennial modality, awarded under Decree-Law No. 103/2017, of 24 August, in its current wording, are considered.
3. Private foundations or private law public foundations that have another type of continuous funding, ensured by the budget programme of the culture area, as well as associations made up mostly of public entities and companies in the state business sector and of the autonomous regions, are not admitted to the tender procedure.
4. Entities that have signed an addendum to renew the sustained support contract in the quadriennial modality are not admitted to the tender procedure.
5. Entities must frame their activity in only one application and, in the event of support being granted, the respective contract constitutes the sole support instrument for the period for which it is intended, except as provided for in Article 26(4) of Decree-Law No. 103/2017, of 24 August, in its current wording.",A abertura do concurso para a apresentação de candidaturas,,2026-09-23 12:37:15.669409+00:00
dgartes_portugal_4fe806b71e57,dgartes_portugal,https://www.dgartes.gov.pt/pt/apoio/10173,https://apoios.dgartes.gov.pt/,DGARTES,"A Direção-Geral das Artes torna pública, através do Aviso n.º 20875-D/2026/2 , a abertura do concurso para a apresentação de candidaturas no âmbito do Programa de Apoio Sustentado nas áreas do Cruzamento Disciplinar, Circo, Artes de Rua e Artes Digitais, conforme o disposto no Decreto-Lei n.º 103/2017, de 24 de agosto, na redação atual, e no Regulamento dos Programas de Apoio às Artes, aprovado em anexo à Portaria n.º 345-A/2026/1, de 14 de agosto.","Cruzamento Disciplinar, Circo, Artes de Rua e Artes Digitais",concurso,Portugal,Lisboa,"O montante financeiro global disponível é de 8.940.000,00 € (oito milhões novecentos e quarenta mil euros)",,,pt,"PROGRAMA DE APOIO SUSTENTADO ÀS ARTES — CRUZAMENTO DISCIPLINAR, CIRCO, ARTES DE RUA E ARTES DIGITAIS (CRIAÇÃO, EDIÇÃO, FORMAÇÃO, AÇÕES ESTRATÉGICAS DE MEDIAÇÃO)",a apresentação das candidaturas termina às 17h59m59s do dia 6 de outubro de 2026,"Sustained Support Programme for the Arts — Cross-disciplinary, Circus, Street Arts and Digital Arts (Creation, Edition, Training, Strategic Mediation Actions)",Applications close at 5:59:59 p.m. on 6 October 2026,6 de outubro de 2026,2026-10-06,2026-09-23 12:37:16.696748+00:00
dgartes_portugal_e0b829e594a8,dgartes_portugal,http://www.dgartes.gov.pt/sites/default/files/aviso_abertura_apoio_sustentado_27_30_artesvisuais.pdf,,Direção-Geral das Artes (DGARTES),"A Direção-Geral das Artes (DGARTES) torna pública, através do presente aviso, a abertura do concurso para a apresentação de candidaturas no âmbito do Programa de Apoio Sustentado na área das Artes Visuais, conforme o disposto no Decreto -Lei n.º 103/2017, de 24 de agosto, na redação atual, e no Regulamento dos Programas de Apoio às Artes, aprovado em anexo à Portaria n.º 345-A/2026/1, de 14 de agosto, nos termos seguintes:","Artes Visuais (arquitetura, artes plásticas, banda desenhada, design e fotografia).",Apoio sustentado,Portugal,Lisboa,"o apoio financeiro contempla despesas de funcionamento necessárias à prossecução do plano de atividades , tais como a qualificação dos profissionais, a contratação de recursos humanos especializados e a afetação de serviços e meios materiais em permanência até ao limite de 60 % do patamar de financiamento a que a candidatura se apresenta.",,,pt,"Programa de Apoio Sustentado às Artes – Artes Visuais (Criação, Programação, Edição, Formação, Ações Estratégicas de Mediação)","1. Pessoas coletivas de direito privado com sede em Portugal, que aqui exerçam a título predominante atividades profissionais numa ou mais das áreas artísticas previstas no artigo 1.º, n.º 2 do Decreto -Lei n.º 103/2017, de 24 de agosto, na redação atual, de acordo com as seguintes condições de acesso: a) Modalidade de apoio Bienal: tenham, pelo menos, quatro anos de atividade profissional continuada; b) Modalidade de apoio Quadrienal: tenham, pelo menos, seis anos de atividade profissional continuada; ter beneficiado, pelo menos uma vez nos últimos seis anos, de apoio financeiro do Estado através da DGARTES na tipologia de apoio sustentado, desde que não lhes tenha sido aplicada a sanção prevista na alínea c) do n.º 1 do artigo 23.º, nem se encontre em aplicação a sanção prevista na alínea a) do n.º 1 do mesmo artigo, independentemente da sua natureza jurídica ou do seu modelo institucional; dispor de espaço de criação e/ou de apresentação adequado à prossecução da atividade apoiada.

3. Não são admitidas ao procedimento concursal as fundações privadas ou as fundações públicas de direito privado que tenham outro tipo de financiamento continuado, assegurado pelo programa orçamental da área da cultura, bem como as associações maioritariamente constituídas por entidades públicas e as empresas do setor empresarial do Estado e das regiões autónomas.
4. Não são admitidas ao procedimento concursal as entidades que tenham assinado adenda de renovação do contrato do apoio sustentado na modalidade quadrienal.
5. As entidades devem enquadrar a sua atividade em apenas uma candidatura e, em caso de concessão de apoio, o respetivo contrato constitui o único instrumento de apoio para o período a que se destina, salvo o disposto no n.º 4 do artigo 26.º do Decreto-Lei n.º 103/2017, de 24 de agosto, na redação atual.","Sustained Support Programme for the Arts – Visual Arts (Creation, Programming, Publishing, Training, Strategic Mediation Actions)","1. Legal persons under private law with registered office in Portugal, which carry out predominantly, here, professional activities in one or more of the artistic areas provided for in Article 1(2) of Decree-Law No. 103/2017, of 24 August, in its current wording, in accordance with the following access conditions: a) Biennial support modality: have at least four years of continuous professional activity; b) Quadrennial support modality: have at least six years of continuous professional activity; have benefited, at least once in the last six years, from financial support from the State through DGARTES in the type of sustained support, provided that the sanction provided for in point c) of paragraph 1 of Article 23 has not been applied to them, nor is the sanction provided for in point a) of paragraph 1 of the same article being applied, regardless of their legal nature or institutional model; have a creation and/or presentation space suitable for carrying out the supported activity.
3. Private foundations or public foundations under private law that have other type of continuous funding, guaranteed by the budget programme of the culture area, as well as associations mostly constituted by public entities and companies in the State-owned business sector and in the autonomous regions are not admitted to the tender procedure.
4. Entities that have signed an addendum to renew the sustained support contract under the quadrennial modality are not admitted to the tender procedure.
5. Entities must frame their activity in only one application and, in the event of support being granted, the respective contract constitutes the sole support instrument for the period to which it is intended, except as provided for in paragraph 4 of Article 26 of Decree-Law No. 103/2017, of 24 August, in its current wording.",Conforme aviso publicado na 2.ª série do Diário da República de 24 de agosto,2027-08-24,2026-09-23 12:37:19.600724+00:00
dgartes_portugal_9958967f7dcb,dgartes_portugal,http://www.dgartes.gov.pt/sites/default/files/avisodeabertura_bv2027.pdf,,Direção-Geral das Artes (DGARTES),"A Direção-Geral das Artes (DGARTES) torna público, através do presente aviso, a abertura do concurso limitado para a apresentação de candidaturas no âmbito do Programa de Apoio a Projetos – Representação Oficial Portuguesa, na 20.ª Exposição Internacional de Arquitetura – La Biennale di Venezia 2027, para seleção do projeto curatorial e expositivo, conforme o disposto no Decreto -Lei n.º 103/2017, de 24 de agosto, na redação atual e no Regulamento dos Programas de Apoio às Artes aprovado em anexo à Portaria n.º 345-A/2026/1, de 14 de agosto, nos termos seguintes:",Arquitetura,concurso limitado,Itália,Veneza,"1. Dotação financeira disponível: 1. 500.000,00€ (quinhentos mil euros), com a seguinte distribuição anual: a) 2026 – 300.000,00€ (trezentos mil euros); b) 2027 – até 200.000,00€ (duzentos mil euros). 2. O montante máximo a ser solicitado em candidatura é de 497.000,00€ (quatrocentos e noventa e sete mil euros).",,,pt,Programa de Apoio a Projetos – Representação Oficial Portuguesa na 20.ª Exposição Internacional de Arquitetura – La Biennale di Venezia 2027,"E. Destinatários: Nos termos do Aviso n.º 15360/2026/2, de 22 de junho, foram selecionadas as seguintes propostas a convidar para integrar o concurso limitado: − Analog Twins, de Alice Clanet-Hallard, Edgar Brito, Francisco Lobo e Romea Muryn − Mãos ao Chão (Hands to the Ground), de Joanna Alice Helm, Remígio Van Eyes Chilaule e Samuel de Brito Gonçalves − Matéria Viva — Os materiais da construção portuguesa e o saber que resiste, de Helena Botelho",Support Program for Projects – Official Portuguese Representation at the 20th International Architecture Exhibition – La Biennale di Venezia 2027,"E. Recipients: Under Notice No. 15360/2026/2, of 22 June, the following proposals were selected to be invited to take part in the restricted competition: − Analog Twins, by Alice Clanet-Hallard, Edgar Brito, Francisco Lobo and Romea Muryn − Mãos ao Chão (Hands to the Ground), by Joanna Alice Helm, Remígio Van Eyes Chilaule and Samuel de Brito Gonçalves − Matéria Viva — Os materiais da construção portuguesa e o saber que resiste, by Helena Botelho",6 de outubro de 2026,2026-10-06,2026-09-23 12:37:21.058425+00:00
dgartes_portugal_c966cce2ccf0,dgartes_portugal,https://www.dgartes.gov.pt/pt/apoio/10166,https://apoios.dgartes.gov.pt/,Direção-Geral das Artes (DGARTES),"a abertura do concurso limitado para a apresentação de candidaturas no âmbito do Programa de Apoio a Projetos – Representação Oficial Portuguesa, na 20.ª Exposição Internacional de Arquitetura – La Biennale di Venezia 2027, para seleção do projeto curatorial e expositivo",Arquitetura,concurso limitado,Portugal,Lisboa,Apoio Financeiro: €500.000,,,pt,[Concurso Limitado] Programa de Apoio a Projetos - Representação Oficial Portuguesa na 20.ª Exposição Internacional de Arquitetura - La Biennale di Venezia 2027,"a apresentação de candidaturas no âmbito do Programa de Apoio a Projetos – Representação Oficial Portuguesa, na 20.ª Exposição Internacional de Arquitetura – La Biennale di Venezia 2027, para seleção do projeto curatorial e expositivo",[Limited Competition] Project Support Program - Official Portuguese Representation at the 20th International Architecture Exhibition - La Biennale di Venezia 2027,"applications under the Project Support Program – Official Portuguese Representation, for the 20th International Architecture Exhibition – La Biennale di Venezia 2027, for the selection of the curatorial and exhibition project",às 17h59m59s do dia 6 de outubro de 2026,2026-09-24,2026-09-23 12:37:22.307414+00:00
dgartes_portugal_b0e4ca961b8e,dgartes_portugal,http://www.dgartes.gov.pt/sites/default/files/aviso_abertura_orquestra_regional_alentejo_2026.pdf,,DGARTES,Concurso para criação de Orquestra Regional do Alentejo,música erudita,Concurso,Portugal,Alentejo,"O montante global disponível é de 1.620.000 € (um milhão seiscentos e vinte mil euros ), a atribuir por um período de dois anos: 2027: 810.000 € 2028: 810.000 €",,,pt,Concurso para criação de Orquestra Regional do Alentejo,"Pessoas coletivas de direito privado sem fins lucrativos, com sede na região do Alentejo , doravante designadas entidades promotoras das orquestras regionais.
Não são admitidas ao procedimento concursal as fundações privadas ou as fundações públicas de direito privado que tenham outro tipo de financiamento continuado, assegurado pelo programa orçamental da área da cultura, bem como empresas do setor público empresarial do Estado. 
2. Estão impedidas de apresentar candidaturas ao presente programa de apoio  as entidades beneficiárias de Apoio Sustentado.   

3. Os órgãos sociais das entidades promotoras das orquestras regionais devem incluir  um número mínimo de cinco municípios na circunscrição territorial ( NUTS II) do Alentejo. 
4. Os órgãos sociais podem incluir ainda outros agentes locais ou regionais da região onde se insere a Orquestra Regional, para além do número de municípios mencionados no n.º 3.",Call for the creation of the Alentejo Regional Orchestra,"Private legal entities without profit-making purposes, with headquarters in the Alentejo region, hereinafter referred to as promoting entities of the regional orchestras.
Private foundations or public foundations under private law that have another type of ongoing funding ensured by the budget programme of the culture area, as well as companies of the State public business sector, are not admitted to the competitive procedure.
2. Entities benefiting from Sustained Support are barred from submitting applications to this support programme.

3. The governing bodies of the promoting entities of the regional orchestras must include a minimum number of five municipalities in the territorial circumscription (NUTS II) of Alentejo.
4. The governing bodies may also include other local or regional agents of the region where the Regional Orchestra is located, in addition to the number of municipalities mentioned in point 3.",Conforme aviso publicado na 2.ª série do Diário da República de 15 de julho,2027-07-15,2026-09-23 12:37:23.908569+00:00
dgartes_portugal_cc9be82e728f,dgartes_portugal,https://www.dgartes.gov.pt/pt/apoio/10064,https://www.dgartes.gov.pt/sites/default/files/formulario_concurso_orquestra_regional_alentejo_2026.xlsx,Direção-Geral das Artes (DGARTES),"a abertura de concurso para criação da Orquestra Regional do Alentejo, com o montante financeiro global disponível de 1.620.000,00 € (um milhão seiscentos e vinte mil euros), com a seguinte distribuição anual: 2027: 810.000,00 € (oitocentos e dez mil euros); 2028: 810.000,00 € (oitocentos e dez mil euros).",Artes / música,concurso,Portugal,null,"com o montante financeiro global disponível de 1.620.000,00 € (um milhão seiscentos e vinte mil euros), com a seguinte distribuição anual: 2027: 810.000,00 € (oitocentos e dez mil euros); 2028: 810.000,00 € (oitocentos e dez mil euros).",,,pt,CONCURSO PARA CRIAÇÃO DA ORQUESTRA REGIONAL DO ALENTEJO,As candidaturas estão abertas até ao dia 9 de setembro de 2026.,OPEN CALL FOR THE CREATION OF THE ALENTEJO REGIONAL ORCHESTRA,"Applications are open until September 9, 2026.",Novo prazo: a apresentação de candidaturas termina às 17:59:59 do dia 25 de setembro de 2026.,2026-09-23,2026-09-23 12:37:24.916519+00:00
european_cultural_foundation_ad15a329abd7,european_cultural_foundation,https://culturalfoundation.eu/open-calls/culture-helps-solidarity-%d0%ba%d1%83%d0%bb%d1%8c%d1%82%d1%83%d1%80%d0%b0-%d0%b4%d0%be%d0%bf%d0%be%d0%bc%d0%b0%d0%b3%d0%b0%d1%94-open-call-for-collaboration-grants/second-culture-helps-solidarity-call-for-collaboration-grants/,https://culture-of-solidarity-fund.grantplatform.com/,Culture Helps Solidarity,"Culture Helps Solidarity is launching its second and final call for Collaboration Grants . This call supports international projects that use arts and culture to aid the integration of displaced Ukrainians into host communities, with a strong focus on mental well-being, vulnerable groups, and veterans . The fund prioritises cross-border partnerships between at least one Ukrainian-led organisation (operating in Ukraine or in exile) and at least one organisation based in a Creative Europe country . Grants of up to €20,000 are available for partnerships of two organisations, and up to €30,000 for partnerships involving three or more partners . The projects should foster intercultural dialogue, professional exchange, and long-term solidarity .",arts and culture,Collaboration Grants,,,"Grants of up to €20,000 are available for partnerships of two organisations, and up to €30,000 for partnerships involving three or more partners .",,,en,Second Culture Helps Solidarity call for Collaboration Grants,The fund prioritises cross-border partnerships between at least one Ukrainian-led organisation (operating in Ukraine or in exile) and at least one organisation based in a Creative Europe country .,Second Culture Helps Solidarity call for Collaboration Grants,The fund prioritises cross-border partnerships between at least one Ukrainian-led organisation (operating in Ukraine or in exile) and at least one organisation based in a Creative Europe country .,"November 10, 2026, at 13:00 Amsterdam time / 14:00 Kyiv time",2026-11-10,2026-09-23 12:37:24.930215+00:00
european_cultural_foundation_f1e9b1c26c84,european_cultural_foundation,https://culturalfoundation.eu/open-calls/second-culture-helps-solidarity-call-for-project-grants/,https://culture-of-solidarity-fund.grantplatform.com/,Culture Helps Solidarity,"The second call for Projects Grants of Culture Helps Solidarity focuses on memory and commemoration projects that work responsibly with the lived experiences of people affected byRussia’s war against Ukraine. The call will support cultural and community-based initiatives that create meaningful forms of remembrance, documentation (both analog and digital), public reflection, and commemoration while respecting the dignity, safety, and agency of thosewhose stories and losses are represented. This call supports small-scale cultural projects that engage with the experiences, memories, and histories of people directly affected by Russia’s war against Ukraine, including but not limited to women veterans, families of the fallen, displaced communities, local residents,people who have experienced loss, captivity, injury, or displacement, and witnesses of wartime events. We invite cultural workers, artists, researchers, community organisers, memory practitioners, and civil society initiatives based in Ukraine and across Europe to develop projects that approach remembrance as a careful, inclusive, and community-led practice. Through artistic, educational, research-based, or participatory formats, projects should create meaningful opportunities for reflection, strengthen local and collective memory across generations, amplify diverse voices, and help people feel seen and heard. Ultimately, the call seeks to support cultural practices that contribute to a more responsible public conversation about theongoing impact and aftermath of Russia’s war against Ukraine, both within Ukraine and across Europe.","cultural, artistic, educational, research-based, or participatory",Project Grants,Ukraine and across Europe,,Project Grants,,,en,Second Culture Helps Solidarity call for Project Grants,"We invite cultural workers, artists, researchers, community organisers, memory practitioners, and civil society initiatives based in Ukraine and across Europe to develop projects that approach remembrance as a careful, inclusive, and community-led practice.",Second Culture Helps Solidarity call for Project Grants,"We invite cultural workers, artists, researchers, community organisers, memory practitioners, and civil society initiatives based in Ukraine and across Europe to develop projects that approach remembrance as a careful, inclusive, and community-led practice.",,,2026-09-23 12:37:24.930266+00:00
european_cultural_foundation_80ce5461aa91,european_cultural_foundation,https://culturalfoundation.eu/open-calls/new-fellowship-programme-to-research-the-ecf-historical-archives/,https://ecf-fellowship.grantplatform.com/,European Cultural Foundation,"This ECF Fellowship aims to foster new research and creative work engaging with the history of the European Cultural Foundation and the broader role of culture in shaping Europe as a shared space of imagination, cooperation, and solidarity.",research and creative work,Fellowship programme,,Florence,"Academic Research Fellowship includes a grant of €5,000 to support a research stay at the HAEU, including travel, accommodation, and living expenses. Artistic Research Fellowship includes a grant of €10,000 to support a research stay at the HAEU, including travel, accommodation, and living expenses, as well as artistic production.",,,en,New Fellowship Programme to Research the ECF Historical Archives,"Fellows are expected to work substantially with the ECF archival holdings – primarily in English, with significant material in French, German, and Dutch, and additional languages occasionally represented.",New Fellowship Programme to Research the ECF Historical Archives,"Fellows are expected to work substantially with the ECF archival holdings – primarily in English, with significant material in French, German, and Dutch, and additional languages occasionally represented.",30 September 2026 at 17:00 CET,2026-09-30,2026-09-23 12:37:24.938042+00:00
european_cultural_foundation_a246059c820a,european_cultural_foundation,https://culturalfoundation.eu/open-calls/culture-helps-solidarity-open-call-for-individual-grants-4th-round/,https://qr1.be/8KS5J3,European Cultural Foundation,"The fourth round of Culture Helps Solidarity Individual Grants is now open . The programme offers flexible grants of up to €1,200 to Ukrainian cultural professionals working with displaced people, refugees and other vulnerable communities, including veterans, in Ukraine and across Creative Europe countries. Rather than funding projects, these grants are designed to support the individuals behind the work.",cultural professionals,Individual Grants,Ukraine,,"flexible grants of up to €1,200",,,en,Culture Helps Solidarity: Open Call for Individual Grants (4th Round),"to Ukrainian cultural professionals working with displaced people, refugees and other vulnerable communities, including veterans, in Ukraine and across Creative Europe countries.",Culture Helps Solidarity: Open Call for Individual Grants (4th Round),"to Ukrainian cultural professionals working with displaced people, refugees and other vulnerable communities, including veterans, in Ukraine and across Creative Europe countries.",29 June 2026,2026-06-29,2026-09-23 12:37:24.944339+00:00
european_cultural_foundation_67a05c59b453,european_cultural_foundation,https://culturalfoundation.eu/open-calls/culture-helps-solidarity-%d0%ba%d1%83%d0%bb%d1%8c%d1%82%d1%83%d1%80%d0%b0-%d0%b4%d0%be%d0%bf%d0%be%d0%bc%d0%b0%d0%b3%d0%b0%d1%94-open-call-for-individual-care-grants-round-2/,https://qr1.be/BXQZDY,European Cultural Foundation,"The call supports Ukrainian cultural workers who need time and resources to focus on well-being, recovery and the conditions needed to continue their cultural work.","artists, cultural practitioners and creative professionals",Individual Care Grants,Ukraine,Kyiv,"Across the programme, more than €1.4 million will support over 200 individuals and organisations, alongside opportunities for learning, mentoring and exchange that strengthen professional capacity and cross-border connection.",,,en,Culture Helps Solidarity / Культура допомагає: Open Call for Individual Care Grants Round 2,"The grants are open to artists, cultural practitioners and creative professionals from Ukraine, whether they remain in the country or are temporarily displaced elsewhere.",Culture Helps Solidarity / Культура допомагає: Open Call for Individual Care Grants Round 2,"The grants are open to artists, cultural practitioners and creative professionals from Ukraine, whether they remain in the country or are temporarily displaced elsewhere.",6 April 2026 at 13:00 (Amsterdam time),2026-04-06,2026-09-23 12:37:24.949138+00:00
european_cultural_foundation_cf66f32bd199,european_cultural_foundation,https://culturalfoundation.eu/open-calls/culture-helps-solidarity-%d0%ba%d1%83%d0%bb%d1%8c%d1%82%d1%83%d1%80%d0%b0-%d0%b4%d0%be%d0%bf%d0%be%d0%bc%d0%b0%d0%b3%d0%b0%d1%94-%d1%81%d0%be%d0%bb%d1%96%d0%b4%d0%b0%d1%80%d0%bd%d1%96%d1%81%d1%82/,https://qr1.be/93Y8G0,"Insha Osvita in Kyiv, zusa in Berlin, the Veteranka Movement in Kyiv and the European Cultural Foundation in Amsterdam","Culture Helps Solidarity / Культура допомагає: Солідарність is opening a round of Individual Care Grants from 2 to 23 February 2026 to support creative professionals and veterans in maintaining their mental health and wellbeing, helping them sustain the care and cultural work they provide to others. The programme is delivered by Insha Osvita in Kyiv, zusa in Berlin, the Veteranka Movement in Kyiv and the European Cultural Foundation in Amsterdam. Support focuses on personal well-being rather than project delivery. It may include counselling, trauma-informed coaching, restorative care, or participation in cultural and therapeutic activities that help individuals recover balance and resilience.",arts and culture,Individual Care Grants,Ukraine,Kyiv,"Grants of up to €1,200",,,en,Culture Helps Solidarity / Культура допомагає: Солідарність Individual Care Grants Open,"individuals working in arts and culture who support displaced Ukrainians, particularly vulnerable groups such as veterans, and who have themselves been affected by war or displacement.",Culture Helps Solidarity / Культура допомагає: Солідарність Individual Care Grants Open,"individuals working in arts and culture who support displaced Ukrainians, particularly vulnerable groups such as veterans, and who have themselves been affected by war or displacement.",from 2 to 23 February 2026,2026-02-23,2026-09-23 12:37:24.952675+00:00
european_cultural_foundation_7395e3ac9c32,european_cultural_foundation,https://culturalfoundation.eu/open-calls/civitates-media-open-call/,https://civitates-eu.org/funding-opportunity/call-for-proposals-strengthening-independent-public-interest-journalism-in-europe/,Civitates,"Applications are now open for Civitates ’ Media open call for proposals , aimed at supporting independent public interest journalism across Europe. This is an opportunity for non-profit media organizations to secure core funding to strengthen their sustainability, build resilience, and enhance their contributions to a balanced and respectful public dialogue. The call focuses on helping independent media outlets: Strengthen their organizational sustainability and operational stability. Innovate with new business models and editorial strategies. Deepen audience engagement and expand public outreach.",public interest journalism,open call for proposals,Europe,,"Eligible organisations can apply for up to €160,000 in core funding, distributed over two years, to support mid-term goals and operational growth.",,,en,Civitates Media Open Call,"Civitates invites applications from independent media outlets registered in Hungary, Poland, Italy, Spain, Bulgaria, Slovakia, and Croatia.",Civitates Media Open Call,"Civitates invites applications from independent media outlets registered in Hungary, Poland, Italy, Spain, Bulgaria, Slovakia, and Croatia.",,,2026-09-23 12:37:24.952720+00:00
fundacao_gulbenkian_641becbe2421,fundacao_gulbenkian,https://gulbenkian.pt/en/bolsas-lista/short-term-conference-and-travel-grant/,,Gulbenkian,"These short-term scholarships enable qualified students, early-career academics and researchers based in Armenia to take part in international conferences, seminars, short courses and research trips abroad related to their field of study. The programme aims to encourage academic exchange and the sharing of knowledge and ideas.",all fields of research,scholarships,Armenia,,"The scholarship amount is fixed; please refer to the table in the Requirements, Criteria and Conditions document for details. All scholarships are awarded and paid in euros.",,"graduate students, early-career academics and researchers",en,Short Term Conference and Travel Scholarships,"Applicants must be: Studying or based in Armenia. Under 35 years old at the time of the application. A Master’s or PhD student, or a researcher from Armenia, wishing to attend international conferences, seminars, short-term courses or undertake research trips related to their field of study.",Short Term Conference and Travel Scholarships,"Applicants must be: Studying or based in Armenia. Under 35 years old at the time of the application. A Master’s or PhD student, or a researcher from Armenia, wishing to attend international conferences, seminars, short-term courses or undertake research trips related to their field of study.",End date 04 Dec 2026 / 23:59 Lisbon time,2026-12-04,2026-09-23 12:37:24.956685+00:00
fundacao_gulbenkian_9db5c1bb86df,fundacao_gulbenkian,https://gulbenkian.pt/en/bolsas-lista/visiting-professorships-in-the-humanities/,,Gulbenkian,The Gulbenkian Visiting Professorships in the Humanities aim to strengthen the quality and internationalisation of teaching and research in Portugal by hosting distinguished foreign scholars.,Humanities,Visiting Professorships,Portugal,,"Monthly stipend: €4,000 One-time allowance for travel and relocation: €4,000",,senior researchers with a well-established scientific track record,en,Visiting Professorships in the Humanities,"Only Portuguese Higher Education Institutions (HEIs) are eligible, and the proposed academic activities must take place in Portugal. Applications must be submitted by the professor responsible for coordinating the visit, on behalf of the Portuguese HEI. The visiting professor is not eligible to apply directly.",Visiting Professorships in the Humanities,"Only Portuguese Higher Education Institutions (HEIs) are eligible, and the proposed academic activities must take place in Portugal. Applications must be submitted by the professor responsible for coordinating the visit, on behalf of the Portuguese HEI. The visiting professor is not eligible to apply directly.",30 Sep 2026 / 17:00 Lisbon time,2026-09-30,2026-09-23 12:37:24.963267+00:00
fundacao_gulbenkian_86e33a273257,fundacao_gulbenkian,https://gulbenkian.pt/en/bolsas-lista/gulbenkian-new-talents-scholarships/,https://gulbenkian.pt/my/login?redirect=https%3A%2F%2Fgulbenkian.pt%2F,Gulbenkian Foundation,"The Gulbenkian New Talents Scholarships programme seeks to identify and support exceptionally talented students and foster their first steps into research in core scientific disciplines such as biology, geology, physics, mathematics and chemistry, as well as in any field of the humanities, arts or social sciences.","biology, geology, physics, mathematics and chemistry, as well as in any field of the humanities, arts or social sciences",scholarships,Portugal,,"The annual scholarship amount is made up of three components: Research and study support – €1,000

Talent development support – €1,500

Supplementary social support – €2,000",,students,en,Gulbenkian New Talents Scholarships,"Applications are open to students who:
Will be enrolled in the 2nd, 3rd or 4th year of a bachelor’s degree or integrated master’s programme, or in the 1st year of a master’s degree, during the 2026/2027 academic year at a higher education institution in Portugal.
Have an average grade of 16.5 or above (on a 20-point scale) in the curricular units completed in the bachelor’s program to date.",Gulbenkian New Talents Scholarships,"Applications are open to students who:
Will be enrolled in the 2nd, 3rd or 4th year of a bachelor’s degree or integrated master’s programme, or in the 1st year of a master’s degree, during the 2026/2027 academic year at a higher education institution in Portugal.
Have an average grade of 16.5 or above (on a 20-point scale) in the curricular units completed in the bachelor’s program to date.",30 Sep 2026 / 15:00,2026-09-30,2026-09-23 12:37:24.973719+00:00
fundacao_gulbenkian_0089a729f2c8,fundacao_gulbenkian,https://gulbenkian.pt/en/bolsas-lista/gulbenkian-merit-scholarships/,,Gulbenkian,These scholarships are intended to support high-potential young students applying for the first year of higher education who demonstrate limited financial resources.,higher education,scholarships,Portugal,Lisbon,"The scholarship amounts to €2,000 per academic year and includes an additional one-time grant of €2,000 for participation in an international mobility period, such as Erasmus or another similar programme offered by each higher education institution.",,young students,en,Gulbenkian Merit scholarships,"Admission grade for higher education equal to or higher than 170 points through the general access and admission competition for the 2026/27 academic year, in the programme in which the applicant is enrolled. Proof of application for a social action grant from the Directorate-General for Higher Education (DGES). In order to enable verification of household income, applying for a DGES grant is a mandatory condition for applying for the Gulbenkian Merit Scholarship, regardless of household income level. Scholarships will only be awarded to selected applicants whose annual per capita income, as verified by the Social Services of the respective higher education institution, does not exceed €14,000. Only applicants to legally recognised Portuguese higher education institutions and duly accredited and registered study programmes will be considered. Applications from holders of a higher education degree will not be accepted.",Gulbenkian Merit scholarships,"Admission grade for higher education equal to or higher than 170 points through the general access and admission competition for the 2026/27 academic year, in the programme in which the applicant is enrolled. Proof of application for a social action grant from the Directorate-General for Higher Education (DGES). In order to enable verification of household income, applying for a DGES grant is a mandatory condition for applying for the Gulbenkian Merit Scholarship, regardless of household income level. Scholarships will only be awarded to selected applicants whose annual per capita income, as verified by the Social Services of the respective higher education institution, does not exceed €14,000. Only applicants to legally recognised Portuguese higher education institutions and duly accredited and registered study programmes will be considered. Applications from holders of a higher education degree will not be accepted.",30 Oct 2026 / 15:00 Lisbon time,2026-10-30,2026-09-23 12:37:24.977840+00:00
kunst_dk_denmark_28c59766a0db,kunst_dk_denmark,https://www.kunst.dk/english/funding-programmes/exhibition-of-danish-art-abroad,https://portal.slks.dk//TAS_Dashboard/application/CreateApplication?poolId=7062179a8b2e49e1835fe8c4cd354c60,Danish Arts Foundation,"International Grants for the production, dissemination, and exhibition of contemporary art in Denmark and abroad.",Visual arts,grant,Denmark,,,,,en,Exhibition of Danish Art Abroad,"Who may apply? You can apply if you plan to produce an art piece to be exhibited in Denmark or abroad And You can apply if you shall exhibit and/or promote the work of living visual artists in Denmark or abroad. Is your project interdisciplinary? Find out more about how to apply if your project combines different art forms . The grant does NOT cover: Exhibitions that open before the deadline. Gallery exhibitions: Artists may apply for grants for the production of new works. Other expenses for the exhibition are only covered if the committee assesses them as a special investment by the gallery Permanent works in public space – here defined as art projects that are publicly accessible in a period of more than 12 months. These are funded through other programs. Studio rent Per diem allowance Invitations, meals, etc. in connection with exhibition previews Travel and accommodation for assistants (generally not covered) Travel and accommodation in connection with exhibitions in galleries where the artist has a permanent affiliation Local transport Projects already reviewed by the committee. Costs from previous calendar years.",Exhibition of Danish Art Abroad,"Who may apply? You can apply if you plan to produce an art piece to be exhibited in Denmark or abroad And You can apply if you shall exhibit and/or promote the work of living visual artists in Denmark or abroad. Is your project interdisciplinary? Find out more about how to apply if your project combines different art forms . The grant does NOT cover: Exhibitions that open before the deadline. Gallery exhibitions: Artists may apply for grants for the production of new works. Other expenses for the exhibition are only covered if the committee assesses them as a special investment by the gallery Permanent works in public space – here defined as art projects that are publicly accessible in a period of more than 12 months. These are funded through other programs. Studio rent Per diem allowance Invitations, meals, etc. in connection with exhibition previews Travel and accommodation for assistants (generally not covered) Travel and accommodation in connection with exhibitions in galleries where the artist has a permanent affiliation Local transport Projects already reviewed by the committee. Costs from previous calendar years.","24.09.2026, 2:00 PM",2026-09-24,2026-09-23 12:37:24.987219+00:00
kunst_dk_denmark_83c3b68dac03,kunst_dk_denmark,https://www.kunst.dk/english/funding-programmes/visual-arts-international-research-programme,https://portal.slks.dk/Dashboard/application/CreateApplication?poolId=14cde2fa1f14488ea90a43972c3a47d5,Danish Arts Foundation,"International Funding for curatorial research travels for curators, directors of art institutions, art critics, and other art professionals.",Visual arts,funding,Denmark,,"Grants of up to DKK 15,000 per person for travel and accommodation.",,,en,Curatorial Research Programme,"Curators, directors of exhibition venues, art critics and art mediators working with contemporary art. Danish art institutions or other Danish art professionals can apply on behalf of one or more foreign curators, provided that the Danish actor undertakes programming and hosting the foreign curator's visit to Denmark. Applicants with Danish CVR/CPR/ NemKonto must apply via the Danish version of this pool The programme is primarily aimed at applicants who already have contacts on the Danish art scene or candidates who wish to develop a project involving specific Danish artists or institutions. Applicants must be able to organize meetings and studio visits on their own.",Curatorial Research Programme,"Curators, directors of exhibition venues, art critics and art mediators working with contemporary art. Danish art institutions or other Danish art professionals can apply on behalf of one or more foreign curators, provided that the Danish actor undertakes programming and hosting the foreign curator's visit to Denmark. Applicants with Danish CVR/CPR/ NemKonto must apply via the Danish version of this pool The programme is primarily aimed at applicants who already have contacts on the Danish art scene or candidates who wish to develop a project involving specific Danish artists or institutions. Applicants must be able to organize meetings and studio visits on their own.","24.09.2026, 2:00 PM",2026-09-24,2026-09-23 12:37:24.990730+00:00
kunst_dk_denmark_823c0bbbc582,kunst_dk_denmark,https://www.kunst.dk/english/funding-programmes/performing-arts-international-activities,https://portal.slks.dk//TAS_Dashboard/application/CreateApplication?poolId=2f02cef278c24c4b80a20035ff8119a1,Danish Arts Foundation,"International Smaller theatres, performing arts groups, independent performing artists and operators organising or working with performing arts activities can apply for grants of max. DKK 100,000 for international performing arts activities.",Performing arts,grants,Denmark,,"grants of max. DKK 100,000",,,en,Performing arts: International activities,"Smaller theatres, performing arts groups, independent performing artists and operators organising or working with performing arts activities can apply for grants of max. DKK 100,000 for international performing arts activities.

Who may apply? Smaller theatres, performing arts groups, independent performing artists and operators organising or working with performing arts activities.

Who may not apply? Support cannot be granted for projects, which are carried out exclusively by the large institutional theatres. By large institutional theatres we mean The Royal Danish Theatre, the Danish regional theatres, the Jutland Opera, and the theatres in the Copenhagen theatre association may not apply. You cannot receive funding for the following purposes activities initiated ahead of the deadline educational purposes for individuals",Performing arts: International activities,"Smaller theatres, performing arts groups, independent performing artists and operators organising or working with performing arts activities can apply for grants of max. DKK 100,000 for international performing arts activities.

Who may apply? Smaller theatres, performing arts groups, independent performing artists and operators organising or working with performing arts activities.

Who may not apply? Support cannot be granted for projects, which are carried out exclusively by the large institutional theatres. By large institutional theatres we mean The Royal Danish Theatre, the Danish regional theatres, the Jutland Opera, and the theatres in the Copenhagen theatre association may not apply. You cannot receive funding for the following purposes activities initiated ahead of the deadline educational purposes for individuals","01.10.2026, 2:00 PM",2026-01-10,2026-09-23 12:37:24.994349+00:00
kunst_dk_denmark_091f95df035c,kunst_dk_denmark,https://www.kunst.dk/english/funding-programmes/nordic-translations,https://portal.slks.dk/Dashboard/application/CreateApplication?poolId=e6330c53cf004a46b91c8f2972825f37,Danish Arts Foundation,"Funding for Nordic publishers to cover fees for translators, translating a work from Danish into another Nordic language.",Litteratur Internationalt Literature International,funding,Denmark,,Funding for Nordic publishers to cover fees for translators,,,en,Nordic translations,"Who may apply? Nordic publishers wishing to publish a work translated from Danish into another Nordic language. Non-Nordic publishers: please apply to the fund ‘Literary production and translation’. Applications should be made in the Nordic country in which the work was originally published. For the translation of works from Danish, you should therefore submit your application to the Danish Arts Foundation's Committee for Literary Project Funding. Before submitting the application, the applicant must have acquired the copyrights for the literary work and signed a contract with a translator. Projects may not be finished before the expiry of the application deadline. You can apply for: Fiction for adults, children and young adults General cultural literature and non-fiction Essays Comics and graphic novels You cannot receive funding for: translation of works within the areas of research, education, regional and local history, handbooks, hobby books, self-help books, and catalogues translation of your own works and text revision Furthermore, funding is typically not awarded to Danish publishers for publication of Danish works in translation.",Nordic translations,"Who may apply? Nordic publishers wishing to publish a work translated from Danish into another Nordic language. Non-Nordic publishers: please apply to the fund ‘Literary production and translation’. Applications should be made in the Nordic country in which the work was originally published. For the translation of works from Danish, you should therefore submit your application to the Danish Arts Foundation's Committee for Literary Project Funding. Before submitting the application, the applicant must have acquired the copyrights for the literary work and signed a contract with a translator. Projects may not be finished before the expiry of the application deadline. You can apply for: Fiction for adults, children and young adults General cultural literature and non-fiction Essays Comics and graphic novels You cannot receive funding for: translation of works within the areas of research, education, regional and local history, handbooks, hobby books, self-help books, and catalogues translation of your own works and text revision Furthermore, funding is typically not awarded to Danish publishers for publication of Danish works in translation.","12.02.2027, 2:00 PM",2027-12-02,2026-09-23 12:37:24.998213+00:00
kunst_dk_denmark_be0b1bc26009,kunst_dk_denmark,https://www.kunst.dk/english/funding-programmes/literary-production-and-translation,https://portal.slks.dk/Dashboard/application/CreateApplication?poolId=6710d33dda9c469aa7c4ad376579223f,Danish Arts Foundation,"Publishing and translation support for literary works (books, e-books, drama, literary podcasts etc.) for adults, children and young adults.",Literature,support,Denmark,,"Publications: DKK 15,000 in contribution towards the total costs of the publication of books and translations up to 100 pages. DKK 30,000 in contribution towards the total costs of the publication of books and translations up to 300 pages. DKK 50,000 in contribution towards the total costs of the publication of books and translations with more than 300 pages. DKK 100,000 in contribution towards the total costs of especially complex and expensive works. Other media: Literary podcasts: DKK 15,000 – at least 90 minutes, DKK 30,000 – at least 180 minutes, DKK 50,000 – at least 300",no fee,,en,Literary production and translation,"Who may apply? Publishing houses and other publishers of Danish literary works in translation, (organisations etc.) Nordic publishers: please apply to the fund ‘Nordiske oversættelser/Nordic translations’ YOU CAN APPLY FOR GRANTS FOR: Publication of literature in various formats translated from Danish. If you are applying for grants to cover both production and translation costs, you must apply in a single, combined application per work. You can only apply when you have acquired the rights to the work and signed a contract with the translator named in the application. YOU CANNOT APPLY FOR GRANTS FOR: Individuals cannot apply for support for translation. The support must be applied for by the publishing publisher. Translation of Danish titles to other Nordic languages. Nordic publishers may apply to the Fund for Nordic Translations/ puljen Nordiske Oversættelser for funding to cover fees for translators who translate a work from Danish into another Nordic language Publication of works in which the literature belongs to the realm of research, education, regional and local history, handbooks, self-help and lifestyle books, dictionaries, catalogues, or similar literature. The work must not have been published before the application deadline. Publishers based in Denmark that apply must be able to render probable that the translation will reach its target group through partnerships or a professional distribution network.",Literary production and translation,"Who may apply? Publishing houses and other publishers of Danish literary works in translation, (organisations etc.) Nordic publishers: please apply to the fund ‘Nordiske oversættelser/Nordic translations’ YOU CAN APPLY FOR GRANTS FOR: Publication of literature in various formats translated from Danish. If you are applying for grants to cover both production and translation costs, you must apply in a single, combined application per work. You can only apply when you have acquired the rights to the work and signed a contract with the translator named in the application. YOU CANNOT APPLY FOR GRANTS FOR: Individuals cannot apply for support for translation. The support must be applied for by the publishing publisher. Translation of Danish titles to other Nordic languages. Nordic publishers may apply to the Fund for Nordic Translations/ puljen Nordiske Oversættelser for funding to cover fees for translators who translate a work from Danish into another Nordic language Publication of works in which the literature belongs to the realm of research, education, regional and local history, handbooks, self-help and lifestyle books, dictionaries, catalogues, or similar literature. The work must not have been published before the application deadline. Publishers based in Denmark that apply must be able to render probable that the translation will reach its target group through partnerships or a professional distribution network.","12.02.2027, 2:00 PM",2027-12-02,2026-09-23 12:37:25.001907+00:00
kunst_dk_denmark_92d5217dc912,kunst_dk_denmark,https://www.kunst.dk/english/funding-programmes/sample-translations-from-danish,https://portal.slks.dk/Dashboard/application/CreateApplication?poolId=bf0a14e4c53a42ae856ca862b96a669e,Danish Arts Foundation,"Grants for sample translations from Danish of works for adults, children and young adults.",Litteratur Internationalt International Literature,Grants,Denmark,,"A fixed grant of DKK 8,000 is awarded for a 40-page sample translation when the original work is 100 pages or longer. A fixed grant of DKK 3,000 is awarded for sample translations of illustrated literature or when the original work is fewer than 100 pages.",,,en,Sample translations from Danish,"Who may apply? Danish and foreign publishers and agencies. Note: In order to ensure the spreading of art support, you may apply for support for a total of four sample translations. YOU CAN APPLY FOR GRANTS FOR: Sample translation of a Danish work into a foreign language. YOU CANNOT APPLY FOR GRANTS FOR: Sample translations of works that the committee assesses belong to the realm of research, education, regional and local history, handbooks, self-help and lifestyle books, dictionaries, catalogues, or similar literature. Sample translations of your own works or text revisions. Projects that were carried out and finished before the expiry of the application deadline.",Sample translations from Danish,"Who may apply? Danish and foreign publishers and agencies. Note: In order to ensure the spreading of art support, you may apply for support for a total of four sample translations. YOU CAN APPLY FOR GRANTS FOR: Sample translation of a Danish work into a foreign language. YOU CANNOT APPLY FOR GRANTS FOR: Sample translations of works that the committee assesses belong to the realm of research, education, regional and local history, handbooks, self-help and lifestyle books, dictionaries, catalogues, or similar literature. Sample translations of your own works or text revisions. Projects that were carried out and finished before the expiry of the application deadline.","12.02.2027, 2:00 PM",2027-12-02,2026-09-23 12:37:25.005467+00:00
kunst_dk_denmark_028cc37c2d3b,kunst_dk_denmark,https://www.kunst.dk/english/funding-programmes/literary-events-and-projects,https://portal.slks.dk/Dashboard/application/CreateApplication?poolId=78e6b196a2b54016bb4b860d421031db,Danish Arts Foundation,"Support for literary events and projects that focus on Danish literature and authors, as well as mentor support and network support for translators.",Litteratur Internationalt International Literature,Support,Denmark,,"mentor support for translators (a fixed amount of DKK 6,000)",,,en,Literary events and projects,"Organisers of literary events, initiatives and literature presentation projects for children, young adults and adults. The project must be based on Danish literature. Translators and publishers may apply for mentor support for translators, and translators may apply for network support.

The authors, illustrators and translators involved must have published at least one work in Danish. Events with audiences must be available to the public and they must be clearly announced. With regard to applications for mentor support, the translator or publisher may apply for a fixed amount of DKK 6,000 for the course of a concrete translation project. With regard to applications for network support, the committee supports activities in local networks of translators who translate from Danish.",Literary events and projects,"Organisers of literary events, initiatives and literature presentation projects for children, young adults and adults. The project must be based on Danish literature. Translators and publishers may apply for mentor support for translators, and translators may apply for network support.

The authors, illustrators and translators involved must have published at least one work in Danish. Events with audiences must be available to the public and they must be clearly announced. With regard to applications for mentor support, the translator or publisher may apply for a fixed amount of DKK 6,000 for the course of a concrete translation project. With regard to applications for network support, the committee supports activities in local networks of translators who translate from Danish.","12.02.2027, 2:00 PM",2027-12-02,2026-09-23 12:37:25.008677+00:00
kunst_dk_denmark_64e7cbaea368,kunst_dk_denmark,https://www.kunst.dk/english/funding-programmes/craft-and-design-projects-in-denmark-and-abroad,https://portal.slks.dk/Dashboard/Login/?returnUrl=/Dashboard/,Danish Arts Foundation,Funding for projects for and with Danish craft and design in Denmark and abroad.,Crafts & Design,Funding,Denmark,,,,,en,Craft and design projects in Denmark and abroad,"The Committee for Craft and Design Project Funding funds artists, designers, curators, authors, promoters, museums, galleries and others with an interest in developing and promoting craft and design in Denmark and Danish craft and design abroad in the form of projects. You can read more about how the committee defines a project under the ""What is the purpose of the programme"" section of this page. Examples of projects that the committee may fund include: Exhibitions and dissemination projects as well as exhibition series and annual programmes that involve works by contemporary artists and designers in Denmark and/or abroad. Residencies and exchange/work stays Production of works Projects that show aesthetic potential and a thorough understanding of a craft, materials and sensuousness Projects that are centered on concrete design solutions to specific problems or projects that are more immaterial or critical in nature. Presentations and all types of dissemination (verbal, written, visual, digital and printed) of the works of contemporary Danish artists and designers to a relevant audience, this includes travel funding and residencies in connection with specific exhibitions and tasks Funding for establishing a business and international cooperation on the production of new types of Danish craft and design products that contribute to demonstrating the special identity and profile of the craft or design Editorial content production for different media: reviews, articles, dissemination of academic research projects etc. Find out more about how to apply if your project combines different art forms. You cannot receive funding for: Activities completed before the application deadline Courses of study/training courses Projects that the committee have previously supported Capital investments and operating expenses Expenses from previous calendar years. That is, only expenses from either the same or upcoming calendar year can be entered into the budget",Craft and design projects in Denmark and abroad,"The Committee for Craft and Design Project Funding funds artists, designers, curators, authors, promoters, museums, galleries and others with an interest in developing and promoting craft and design in Denmark and Danish craft and design abroad in the form of projects. You can read more about how the committee defines a project under the ""What is the purpose of the programme"" section of this page. Examples of projects that the committee may fund include: Exhibitions and dissemination projects as well as exhibition series and annual programmes that involve works by contemporary artists and designers in Denmark and/or abroad. Residencies and exchange/work stays Production of works Projects that show aesthetic potential and a thorough understanding of a craft, materials and sensuousness Projects that are centered on concrete design solutions to specific problems or projects that are more immaterial or critical in nature. Presentations and all types of dissemination (verbal, written, visual, digital and printed) of the works of contemporary Danish artists and designers to a relevant audience, this includes travel funding and residencies in connection with specific exhibitions and tasks Funding for establishing a business and international cooperation on the production of new types of Danish craft and design products that contribute to demonstrating the special identity and profile of the craft or design Editorial content production for different media: reviews, articles, dissemination of academic research projects etc. Find out more about how to apply if your project combines different art forms. You cannot receive funding for: Activities completed before the application deadline Courses of study/training courses Projects that the committee have previously supported Capital investments and operating expenses Expenses from previous calendar years. That is, only expenses from either the same or upcoming calendar year can be entered into the budget","01.03.2027, 2:00 PM",2027-01-03,2026-09-23 12:37:25.012351+00:00
kunsten_be_flanders_1fb6db149626,kunsten_be_flanders,https://www.kunsten.be/en/calls/21st-bucharest-international-jazz-competition-2027/,,jmEvents,Open for: instrumentalists and vocalists of all nationalities,jazz,competition,Romania,Bucharest,The total amount of the prizes is 10.000 Euro: cash and concerts engagements. Grand Prize Winner 1.500 Euro Best Band 500 Euro Best Vocalist 500 Euro Best Jam Session 250 Euro 2 – 3 concerts engagements for one or two finalist bands,The registration fee for one application / group is 140 Euro,,en,21st Bucharest International Jazz Competition 2027,"Open for: instrumentalists and vocalists of all nationalities NEW! Age limit: up to 45 years old ( born after the 1st of July 1982 ). The leader can be older than 45. Bands may have up to 6 performing musicians and they may include: instrumentalists and vocalists instrumentalists vocalists Individual musicians can apply for the Jam Session section. Registration in the competition will be made based on digital documents: Application form – Annex A ( for band ), Annex B ( for each member ), Annex C audio recordings for the competition – mp3 / mp4 format two different group photos, color, landscape format, min 1MB copy of the bank confirmation for the payment of the registration fee short presentation of the group – max. 10 lines, word document copy of passport |identity card for EU citizens, for each group’s member technical rider All digital documents will be sent using https://www.transfernow.net/ as follows: make a folder and name it as your band copy all digital documents in the folder archive / compress the folder ( .zip ) send the folder by https://www.transfernow.net/ to email office@jmevents.ro and jmevents.ro@gmail.com please mention: “Application – band’s name”",21st Bucharest International Jazz Competition 2027,"Open for: instrumentalists and vocalists of all nationalities NEW! Age limit: up to 45 years old ( born after the 1st of July 1982 ). The leader can be older than 45. Bands may have up to 6 performing musicians and they may include: instrumentalists and vocalists instrumentalists vocalists Individual musicians can apply for the Jam Session section. Registration in the competition will be made based on digital documents: Application form – Annex A ( for band ), Annex B ( for each member ), Annex C audio recordings for the competition – mp3 / mp4 format two different group photos, color, landscape format, min 1MB copy of the bank confirmation for the payment of the registration fee short presentation of the group – max. 10 lines, word document copy of passport |identity card for EU citizens, for each group’s member technical rider All digital documents will be sent using https://www.transfernow.net/ as follows: make a folder and name it as your band copy all digital documents in the folder archive / compress the folder ( .zip ) send the folder by https://www.transfernow.net/ to email office@jmevents.ro and jmevents.ro@gmail.com please mention: “Application – band’s name”",01 Mar 2027,2027-03-01,2026-09-23 12:37:25.015247+00:00
kunsten_be_flanders_a923281df709,kunsten_be_flanders,https://www.kunsten.be/en/calls/kooperativa-x-fai-mobility-programme-immerse-yourself-in-the-southeastern-european-arts-sector/,https://www.are.na/login?redirectTo=%2Fward-bosmans%2Fflanders-see-hangout%2Finvite%2Fl05x6flkHjoMWA8_8hRjuw,"Flanders Arts Institute, Kooperativa","From June 2026 to September 2027, Flanders Arts Institute will support artists and arts professionals who wish to immerse themselves in the South-Eastern European arts sector . Together with Kooperativa we’re starting this mobility programme, aiming to deepen our understanding of each other’s sector and practices, to build bridges of exchange and solidarity, and to share the gained experiences with our own arts sectors.","visual arts, performing arts, music and sound",mobility programme,Flanders,,The mobility funding covers: travel; accommodation; per diems; a support of up to 300 euros for the host to cover any costs they might incur. The budgets will be calculated according to Erasmus+ formulas.,,,en,Kooperativa x FAI mobility programme: Immerse yourself in the South-Eastern European arts sector,"This call is for Flemish artists and arts professionals in the fields of visual arts, performing arts, music and sound.",Kooperativa x FAI mobility programme: Immerse yourself in the South-Eastern European arts sector,"This call is for Flemish artists and arts professionals in the fields of visual arts, performing arts, music and sound.",1 March 2027,2027-03-01,2026-09-23 12:37:25.018597+00:00
kunsten_be_flanders_04af2c6c6f4a,kunsten_be_flanders,https://www.kunsten.be/en/calls/want-to-show-your-artwork-in-a-museum-join-nationale-expo-nationale/,https://www.kunsten.be/en/calls/want-to-show-your-artwork-in-a-museum-join-nationale-expo-nationale/,museumPASSmusées,"Nationale Expo Nationale, organised by museumPASSmusées, offers aspiring artists an opportunity to shine.",visual arts,contest,Belgium,Brussels,,,aspiring artists,en,Want to show your artwork in a museum? Join Nationale Expo Nationale!,"Anyone engaged in visual arts can submit an artwork. The winners will take the stage in the beginning of 2027 at Le Botanique extra muros in Brussels.
Who’s the contest for? Everyone aged 18 years or more is welcome to participate. The only request is that your work must be inspired by the theme “natural”. It should explore nature that is not static, but rather grows, migrates, and constantly adapts.",Want to show your artwork in a museum? Join Nationale Expo Nationale!,"Anyone engaged in visual arts can submit an artwork. The winners will take the stage in the beginning of 2027 at Le Botanique extra muros in Brussels.
Who’s the contest for? Everyone aged 18 years or more is welcome to participate. The only request is that your work must be inspired by the theme “natural”. It should explore nature that is not static, but rather grows, migrates, and constantly adapts.",02 Dec 2026,2026-12-02,2026-09-23 12:37:25.021775+00:00
kunsten_be_flanders_0c520b567ceb,kunsten_be_flanders,https://www.kunsten.be/en/calls/call-for-2027-curatorial-research-fellowship/,https://rencontresarles.typeform.com/to/WnwfW8TP,Arles - Les Rencontres de la photographie,"The Rencontres d’Arles curatorial research grant, worth 20,000 euros, is open to all exhibition curators. The selected project will be carried out in two phases: → research phase focusing on an exhibition project. → project production – subject to approval.",image or photography,curatorial research grant,France,Arles,"The grant, worth a maximum of 20,000 euros, consists of: → an initial sum of 5,000 euros in royalties, payable to the winner. → a second sum of 15,000 euros, subject to validation, to produce the project.",,,en,Call for 2027 curatorial research fellowship,The Rencontres d’Arles curatorial research grant is aimed at exhibition curators wishing to carry out an original project relating to image or photography.,Call for 2027 curatorial research fellowship,The Rencontres d’Arles curatorial research grant is aimed at exhibition curators wishing to carry out an original project relating to image or photography.,30 Nov 2026,2026-11-30,2026-09-23 12:37:25.024716+00:00
kunsten_be_flanders_fcf58267129d,kunsten_be_flanders,https://www.kunsten.be/en/calls/open-call-for-support/,https://cryptpad.fr/form/,Indra - intermediary dramaturges,"Are you an artist or collective interested in using technology in your artistic practice and looking for someone to discuss your ideas with, but don’t necessarily have the means to reimburse a dramaturg for such help? Then this open call is for you!",artistic practice,Support,Belgium,,What our free support covers,,Early-stage project development or artist in need of a short consultation,en,Open call for support,Only artists/collectives based in Belgium are eligible,Open call for support,Only artists/collectives based in Belgium are eligible,23 Nov 2026,2026-11-23,2026-09-23 12:37:25.028308+00:00
kunsten_be_flanders_17c494c11db3,kunsten_be_flanders,https://www.kunsten.be/en/calls/european-festivals-fund-for-emerging-artists-effea/,,European Festivals Association (EFA),An initiative of the European Festivals Association – EFA that offers emerging artists a platform to develop their careers on an international level through festivals.,various artistic disciplines,artist-in-residence programme,,,"40 grants of €8,000 will be awarded. 10 grants of €15,000 will be awarded.",,early stages of their careers; artists already established in their own country and ready to develop their careers internationally,en,European Festivals Fund for Emerging Artists – EFFEA,"Through an EFFEA Residency, festivals join hands to foster the success of emerging artists.",European Festivals Fund for Emerging Artists – EFFEA,"Through an EFFEA Residency, festivals join hands to foster the success of emerging artists.",03 Nov 2026,2026-11-03,2026-09-23 12:37:25.031575+00:00
kunsten_be_flanders_1c78c30f66d3,kunsten_be_flanders,https://www.kunsten.be/en/calls/open-call-for-support-by-the-netherlands-embassy-in-belgium/,https://dutchculture.nl/en/news/open-call-support-dutch-embassy-brussels,Netherlands Embassy in Belgium,"Every year, the Netherlands Embassy in Belgium organises several open calls for funding support for all disciplines.","all disciplines; performing arts, contemporary visual arts, the creative industries (especially architecture, design, fashion and digital art), and cultural heritage",open calls for funding support,Belgium,,funding support,,,en,Open call for support by the Netherlands Embassy in Belgium,"Eligible for support are Dutch-Belgian co-projects across all disciplines, but special attention is given to the performing arts, contemporary visual arts, the creative industries (especially architecture, design, fashion and digital art), and cultural heritage. Multidisciplinary projects are also welcome. In addition, the embassy welcomes projects that explore innovative formats and presentation methods, cross-border cultural exchange, and initiatives that promote participation and inclusion, equal rights, and sustainability. Projects must take place in Belgium, unless they involve virtual collaboration. Special attention is given to projects taking place in Wallonia and the Meuse-Rhine Euregion. Note: only the Belgian partner can apply for this funding.",Open call for support by the Netherlands Embassy in Belgium,"Eligible for support are Dutch-Belgian co-projects across all disciplines, but special attention is given to the performing arts, contemporary visual arts, the creative industries (especially architecture, design, fashion and digital art), and cultural heritage. Multidisciplinary projects are also welcome. In addition, the embassy welcomes projects that explore innovative formats and presentation methods, cross-border cultural exchange, and initiatives that promote participation and inclusion, equal rights, and sustainability. Projects must take place in Belgium, unless they involve virtual collaboration. Special attention is given to projects taking place in Wallonia and the Meuse-Rhine Euregion. Note: only the Belgian partner can apply for this funding.",3 November 2026,2026-11-03,2026-09-23 12:37:25.034997+00:00
kunsten_be_flanders_1e4f87dbc5b9,kunsten_be_flanders,https://www.kunsten.be/en/calls/visualise-support-for-international-exhibition-projects-with-ukrainian-partners/,https://ui.org.ua/en/news-en/visualise-2026-international-exhibition-support-programme/,Ukrainian Institute,"A long-term programme by the Ukrainian Institute aimed at supporting exhibition projects outside of Ukraine. The programme provides opportunities of co-programming, co-financing, and communications support to international exhibitions that contribute to promoting the art of Ukraine globally and establishing institutional partnerships.",Art exhibitions,open call,Ukraine,,"The maximum financing per project is up to 1,500,000.00 UAH.",,,en,Visualise – support for international exhibition projects with Ukrainian partners,"The following entities are eligible to apply: legal bodies of all forms of ownership and private entrepreneurs registered in Ukraine with a confirmed prior experience of carrying out projects similar to the submitted one; organisations and companies registered outside of Ukraine, their branch offices and delegations registered and certified in Ukraine with a confirmed institutional capacity and prior experience of carrying out projects similar to the submitted one.

Applications submitted by individuals, legal entities registered both in Ukraine and abroad, related to the aggressor state – the Russian Federation, which is recognized as such in accordance with the Law of Ukraine“ “On the Prohibition of Propaganda of the Russian Nazi Totalitarian Regime, Armed Aggression of the Russian Federation as a Terrorist State against Ukraine, Symbolism of the Military Invasion of the Russian Nazi Totalitarian Regime into Ukraine”№ 2265-ІХ of May 22, 2022, the Republic of Belarus and/or the Islamic Republic of Iran, are considered ineligible, namely: legal entities with beneficiaries who are individuals – citizens of the aggressor state of the Russian Federation, the Republic of Belarus and/or the Islamic Republic of Iran or or legal entities associated with the aggressor state of the Russian Federation and the Republic of Belarus and/or the Islamic Republic of Iran; legal entities or individual enterpreneurs and / or participants of such entities to whom personal special economic and other restrictive measures (sanctions) have been applied in accordance with the Law of Ukraine “On Sanctions” and decisions of the National Security and Defense Council of Ukraine; You can familiarize yourself with the current sanctions list on the website of the Verkhovna Rada of Ukraine at the link: https://zakon.rada.gov.ua/laws/show/n0004525-20#Text legal entities or individual enterpreneurs and / or participants of such entities or individuals who have violated the Law of Ukraine “On Ensuring the Rights and Freedoms of Citizens and the Legal Regime in the Temporarily Occupied Territory of Ukraine” dated 15.04.2014 № 1207-VII.

Technical requirements
The submitted applications must comply with the following technical requirements : The project is being implemented in cooperation between Ukrainian and international institution(s) or organisation(s) (museum, gallery, fair, festival, etc. in the country of the project implementation) that have the institutional capacity and experience in implementing similar projects and / or objects of intellectual property that can be used in the process of carrying out the exhibition project and organising the exhibition.  List of recommended partnership institutions abroad available here . The project is being implemented in one of the Ukrainian Institute’s target countries as of 2026 (The Republic of Poland, the Federal Republic of Germany, the French Republic, the United Kingdom of Great Britain and Northern Ireland, the Slovak Republic, the United States of America, the Kingdom of the Netherlands, the Republic of Lithuania, the Republic of South Africa, the Federative Republic of Brazil, the United Mexican States, the Argentine Republic, the Republic of India, the Republic of Indonesia,Hungary). The Ukrainian Institute reserves the right to implement exhibition projects in other countries on a case-by-case basis. The project showcases Ukrainian photography and/or addresses the overarching themes of the Ukrainian Institute’s activities: Russia’s War Against Ukraine Ukraine’s Recovery and Future Civil Society as the Foundation of Statehood Crimea and the Crimean Tatars Decolonization of culture and reappropriation of cultural heritage Iconic figures, phenomena, and events The Ukrainian Institute reserves the right to support the implementation of selected projects on other topics, depending on the circumstances The start of the project is scheduled no earlier than March 1, 2027. The application is submitted in due time. The application is submitted in accordance with the provided form in Ukrainian (and if necessary in English). All necessary supporting documentation in accordance with the requirements below has been summitted. Each section of the application is filled in without exceeding the number of characters specified in the application form.",Visualise – support for international exhibition projects with Ukrainian partners,"The following entities are eligible to apply: legal bodies of all forms of ownership and private entrepreneurs registered in Ukraine with a confirmed prior experience of carrying out projects similar to the submitted one; organisations and companies registered outside of Ukraine, their branch offices and delegations registered and certified in Ukraine with a confirmed institutional capacity and prior experience of carrying out projects similar to the submitted one.

Applications submitted by individuals, legal entities registered both in Ukraine and abroad, related to the aggressor state – the Russian Federation, which is recognized as such in accordance with the Law of Ukraine“ “On the Prohibition of Propaganda of the Russian Nazi Totalitarian Regime, Armed Aggression of the Russian Federation as a Terrorist State against Ukraine, Symbolism of the Military Invasion of the Russian Nazi Totalitarian Regime into Ukraine”№ 2265-ІХ of May 22, 2022, the Republic of Belarus and/or the Islamic Republic of Iran, are considered ineligible, namely: legal entities with beneficiaries who are individuals – citizens of the aggressor state of the Russian Federation, the Republic of Belarus and/or the Islamic Republic of Iran or or legal entities associated with the aggressor state of the Russian Federation and the Republic of Belarus and/or the Islamic Republic of Iran; legal entities or individual enterpreneurs and / or participants of such entities to whom personal special economic and other restrictive measures (sanctions) have been applied in accordance with the Law of Ukraine “On Sanctions” and decisions of the National Security and Defense Council of Ukraine; You can familiarize yourself with the current sanctions list on the website of the Verkhovna Rada of Ukraine at the link: https://zakon.rada.gov.ua/laws/show/n0004525-20#Text legal entities or individual enterpreneurs and / or participants of such entities or individuals who have violated the Law of Ukraine “On Ensuring the Rights and Freedoms of Citizens and the Legal Regime in the Temporarily Occupied Territory of Ukraine” dated 15.04.2014 № 1207-VII.

Technical requirements
The submitted applications must comply with the following technical requirements : The project is being implemented in cooperation between Ukrainian and international institution(s) or organisation(s) (museum, gallery, fair, festival, etc. in the country of the project implementation) that have the institutional capacity and experience in implementing similar projects and / or objects of intellectual property that can be used in the process of carrying out the exhibition project and organising the exhibition.  List of recommended partnership institutions abroad available here . The project is being implemented in one of the Ukrainian Institute’s target countries as of 2026 (The Republic of Poland, the Federal Republic of Germany, the French Republic, the United Kingdom of Great Britain and Northern Ireland, the Slovak Republic, the United States of America, the Kingdom of the Netherlands, the Republic of Lithuania, the Republic of South Africa, the Federative Republic of Brazil, the United Mexican States, the Argentine Republic, the Republic of India, the Republic of Indonesia,Hungary). The Ukrainian Institute reserves the right to implement exhibition projects in other countries on a case-by-case basis. The project showcases Ukrainian photography and/or addresses the overarching themes of the Ukrainian Institute’s activities: Russia’s War Against Ukraine Ukraine’s Recovery and Future Civil Society as the Foundation of Statehood Crimea and the Crimean Tatars Decolonization of culture and reappropriation of cultural heritage Iconic figures, phenomena, and events The Ukrainian Institute reserves the right to support the implementation of selected projects on other topics, depending on the circumstances The start of the project is scheduled no earlier than March 1, 2027. The application is submitted in due time. The application is submitted in accordance with the provided form in Ukrainian (and if necessary in English). All necessary supporting documentation in accordance with the requirements below has been summitted. Each section of the application is filled in without exceeding the number of characters specified in the application form.",01 Nov 2026,2026-11-01,2026-09-23 12:37:25.038418+00:00
kunsten_be_flanders_d62c210c4b06,kunsten_be_flanders,https://www.kunsten.be/en/calls/premiere-concours/,https://festivita.be/premierecompetition/,FestiVita!,"Dedicated to music performed on period instruments, cs by highlighting the uniqueness of their artistic, scholarly, and interpretive approaches. It is precisely this subtle balance of qualities that the event strives to reveal to an open and enthusiastic audience.",music,competition,Belgium,Brussels,"For this performance, each winning artist will receive a fee of minimum 500 EUR.",,new generation,en,“PREMIÈRE” CONCOURS,"The aim here is to highlight small ensembles of the new generation, capable of bringing the competition’s three objectives—artistic, scientific, and rhetorical—into dialogue with brilliance and originality.",“PREMIÈRE” CONCOURS,"The aim here is to highlight small ensembles of the new generation, capable of bringing the competition’s three objectives—artistic, scientific, and rhetorical—into dialogue with brilliance and originality.",01 Nov 2026,2026-11-01,2026-09-23 12:37:25.042204+00:00
kunsten_be_flanders_2c25abbd7783,kunsten_be_flanders,https://www.kunsten.be/en/calls/premiere-concours-2027/,https://festivita.be/premierecompetition/,FestiVita! Brussels Early Music Festival,"Festi Vita! is excited to announce the 5th edition of the Early Music Competition Première. This year’s theme is “Madrid and Spain” . The event will be held at the Cercle Royal Gaulois in Brussels on February 13, 2027. Check out the requirements and spread the word! The Première Early Music competition on historical instruments seeks to promote young musicians who bring their artistic, scholarly, and rhetorical approach to the fore. It is the subtle balance between all these qualities that the competition seeks to reveal to an open-minded and enthusiastic public. Early music is in a constant flux, and its performance codes keep evolving as performers explore and re-visit historical sources. This competition is an ideal opportunity to refresh early music, to offer it new purposes, and new vitality.",Early Music,competition,Belgium,Brussels,Price,,young musicians,en,Première Concours 2027,"The Première Early Music competition on historical instruments seeks to promote young musicians who bring their artistic, scholarly, and rhetorical approach to the fore.",Première Concours 2027,"The Première Early Music competition on historical instruments seeks to promote young musicians who bring their artistic, scholarly, and rhetorical approach to the fore.",01 Nov 2026,2026-11-01,2026-09-23 12:37:25.045389+00:00
kunsten_be_flanders_9c1b52c8ff2d,kunsten_be_flanders,https://www.kunsten.be/en/calls/open-call-teatri-riflessi-festival-2027-international-short-performance-competition/,https://www.iterculture.eu/en/teatri-riflessi/tr2027/tr12/,Teatri Riflessi Festival,"Teatri Riflessi Festival has opened its 2027 call for short performances: live works no longer than 15 minutes of contemporary dance, theatre, circus or multidisciplinary performance.","contemporary dance, theatre, circus or multidisciplinary performance",International Short Performance Competition,Italy,"Zafferana Etnea, Sicily","Selected works will receive a cachet ranging from €500 to €1,100 (based on the number of performers on stage) and partial support for travel expenses, compete in front of numerous Italian and international professionals (theatre and festival directors, dance networks coordinators, programmers, residency centres, critics and scholars) for several monetary prizes and the possibility of receiving touring and artist residency opportunities.",Free application,,en,Open Call Teatri Riflessi Festival 2027 – International Short Performance Competition,"live works no longer than 15 minutes of contemporary dance, theatre, circus or multidisciplinary performance.",Open Call Teatri Riflessi Festival 2027 – International Short Performance Competition,"live works no longer than 15 minutes of contemporary dance, theatre, circus or multidisciplinary performance.",15 October 2026 (17:00 CEST),2026-10-15,2026-09-23 12:37:25.051715+00:00
kunsten_be_flanders_81744cb359a1,kunsten_be_flanders,https://www.kunsten.be/en/calls/support-for-international-showcasing-of-co-creation-projects/,https://zmina.eu/en/calls/zmina-resilience-showcasing,IZOLYATSIA Foundation (UA) and Malý Berlín (SK) together with Trans Europe Halles (SE),The objective of this call is to support projects that bring artistic and cultural works co-created by Ukrainian and other Creative Europe cultural organisations to wider audiences through public showcasing and presentation events in Ukraine and across other Creative Europe countries.,All creative and cultural sectors except audiovisual,rolling open call,Ukraine and other Creative Europe countries,,"Total funding available: 950,000 € Grant amount: up to 50,000 €, covering up to 90% of total project costs. The remaining 10% must be covered by the applicants as their own contribution in monetary form (not in-kind) and reflected in their accounting statements.",,,en,Support for International Showcasing of co-creation projects,"Funding will be provided to projects featuring co-creations made by partnerships involving at least one organisation from Ukraine and at least one organisation from another Creative Europe country. The projects should maximise the visibility, audience reach, sustainability, and future showcasing potential of these works. Supported projects are expected to include active partner cooperation to adapt showcased works to new audiences, for example by contextualising works, providing translation, involving local artists, experts and communities, conducting parallel programmes, and similar approaches. All creative and cultural sectors are eligible except audiovisual. Project Objectives Showcase and tour co-creations that explore the theme of resilience in any arts or cultural sector except audiovisual. Hold a minimum of 6 public presentation events: at least 3 events in each of at least two countries, one of which must be Ukraine. The presentation events cannot take place in the home city or town of any of the applicant organisations.",Support for International Showcasing of co-creation projects,"Funding will be provided to projects featuring co-creations made by partnerships involving at least one organisation from Ukraine and at least one organisation from another Creative Europe country. The projects should maximise the visibility, audience reach, sustainability, and future showcasing potential of these works. Supported projects are expected to include active partner cooperation to adapt showcased works to new audiences, for example by contextualising works, providing translation, involving local artists, experts and communities, conducting parallel programmes, and similar approaches. All creative and cultural sectors are eligible except audiovisual. Project Objectives Showcase and tour co-creations that explore the theme of resilience in any arts or cultural sector except audiovisual. Hold a minimum of 6 public presentation events: at least 3 events in each of at least two countries, one of which must be Ukraine. The presentation events cannot take place in the home city or town of any of the applicant organisations.",14 Oct 2026,2026-10-14,2026-09-23 12:37:25.054717+00:00
kunsten_be_flanders_80e592b53200,kunsten_be_flanders,https://www.kunsten.be/en/calls/speel-je-showcase-of-pitch-je-project-op-classicalnext-2027/,https://www.classicalnext.org/index.php,Classical:NEXT,The largest global gathering of professionals for all sectors of classical and art music,classical and art music,open call,Poland,Katowice,,,,en,Submit your programme proposal or showcase for Classical:NEXT,"Classical:NEXT 2027 is looking for bold ideas and trailblazing voices for their conference in Katowice, Poland from 11 to 14 May 2027. Whether it’s early or contemporary, traditional or experimental, live or recorded, educational, artistic or focusing on business, what matters is that it’s heading NEXT .",Submit your programme proposal or showcase for Classical:NEXT,"Classical:NEXT 2027 is looking for bold ideas and trailblazing voices for their conference in Katowice, Poland from 11 to 14 May 2027. Whether it’s early or contemporary, traditional or experimental, live or recorded, educational, artistic or focusing on business, what matters is that it’s heading NEXT .",09 Oct 2026,2026-10-09,2026-09-23 12:37:25.057613+00:00
kunsten_be_flanders_ca6c04cf8273,kunsten_be_flanders,https://www.kunsten.be/en/calls/theaterfestival-quartieri-di-vita-napels-zoekt-een-maker-regisseur/,,"Flanders Arts Institute, Flemish Diplomatic Representation in Rome",The ‘ Quartieri di Vita ’ theatre festival (Naples) is looking for a creator/director from Flanders to work with vulnerable groups from the Campania region for two weeks.,performing arts,festival,Italy,Naples,"A per diem of approximately €50.00 per day and an artistic fee of €1,300.00 for the two weeks will be provided.",,,en,‘Quartieri di Vita’ theatre festival (Naples) is looking for a creator/director,"You are active in, and connected to, the Flemish art scene; you have a socially engaged art practice and demonstrable experience of participatory work: working with vulnerable groups. You must be available for the entire period, from 19 to 29 November, on site (departure no later than 18 November and return no earlier than 30 November 2026). It is not essential to speak or understand Italian, but it is an advantage. You are affiliated with an arts organisation in Flanders that works in the field of participation, or you invite an arts organisation in Flanders to follow the process remotely, which has an interest in building relationships with socially engaged practices in the Naples region and in following up on the project after the workshop.",‘Quartieri di Vita’ theatre festival (Naples) is looking for a creator/director,"You are active in, and connected to, the Flemish art scene; you have a socially engaged art practice and demonstrable experience of participatory work: working with vulnerable groups. You must be available for the entire period, from 19 to 29 November, on site (departure no later than 18 November and return no earlier than 30 November 2026). It is not essential to speak or understand Italian, but it is an advantage. You are affiliated with an arts organisation in Flanders that works in the field of participation, or you invite an arts organisation in Flanders to follow the process remotely, which has an interest in building relationships with socially engaged practices in the Naples region and in following up on the project after the workshop.",Friday 2 October at 23:59,2026-10-02,2026-09-23 12:37:25.063598+00:00
kunsten_be_flanders_3511fb00ced1,kunsten_be_flanders,https://www.kunsten.be/en/calls/open-call-voor-collectieven/,https://form.jotform.com/261593458605364,wpZimmer,"A technically-equipped studio space of approx. 18m x 17m A medium sized atelier space with limited technical equipment, also adapted to physical practices of approx. 4m x 13m Shared accommodation for max. 6 people per residency slot. A financial contribution of €5.000 excl. VAT per collective; we expect the budget to be managed by the collective. Beyond the workspace, accommodation and financial contribution, wpZimmer opens up its community as well as its knowledge. We value a reciprocal way of working between the artists and our team.",Your practice does not rely on one discipline or medium; it moves freely between contexts/themes;,Residency,Belgium,,A financial contribution of €5.000 excl. VAT per collective,,,en,Open call voor collectieven,"You are an already existing, new or temporary collective of artists/artworkers based in Belgium with the desire to further develop your collective practice. Your collective consists of min. 3 artists or art workers. You are looking for a space to experiment with collectivity and collective practices; You have a process-oriented approach; in other words, you are not focused on a single project, but rather an emerging practice and/or methodology; Your practice does not rely on one discipline or medium; it moves freely between contexts/themes; Your practice aims to bring people together in non-traditional or innovative ways; it is not based on the classic black box setting or white cube approach. You are interested in nurturing a reciprocal relationship with wpZimmer.",Open call voor collectieven,"You are an already existing, new or temporary collective of artists/artworkers based in Belgium with the desire to further develop your collective practice. Your collective consists of min. 3 artists or art workers. You are looking for a space to experiment with collectivity and collective practices; You have a process-oriented approach; in other words, you are not focused on a single project, but rather an emerging practice and/or methodology; Your practice does not rely on one discipline or medium; it moves freely between contexts/themes; Your practice aims to bring people together in non-traditional or innovative ways; it is not based on the classic black box setting or white cube approach. You are interested in nurturing a reciprocal relationship with wpZimmer.",20 Sep 2026,2026-09-20,2026-09-23 12:37:25.069633+00:00
kunsten_be_flanders_8348a7d5baaf,kunsten_be_flanders,https://www.kunsten.be/en/calls/residency-programme-2027/,https://institutotropical.com/page65686369.html?utm_source=chatgpt.com,Instituto Tropical,"Instituto Tropical invites artists and curators from all disciplines to apply with an ongoing artistic or curatorial research project for one of two residency periods in 2027. The programme offers a space to tropicalize that research through situated processes engaging the land, local communities, and ‘Ancestral Intelligences’ (AI). It offers time for exchange, experimentation, and collective inquiry — fostering encounters with ancient knowledge systems, local arts and craft techniques, scientific knowledge, and eco-social technologies of agriculture within already existing feeding systems. The programme offers a space and time to decolonize the senses, and to explore different economies of perception and attention.",artists and curators from all disciplines,residency programme,,,"The residency costs 900€ – which includes 10 to 12 days accommodation, meals, transport and meetings with experts. Two or three meetings with experts (as mentioned above) Transport to and from CDMX upon arrival/ departure of residency",,,en,Residency Programme 2027,Instituto Tropical invites artists and curators from all disciplines to apply with an ongoing artistic or curatorial research project for one of two residency periods in 2027. The open call residency programme for institutionally or state fund international artists and curators helps to fund the work with indigenous knowledge practitioners and the artistic residencies of first nations artists and curators.,Residency Programme 2027,Instituto Tropical invites artists and curators from all disciplines to apply with an ongoing artistic or curatorial research project for one of two residency periods in 2027. The open call residency programme for institutionally or state fund international artists and curators helps to fund the work with indigenous knowledge practitioners and the artistic residencies of first nations artists and curators.,15 Sep 2026,2026-09-15,2026-09-23 12:37:25.074401+00:00
kunsten_be_flanders_6e69a631d20d,kunsten_be_flanders,https://www.kunsten.be/en/calls/call-for-concepts-steiger-gallery/,https://docs.google.com/forms/d/e/1FAIpQLSdTCGtV5h0Izt9VY1QmrLbIz2Ic3UMYAcip0LuuWJ01W5_qZw/viewform,Steiger Gallery,"The Steiger Gallery is seeking artistic concepts for the Wassergarten at Erlebnisort Reden in Saarland, Germany.",all disciplines,open call,Germany,Saarland,"The total project budget, including artist‘s fee, production, and installation, should range between €2,000 and €60,000.",,emerging and established artists,en,Call for Concepts – Steiger Gallery,"To apply, emerging and established artists from all disciplines are invited to participate. Regional, national, and international submissions are expressly encouraged. The concepts must be feasible for the artists to implement independently. To protect the local wildlife, installations that produce loud bangs are excluded from the application process. Artworks containing racist, anti-Semitic, sexist, transphobic or ableist content, or which are otherwise inhumane or discriminatory, are excluded from participation. The concepts must be suitable for installation in a public outdoor space. In particular, weather conditions and the risk of vandalism must be taken into account when selecting materials and designing the construction.",Call for Concepts – Steiger Gallery,"To apply, emerging and established artists from all disciplines are invited to participate. Regional, national, and international submissions are expressly encouraged. The concepts must be feasible for the artists to implement independently. To protect the local wildlife, installations that produce loud bangs are excluded from the application process. Artworks containing racist, anti-Semitic, sexist, transphobic or ableist content, or which are otherwise inhumane or discriminatory, are excluded from participation. The concepts must be suitable for installation in a public outdoor space. In particular, weather conditions and the risk of vandalism must be taken into account when selecting materials and designing the construction.",13 Sep 2026,2026-09-13,2026-09-23 12:37:25.078813+00:00
kunsten_be_flanders_16f5933a3038,kunsten_be_flanders,https://www.kunsten.be/en/calls/call-project-pitch-session-transnational-ensemble-collaborations/,,field notes,"We invite ensembles, collectives, artists and curators to present projects at the Time to Listen conference that explore creative forms of transnational collaboration in the independent music scene.",independent music scene,project pitches,Germany,Berlin,A fee of €100 gross will be paid for the project presentation.,null,,en,Call: Project Pitch Session – Transnational Ensemble Collaborations,"We invite ensembles, collectives, artists and curators to present projects at the Time to Listen conference that explore creative forms of transnational collaboration in the independent music scene. We are looking for projects and approaches that go beyond conventional (international) co-production models and experiment with new ways of exchanging, producing together and sharing resources. These may include sustainable, solidarity-based or experimental forms of cooperation – between ensembles, within broader networks, or in constellations that deliberately question and rethink existing structures. Of particular interest are approaches that enable long-term collaboration, share knowledge and responsibility, and respond to current ecological, political and financial challenges. Projects at different stages of development are welcome, from initial ideas that are open to additional partners joining, to projects that have already been implemented – whether successfully or, equally welcome, unsuccessfully. We are interested in proposals that open up new perspectives on collaboration across borders and contexts. If you are interested, please send a short abstract (max. 1 page) outlining the project, along with brief information about yourself, by 4 September 2026 via email to info@field-notes.berlin .",Call: Project Pitch Session – Transnational Ensemble Collaborations,"We invite ensembles, collectives, artists and curators to present projects at the Time to Listen conference that explore creative forms of transnational collaboration in the independent music scene. We are looking for projects and approaches that go beyond conventional (international) co-production models and experiment with new ways of exchanging, producing together and sharing resources. These may include sustainable, solidarity-based or experimental forms of cooperation – between ensembles, within broader networks, or in constellations that deliberately question and rethink existing structures. Of particular interest are approaches that enable long-term collaboration, share knowledge and responsibility, and respond to current ecological, political and financial challenges. Projects at different stages of development are welcome, from initial ideas that are open to additional partners joining, to projects that have already been implemented – whether successfully or, equally welcome, unsuccessfully. We are interested in proposals that open up new perspectives on collaboration across borders and contexts. If you are interested, please send a short abstract (max. 1 page) outlining the project, along with brief information about yourself, by 4 September 2026 via email to info@field-notes.berlin .",4 September 2026,2026-09-04,2026-09-23 12:37:25.084506+00:00
kunsten_be_flanders_2a53d6b47ce2,kunsten_be_flanders,https://www.kunsten.be/en/calls/pairing-is-caring-2026-2027-op-zoek-naar-mentors/,https://framaforms.org/paring-is-caring-2026-1778770204,"Flanders Arts Institute, The Gap, NICC","It can be particularly difficult for emerging artists to find their way in the professional field. Through Pairing is Caring , we pair an emerging artist with a more experienced artist or cultural professional (a ‘mentor’), so that knowledge about building an artistic career can be shared.","performing arts, performance art, the visual arts, digital arts and multimedia",Call,,Brussels,,,emerging artists,en,Wanted: Mentors who would like to support emerging artists,This call for applications is aimed exclusively at mentors.,Wanted: Mentors who would like to support emerging artists,This call for applications is aimed exclusively at mentors.,01 Sep 2026,2026-09-01,2026-09-23 12:37:25.088898+00:00
kunsten_be_flanders_32cfae041bea,kunsten_be_flanders,https://www.kunsten.be/en/calls/lichtkunstwerk-voor-het-stadhuis-van-leuven/,https://www.kunsten.be/en/calls/lichtkunstwerk-voor-het-stadhuis-van-leuven/,"City of Leuven, LOV2030, Shift","The City of Leuven, LOV2030 and Shift are looking for an artist (or artist collective) for a new, temporary light artwork on the scaffolding canvas of Leuven’s historic town hall, to be presented during Wintertijd.",light artwork,Commission,Belgium,Leuven,"A budget of € 50,000 is available for this commission, including VAT and production costs.",,,en,Light artwork for Leuven Town Hall,"We are looking for a light sculpture that is aesthetically and conceptually strong, while also being visually appealing and accessible to a broad audience.",Light artwork for Leuven Town Hall,"We are looking for a light sculpture that is aesthetically and conceptually strong, while also being visually appealing and accessible to a broad audience.",1 September 2026,2026-09-01,2026-09-23 12:37:25.093855+00:00
kunsten_be_flanders_027f9c38db13,kunsten_be_flanders,https://www.kunsten.be/en/calls/residency-open-call-2027/,https://arteventura.eu/artists-in-residence/open-call,Arteventura Residency,Arteventura welcomes professional artists from all contemporary disciplines to apply.,all contemporary disciplines,residency,Spain,Corteconcepción (Huelva),This call is for a paid residency.,You do not have to pay the (20 euro) application fee.,professional artists,en,Residency Open Call 2027,"The application is open for all professional artists. Artists can apply individual, as a duo or in group. If you are applying as a duo, both artists have to fill in the application and have to mention the name of their partner. Groups are welcome up to 10 people. • Arteventura offers silence, space and time to engage in research and development. • To get an idea of your personal work we ask to send in a portfolio and a brief description of your artistic practice or research. • Add a motivation letter explaining why you want to stay at arteventura, what you expect from the residency and what you would like to achieve. • Arteventura is a sustainable (of-the-grid) project. We ask the artists to consider this and share our vision. Tell us in a few words how you support this vision. • We encourage artists to share the research or its results at the end of the residency. • We are very pleased when an artist leaves a work, however this is not mandatory. These works will enter the arteventura collection and will be shared with a wider audience. • Arteventura doesn’t receive any financial support. Running a residency has overhead costs and daily running costs. The residency fee contributes to pay a part of these costs. • We encourage selected artists to apply for grants and will provide invitation letters and other relevant information needed.",Residency Open Call 2027,"The application is open for all professional artists. Artists can apply individual, as a duo or in group. If you are applying as a duo, both artists have to fill in the application and have to mention the name of their partner. Groups are welcome up to 10 people. • Arteventura offers silence, space and time to engage in research and development. • To get an idea of your personal work we ask to send in a portfolio and a brief description of your artistic practice or research. • Add a motivation letter explaining why you want to stay at arteventura, what you expect from the residency and what you would like to achieve. • Arteventura is a sustainable (of-the-grid) project. We ask the artists to consider this and share our vision. Tell us in a few words how you support this vision. • We encourage artists to share the research or its results at the end of the residency. • We are very pleased when an artist leaves a work, however this is not mandatory. These works will enter the arteventura collection and will be shared with a wider audience. • Arteventura doesn’t receive any financial support. Running a residency has overhead costs and daily running costs. The residency fee contributes to pay a part of these costs. • We encourage selected artists to apply for grants and will provide invitation letters and other relevant information needed.",30 Aug 2026,2026-08-30,2026-09-23 12:37:25.096890+00:00
kunsten_be_flanders_c218753995d0,kunsten_be_flanders,https://www.kunsten.be/en/calls/nutrimenti_habitat-creativo-2026-tangible-practices-for-being-together/,https://www.associazionedemetra.it/nutrimenti_habitat-creativo-2026/,associazione demetra,Nutrimenti_Habitat Creativo 2026 – “Tangible Practices for Being Together”,"performance, participatory practices, site-specific and community-based projects in urban space",Residency,Italy,Terni,€1000 (gross) artist fee per artist/collective €350 food allowance travel reimbursement logistical and organisational support,,,en,Nutrimenti_Habitat Creativo 2026 – “Tangible Practices for Being Together”,"Participants: up to 3 artists and/or collectives, national and international Scope: performance, participatory practices, site-specific and community-based projects in urban space Conditions: shared accommodation and coworking space",Nutrimenti_Habitat Creativo 2026 – “Tangible Practices for Being Together”,"Participants: up to 3 artists and/or collectives, national and international Scope: performance, participatory practices, site-specific and community-based projects in urban space Conditions: shared accommodation and coworking space",15 Aug 2026,2026-08-15,2026-09-23 12:37:25.100239+00:00
kunsten_be_flanders_022c12b266e3,kunsten_be_flanders,https://www.kunsten.be/en/calls/open-call-carroussa-sonore/,http://forms.gle/Ndt74iNqRyiWJ1cN8,Kunsten,"ARTISTS ARE INVITED TO SUBMIT SOUND WORKS FOR THE OPPORTUNITY TO BE FEATURED IN A CURATED COLLECTIVE SOUND ART PERFORMANCE IN PUBLIC SPACE THROUGH THE SPEAKERS OF CARROUSSA SONORE, A PROJECT BY ARTIST YOUNES BABA-ALI.",sound art,open call,Belgium,Antwerp,A PARTICIPATION HONORARIUM OF €185 (EX.VAT) IS PROVIDED PER PARTICIPATING ARTIST AS PART OF THIS PROJECT.,null,null,en,OPEN CALL CARROUSSA SONORE,"THIS CALL FOR PARTICIPATION IS OPEN TO ANY ARTIST, ASSOCIATION, OR COLLECTIVE OF INTERNATIONAL ARTISTS WITHOUT AGE LIMIT. A PARTICIPATION HONORARIUM OF €185 (EX.VAT) IS PROVIDED PER PARTICIPATING ARTIST AS PART OF THIS PROJECT. CANDIDATES CAN APPLY BY FILLING IN THIS GOOGLE FORM . IMPORTANT NOTE: IN ORDER TO BEABLE TO MAKE THE PAYMENT OF THE FEE WHEN SELECTED, ARTISTS MUSTBEABLE TO INVOICE (EITHER THROUGH THEIR OWN STRUCTURE ORATHIRD PARTY).",OPEN CALL CARROUSSA SONORE,"THIS CALL FOR PARTICIPATION IS OPEN TO ANY ARTIST, ASSOCIATION, OR COLLECTIVE OF INTERNATIONAL ARTISTS WITHOUT AGE LIMIT. A PARTICIPATION HONORARIUM OF €185 (EX.VAT) IS PROVIDED PER PARTICIPATING ARTIST AS PART OF THIS PROJECT. CANDIDATES CAN APPLY BY FILLING IN THIS GOOGLE FORM . IMPORTANT NOTE: IN ORDER TO BEABLE TO MAKE THE PAYMENT OF THE FEE WHEN SELECTED, ARTISTS MUSTBEABLE TO INVOICE (EITHER THROUGH THEIR OWN STRUCTURE ORATHIRD PARTY).",15 Aug 2026,2026-08-15,2026-09-23 12:37:25.103163+00:00
kunsten_be_flanders_c491dbaacb88,kunsten_be_flanders,https://www.kunsten.be/en/calls/open-call-2026-finno-ugric-creative-residency-in-narva/,https://docs.google.com/forms/d/e/1FAIpQLScQMVMcM-I2XeQitlnQq3frY4MTg8ceVSAeREZ1rIu8Qf_0DA/viewform,Narva Art Residency,"Narva Art Residency announces an open call for a Finno-Ugric creative residency, which will take place in late 2026.","visual art, music, theatre, and performance",Residency,Estonia,Narva,"We offer the artist an Erasmus+ per diem allowance, which is 170€ per day (1700€ for the period of the residency, 10 days). The accommodation is provided at NART building for the rate of 45€ per day (450€ for the period of the residency). The Erasmus+ support also covers any costs that go towards the production of the artwork. The reimbursement of the travel costs is provided separately and in addition to the per diems, following the guidelines of the Erasmus+ programme.",,,en,2026 FINNO-UGRIC CREATIVE RESIDENCY IN NARVA,"We are looking for applications from artists and creative people with roots from or strong ties to the Finno-Ugric peoples. The call is open to various creative fields, including visual art, music, theatre, and performance. The residency comes with support from the Erasmus+ programme and is therefore directed to applicants from eligible countries (see the list here ). In 2026, the second edition of the programme will include new features. As before, the selected artist is expected to create a work inspired by Finno-Ugric cultures. Additionally, they will collaborate closely with the Department of Fashion Design of the Estonian Academy of Arts. The collaboration will consist of an open lecture for the academy’s students (1,5h) and two workshops for the fashion design students (5h and 1,5h). From the artist-in-residence we expect a unique contemporary art project that introduces Finno-Ugric culture in a new and engaging form; a willingness to involve the local Narva community and introduce and present their work; engage with the students of EKA and give them a workshop and an open lecture which are connected to the topics of Finno-Ugric cultures, as well as participation in the residency during the period from November 23rd until December 6th. The application should be filled out in English.",2026 FINNO-UGRIC CREATIVE RESIDENCY IN NARVA,"We are looking for applications from artists and creative people with roots from or strong ties to the Finno-Ugric peoples. The call is open to various creative fields, including visual art, music, theatre, and performance. The residency comes with support from the Erasmus+ programme and is therefore directed to applicants from eligible countries (see the list here ). In 2026, the second edition of the programme will include new features. As before, the selected artist is expected to create a work inspired by Finno-Ugric cultures. Additionally, they will collaborate closely with the Department of Fashion Design of the Estonian Academy of Arts. The collaboration will consist of an open lecture for the academy’s students (1,5h) and two workshops for the fashion design students (5h and 1,5h). From the artist-in-residence we expect a unique contemporary art project that introduces Finno-Ugric culture in a new and engaging form; a willingness to involve the local Narva community and introduce and present their work; engage with the students of EKA and give them a workshop and an open lecture which are connected to the topics of Finno-Ugric cultures, as well as participation in the residency during the period from November 23rd until December 6th. The application should be filled out in English.",10 Aug 2026,2026-08-10,2026-09-23 12:37:25.106105+00:00
kunsten_be_flanders_98e9614f22f8,kunsten_be_flanders,https://www.kunsten.be/en/calls/open-call-submission-finno-ugric-creative-residency-in-narva-estonia/,https://www.nart.ee/en/open-call-2026-finno-ugric-creative-residency-in-narva/,Narva Art Residency,"Narva Art Residency announces an open call for a Finno-Ugric creative residency, which will take place in late 2026.","visual art, music, theatre, and performance",residency,Estonia,Narva,"We offer the artist an Erasmus+ per diem allowance, which is 170€ per day (1700€ for the period of the residency, 10 days). This is to cover the accommodation at NART, daily costs and other costs related to the residency. The accommodation is provided at NART building for the rate of 45€ per day (450€ for the period of the residency). The Erasmus+ support also covers any costs that go towards the production of the artwork. The reimbursement of the travel costs is provided separately and in addition to the per diems, following the guidelines of the Erasmus+ programme. The amount depends on the distance between the place of domicile and Narva, Estonia.",,,en,Open Call Submission: Finno-Ugric Creative Residency In Narva (Estonia),"We are looking for applications from artists and creative people with roots from or strong ties to the Finno-Ugric peoples. The call is open to various creative fields, including visual art, music, theatre, and performance. The residency comes with support from the Erasmus+ programme and is therefore directed to applicants from eligible countries (see the list here ). In 2026, the second edition of the programme will include new features. As before, the selected artist is expected to create a work inspired by Finno-Ugric cultures. Additionally, they will collaborate closely with the Department of Fashion Design of the Estonian Academy of Arts. The collaboration will consist of an open lecture for the academy’s students (1,5h) and two workshops for the fashion design students (5h and 1,5h). From the artist-in-residence we expect a unique contemporary art project that introduces Finno-Ugric culture in a new and engaging form; a willingness to involve the local Narva community and introduce and present their work; engage with the students of EKA and give them a workshop and an open lecture which are connected to the topics of Finno-Ugric cultures, as well as participation in the residency during the period from November 23rd until December 6th.",Open Call Submission: Finno-Ugric Creative Residency In Narva (Estonia),"We are looking for applications from artists and creative people with roots from or strong ties to the Finno-Ugric peoples. The call is open to various creative fields, including visual art, music, theatre, and performance. The residency comes with support from the Erasmus+ programme and is therefore directed to applicants from eligible countries (see the list here ). In 2026, the second edition of the programme will include new features. As before, the selected artist is expected to create a work inspired by Finno-Ugric cultures. Additionally, they will collaborate closely with the Department of Fashion Design of the Estonian Academy of Arts. The collaboration will consist of an open lecture for the academy’s students (1,5h) and two workshops for the fashion design students (5h and 1,5h). From the artist-in-residence we expect a unique contemporary art project that introduces Finno-Ugric culture in a new and engaging form; a willingness to involve the local Narva community and introduce and present their work; engage with the students of EKA and give them a workshop and an open lecture which are connected to the topics of Finno-Ugric cultures, as well as participation in the residency during the period from November 23rd until December 6th.",10 Aug 2026,2026-08-10,2026-09-23 12:37:25.109141+00:00
kunsten_be_flanders_77d04eb32770,kunsten_be_flanders,https://www.kunsten.be/en/calls/open-call-broedfestival-2027/,https://broedfestival.be/3/,Festival Stout vzw,"Have you been working on something for a while and would like to showcase your work at BROEDfestival? Great! Use this form to register for the 2027 Open Call, which gives you the opportunity to participate in BROEDfestival on February 22 and/or 23. BROEDfestival offers performing artists the chance to perform on one of our two festival days. Visual artists and multimedia creators can exhibit their work continuously in the hallways and spaces of c o r s o. If you showcase your work at BROED, you’ll be compensated for it and can access limited funding to further develop your work.",performing artists; visual artists; multimedia creators,open call; festival,,,you’ll be compensated for it and can access limited funding to further develop your work,,artists who haven’t yet had the chance to fully break into the professional sector,en,Open Call BROEDfestival 2027,"Because BROEDfestival aims primarily to support artists who haven’t yet had the chance to fully break into the professional sector, you and your project must meet the following requirements to submit an application: You are over 18 years of age. You have not received any major or structured grants or scholarships for the project you wish to submit. You do not yet have a (co-)producer for your project, nor an organization under whose wing you can create. Your artistic career is still in its relative infancy.",Open Call BROEDfestival 2027,"Because BROEDfestival aims primarily to support artists who haven’t yet had the chance to fully break into the professional sector, you and your project must meet the following requirements to submit an application: You are over 18 years of age. You have not received any major or structured grants or scholarships for the project you wish to submit. You do not yet have a (co-)producer for your project, nor an organization under whose wing you can create. Your artistic career is still in its relative infancy.",01 Aug 2026,2026-08-01,2026-09-23 12:37:25.112199+00:00
kunsten_be_flanders_5a5e4ce2e090,kunsten_be_flanders,https://www.kunsten.be/en/calls/gezocht-opkomende-kunstenaars-die-op-zoek-zijn-naar-begeleiding/,https://framaforms.org/pairing-is-caring-2026-application-1781945486,"Kunstenpunt, The Gap, NICC","It can be particularly difficult for emerging artists to find their way in the professional field. Through Pairing is Caring , we pair an emerging artist with a more experienced artist or cultural professional (a ‘mentor’), so that knowledge about building an artistic career can be shared.","performing arts, performance art, visual arts, digital arts and multimedia",Call,Belgium,Brussels,,,emerging artists,en,Wanted: Emerging artists looking for guidance in the arts field,"Artists We focus on the performing arts, performance art, the visual arts, digital arts and multimedia .",Wanted: Emerging artists looking for guidance in the arts field,"Artists We focus on the performing arts, performance art, the visual arts, digital arts and multimedia .",30 Jul 2026,2026-07-30,2026-09-23 12:37:25.115828+00:00
kunsten_be_flanders_217b1f327dad,kunsten_be_flanders,https://www.kunsten.be/en/calls/ma-hoe-werkt-het-eigenlijk/,https://wp.assets.sh/uploads/sites/4718/2026/04/MAhoe_engels.pdf,MA Festival,During MA Festival 2026 you get the chance to talk to musicians and experts about what’s on your mind. You will also get a look behind the scenes by joining the volunteer crew for a few days.,performing music,Training,Belgium,Bruges,"Catering: we will provide meals for you from Tuesday 29/07 until Sunday evening 03/08. Accommodation: you will be accommodated free of charge in Bruges at boarding school Palaestra (check-in Monday 27/07 – check-out Monday 03/08). For the time you volunteer, you will receive an expense allowance of €11 per 4-hour shift You will receive a ticket for the opening concert of MA Festival on 01/08",,master’s degree or have just graduated,en,MA hoe werkt het eigenlijk? (‘But how does it work?’),"You are a performing musician
You are pursuing a master’s degree or have just graduated as a musician
You are building a career in Flanders or Brussels. Because some of the topics we will discuss (such as the different statutes or developing projects) are tied to a specific context, we believe the workshop will be most useful for those who work or will work in this context. Specifically, the workshop is intended for those who:
have studied or are studying at a Flemish or Brussels Conservatoire.
want to build a career in Flanders or Brussels.
You work with early music",MA hoe werkt het eigenlijk? (‘But how does it work?’),"You are a performing musician
You are pursuing a master’s degree or have just graduated as a musician
You are building a career in Flanders or Brussels. Because some of the topics we will discuss (such as the different statutes or developing projects) are tied to a specific context, we believe the workshop will be most useful for those who work or will work in this context. Specifically, the workshop is intended for those who:
have studied or are studying at a Flemish or Brussels Conservatoire.
want to build a career in Flanders or Brussels.
You work with early music",20 Jul 2026,2026-07-20,2026-09-23 12:37:25.118645+00:00
kunsten_be_flanders_b75775a347f7,kunsten_be_flanders,https://www.kunsten.be/en/calls/open-call-for-artists-art-educators/,https://reon-space.com/air,REON,"REON is excited to announce that it is now accepting applications from international art practitioners & educators, working across diverse approaches to clay & ceramics, for its upcoming residency in September-October 2026 in Corfu island. An independent small scale program, and taking place in the mountainous village of Porta on the island of Corfu, it offers an open-ended environment for work, research and play.",clay & ceramics,Residency,Corfu island,Porta,"Provided by REON: Accommodation, access to a fully equipped ceramics studio, basic materials, facilitation and collaborative support, transportation ** Covered by the artist Vehicle rental (essential), food & personal expenses, extended material costs (excluding materials used in community projects, a voluntary contribution for utility costs, transportation ** Transportation ** Transportation costs for the Artist Educator Residency or a Combined Residency are fully covered. For the Artist Residency, there is a possibility that transportation expenses may also be covered fully or partially, depending on the available budget and whether the proposed project includes elements of engagement with local children.",15 Euro (to be payed via bank transfer),"Recent graduates are welcome to apply, as well as individuals who have gotten through a gap in their career, without need for further justification.",en,Open call for artists & art educators,"REON is excited to announce that it is now accepting applications from international art practitioners & educators, working across diverse approaches to clay & ceramics, for its upcoming residency in September-October 2026 in Corfu island. REON is keen to welcome professionals such as artists, researchers, designers, architects and other practitioners working across diverse approaches to clay. Recent graduates are welcome to apply, as well as individuals who have gotten through a gap in their career, without need for further justification. While the program centers on clay, we also consider proposals that do not directly engage with the material, but respond thoughtfully to the islandic context.",Open call for artists & art educators,"REON is excited to announce that it is now accepting applications from international art practitioners & educators, working across diverse approaches to clay & ceramics, for its upcoming residency in September-October 2026 in Corfu island. REON is keen to welcome professionals such as artists, researchers, designers, architects and other practitioners working across diverse approaches to clay. Recent graduates are welcome to apply, as well as individuals who have gotten through a gap in their career, without need for further justification. While the program centers on clay, we also consider proposals that do not directly engage with the material, but respond thoughtfully to the islandic context.",05 Jul 2026,2026-07-05,2026-09-23 12:37:25.121448+00:00
kunsten_be_flanders_b9f09f8cf7be,kunsten_be_flanders,https://www.kunsten.be/en/calls/open-call-architect-in-residence-galicia-spain/,https://ocastroartvillage.com/open-call-architect-residency-o-castro-art-village/,O Castro Art Village,"We are inviting one architect to spend 30 days here during October 2026; not to rebuild, but to look, to measure, and to develop a site-specific spatial intervention study rooted in this place: its vernacular stone construction, its forest, its particular relationship between what was built and what grows.",architecture,Residency,Spain,Galicia,"Travel allowance €400 (€800 over 5,000 km) Daily allowance €30/day Accommodation on site Mentorship",,,en,"Open Call: Architect in Residence Galicia, Spain",Legal resident of a European country other than Spain. Full 30-day availability required.,"Open Call: Architect in Residence Galicia, Spain",Legal resident of a European country other than Spain. Full 30-day availability required.,05 Jul 2026,2026-07-05,2026-09-23 12:37:25.125128+00:00
kunsten_be_flanders_a47b959955e3,kunsten_be_flanders,https://www.kunsten.be/en/calls/open-call-sound-artist-in-residence-galicia-spain/,https://ocastroartvillage.com/open-call-sound-artist-residency-o-castro-art-village/,O Castro Art Village,"We are inviting one sound artista or musician to spend 30 days here during October 2026 to develop a permanent sound installation across the village, accessible through QR codes placed at specific points in the landscape. Not a guided tour: a second presence, a sonic layer that visitors find as they move through the site.",Sound art / musician,Residency,Spain,Galicia,"Travel allowance €400 (€800 over 5,000 km) Daily allowance €30/day Accommodation on site Mentorship",,,en,"Open Call: Sound Artist in Residence Galicia, Spain",Legal resident of a European country other than Spain. Full 30-day availability required.,"Open Call: Sound Artist in Residence Galicia, Spain",Legal resident of a European country other than Spain. Full 30-day availability required.,05 Jul 2026,2026-07-05,2026-09-23 12:37:25.127887+00:00
kunsten_be_flanders_9b98d1b06cf2,kunsten_be_flanders,https://www.kunsten.be/en/calls/open-call-visual-mixed-media-artist-in-residence-galicia-spain/,https://ocastroartvillage.com/open-call-visual-artist-residency-o-castro-art-village/,O Castro Art Village,"We are inviting one visual or mixed-media artist, with a particular interest in video or expanded image practices to spend 30 days here during October 2026 and develop a permanent installation integrated into the ruins or the landscape.",Visual / Mixed-Media,Residency,Spain,Galicia,"Travel allowance €400 (€800 over 5,000 km) Daily allowance €30/day Accommodation on site Mentorship",,,en,"Open Call: Visual / Mixed-Media Artist in Residence Galicia, Spain",Legal resident of a European country other than Spain. Full 30-day availability required.,"Open Call: Visual / Mixed-Media Artist in Residence Galicia, Spain",Legal resident of a European country other than Spain. Full 30-day availability required.,05 Jul 2026,2026-07-05,2026-09-23 12:37:25.131072+00:00
kunsten_be_flanders_696dbc1b4c63,kunsten_be_flanders,https://www.kunsten.be/en/calls/open-call-temporary-centre-for-shared-practice/,,Kunsthal Gent,"Are you a Ghent-based visu­al artist under 30 , loo­king for a tem­po­ra­ry workspa­ce, a pla­ce for try-outs, and a col­lec­ti­ve wor­king atmos­p­he­re? From Sep­tem­ber until the end of Decem­ber 2026 , Kunst­hal Gent will trans­form into a sha­red workspace. We invi­te young artists to research, expe­ri­ment, get to know one ano­ther, and col­la­bo­ra­te.",visual arts,open call,Belgium,Ghent,"We offer a sha­red struc­tu­re, time, com­pa­ny, and support.",,young artists,en,Temporary centre for shared practice,"You are 30 years old or youn­ger . You hold a degree in hig­her arts edu­ca­ti­on (visu­al arts) . Any­o­ne gra­du­a­ting by Sep­tem­ber 2026 is wel­come to apply. You have a con­nec­ti­on to Ghent : you live in Ghent, have a studio or a gal­le­rist here, or recent­ly gra­du­a­ted from a Ghent art academy. You recog­ni­ze the value of a sup­por­ti­ve art field and the power of collaboration.",Temporary centre for shared practice,"You are 30 years old or youn­ger . You hold a degree in hig­her arts edu­ca­ti­on (visu­al arts) . Any­o­ne gra­du­a­ting by Sep­tem­ber 2026 is wel­come to apply. You have a con­nec­ti­on to Ghent : you live in Ghent, have a studio or a gal­le­rist here, or recent­ly gra­du­a­ted from a Ghent art academy. You recog­ni­ze the value of a sup­por­ti­ve art field and the power of collaboration.","Sunday, July 5, 2026, 23:59",2026-07-05,2026-09-23 12:37:25.135343+00:00
kunsten_be_flanders_57552991f169,kunsten_be_flanders,https://www.kunsten.be/en/calls/prima-la-musica-zoekt-jong-talent-vijfde-editie-jubileum-2/,https://www.primalamusica.be/young-talent,Prima La Musica,"Prima La Musica, the chamber orchestra led by composer/conductor Dirk Brossé, is once again offering young musicians who aspire a professional career, six months of intensive coaching. This career boosting opportunity (fifth edition!) will unfold in various phases: one-on-one workshops, covering different aspects of the profession; artistic coaching; and a closing concert at Muziekcentrum De Bijloke (Ghent) on December 9th, 2026.",musicians,Workshop,Belgium,Ghent,,,young musicians who aspire a professional career,en,Prima La Musica seeks young talent (fifth edition),young musicians who aspire a professional career,Prima La Musica seeks young talent (fifth edition),young musicians who aspire a professional career,01 Jul 2026,2026-07-01,2026-09-23 12:37:25.138707+00:00
kunsten_be_flanders_15a23e278f66,kunsten_be_flanders,https://www.kunsten.be/en/calls/open-call-full-spectrum-curatorship-programme-2026/,https://docs.google.com/forms/d/e/1FAIpQLSd9E3PEevHy8rzvKY0g84qYX2-YZcWXLar8lZwDW_7_WxIghg/viewform?usp=sharing&ouid=108158982485858052890,IMPAKT [Centre for Media Culture],"IMPAKT [Centre for Media Culture] invites emerging and aspiring curators with an interest in media art, digital culture, and the intersection of technology and society to apply for the Full Spectrum Curatorship Programme.","media art, digital culture, and the intersection of technology and society",Training,Netherlands,Utrecht,"During the final phase of the programme, participants will receive an €800 stipend to support the preparation of their final project proposal.",The fee for participation is €400.,"Recent graduates, as well as aspiring and emerging curators",en,Open Call Full Spectrum Curatorship Programme 2026,"Recent graduates, as well as aspiring and emerging curators, are invited to apply. Participants are expected to attend all sessions, including those in which fellow participants present and discuss their projects. Alongside the collective sessions, participants will take part in mentor sessions, either individually or in duos. The programme requires a minimum commitment of 8 hours per week, including preparation, research, and independent work. Please note that all sessions will be held in English.",Open Call Full Spectrum Curatorship Programme 2026,"Recent graduates, as well as aspiring and emerging curators, are invited to apply. Participants are expected to attend all sessions, including those in which fellow participants present and discuss their projects. Alongside the collective sessions, participants will take part in mentor sessions, either individually or in duos. The programme requires a minimum commitment of 8 hours per week, including preparation, research, and independent work. Please note that all sessions will be held in English.","23:59 (CET), 1 July 2026",2026-09-23,2026-09-23 12:37:25.146446+00:00
kunsten_be_flanders_f3813b0a41ba,kunsten_be_flanders,https://www.kunsten.be/en/calls/prima-la-musica-zoekt-jong-talent-vijfde-editie-jubileum/,https://www.primalamusica.be/young-talent,Prima La Musica,"Prima La Musica, the chamber orchestra led by composer/conductor Dirk Brossé, is once again offering young musicians who aspire a professional career, six months of intensive coaching. This career boosting opportunity (fifth edition!) will unfold in various phases: one-on-one workshops, covering different aspects of the profession; artistic coaching; and a closing concert at Muziekcentrum De Bijloke (Ghent) on December 9th, 2026. At this closing concert, the selected soloist will perform a work of his or her choosing together with Prima La Musica and the selected conductor will conduct one of the works selected for the concert programme. A unique opportunity for ambitious young musicians.",young musicians,call,Belgium,Ghent,six months of intensive coaching,,young musicians,en,Prima La Musica seeks young talent (fifth edition),young musicians who aspire a professional career,Prima La Musica seeks young talent (fifth edition),young musicians who aspire a professional career,01 Jul 2026,2026-07-01,2026-09-23 12:37:25.149449+00:00
kunsten_be_flanders_3792b5c76856,kunsten_be_flanders,https://www.kunsten.be/en/calls/summer-2026-international-open-call-for-visual-artists-in-andalusia-spain/,https://rec-on.es/artist-residency/,REC.ON,This call is for a paid residency.,visual artists,Residency,Spain,Almeria,This call is for a paid residency.,,,en,Summer 2026 International Open Call for Visual Artists in Andalusia (Spain),Audience: professional visual artists internationally,Summer 2026 International Open Call for Visual Artists in Andalusia (Spain),Audience: professional visual artists internationally,30 Jun 2026,2026-06-30,2026-09-23 12:37:25.152375+00:00
kunsten_be_flanders_dc652541cc80,kunsten_be_flanders,https://www.kunsten.be/en/calls/kunstenpunt-zoekt-beelden-uit-het-kunstenveld/,,Flanders Arts Institute,Flanders Arts Institute is launching a call for relevant and representative images of the arts sector . These images should reflect the current cultural landscape whilst also giving visibility to diverse stakeholders within the sector.,Visual Arts Classical music Performing Arts,call,,,you will receive a one-off payment of €50 if we use one of your images,,,en,Flanders Arts Institute is looking for images of the arts sector,Anyone who feels called upon to contribute to representative visual communication is welcome to take part: from amateur photographers to professionals or arts organisations. We ask that you submit a maximum of three images related to one of our disciplines: Visual Arts Classical music Performing Arts,Flanders Arts Institute is looking for images of the arts sector,Anyone who feels called upon to contribute to representative visual communication is welcome to take part: from amateur photographers to professionals or arts organisations. We ask that you submit a maximum of three images related to one of our disciplines: Visual Arts Classical music Performing Arts,30 Jun 2026,2026-06-30,2026-09-23 12:37:25.155547+00:00
kunsten_be_flanders_a8b33f98769e,kunsten_be_flanders,https://www.kunsten.be/en/calls/contrapuncta-composition-contest-2026-edition/,https://www.helloasso.com/associations/association-contrapuncta/evenements/concours-de-composition,Association Contrapuncta,"In order to promote the musical creation of today, the association Contrapuncta launches a call for compositions for solo piano.",music,composition contest,,,The rewards are as follows : – The Jury prize: 1000€ – The Public prize: 500€,€35,,en,Contrapuncta composition contest – 2026 Edition,"The contest is open to all persons, without restriction of nationality or age. The musical scores are anonymous so that only the works are judged. It is possible to present several works. The proposed work must be original, written for solo piano (2 hands), with a duration between 6 minutes and 12 minutes and not have been commercially exploited.",Contrapuncta composition contest – 2026 Edition,"The contest is open to all persons, without restriction of nationality or age. The musical scores are anonymous so that only the works are judged. It is possible to present several works. The proposed work must be original, written for solo piano (2 hands), with a duration between 6 minutes and 12 minutes and not have been commercially exploited.",30 Jun 2026,2026-06-30,2026-09-23 12:37:25.158561+00:00
kunsten_be_flanders_5dcf621a062f,kunsten_be_flanders,https://www.kunsten.be/en/calls/soundpainting-academy/,https://docs.google.com/forms/d/e/1FAIpQLSfWGqo-EjWJKCndCTLq7KUy1iJenkCcJboj_pCl4MYvnk8lxA/viewform,"MATRIX centrum voor nieuwe muziek, Muziekcentrum De Bijloke",Soundpainting is een multidisciplinaire gebarentaal waarbij live gecreëerd wordt.,music,Training,Belgium,Gent,,€200,,en,Soundpainting Academy,"Leerkrachten uit het DKO of (professionele) muzikanten die de taal van soundpainting willen toepassen in de eigen les- of artistieke praktijk. Tijdens de tweede editie van deze academy moedigen we, naast muzikanten, ook dansers en performers aan om deel te nemen.",Soundpainting Academy,"Leerkrachten uit het DKO of (professionele) muzikanten die de taal van soundpainting willen toepassen in de eigen les- of artistieke praktijk. Tijdens de tweede editie van deze academy moedigen we, naast muzikanten, ook dansers en performers aan om deel te nemen.",30 Jun 2026,2026-06-30,2026-09-23 12:37:25.161506+00:00
kunsten_be_flanders_7858eb98a09d,kunsten_be_flanders,https://www.kunsten.be/en/calls/tussenruimte-zoekt-kunstenaars-voor-festival-de-kunst-van-rouw/,https://forms.gle/x2goSp6KNzq3RVms9,Tussenruimte,"Tussenruimte (Berchem) is looking for artists to take part in a co-creation and festival: De Kunst van Rouw (November 7–15 2026). Together with RetroRouw vzw, we are organising a multi-day arts festival around grief and loss. Through three collective meet-ups, we build towards a group exhibition together.","All artistic disciplines are welcome — visual art, performance, music, poetry, photography, and food.",festival,,Berchem,,,Both emerging and established artists are encouraged to apply.,en,Tussenruimte is looking for artists,"All artistic disciplines are welcome — visual art, performance, music, poetry, photography, and food. Both emerging and established artists are encouraged to apply.",Tussenruimte is looking for artists,"All artistic disciplines are welcome — visual art, performance, music, poetry, photography, and food. Both emerging and established artists are encouraged to apply.",30 June.,2027-06-30,2026-09-23 12:37:25.164319+00:00
kunsten_be_flanders_32c6d7691640,kunsten_be_flanders,https://www.kunsten.be/en/calls/open-call-what-the-drag-performers/,https://forms.gle/iY2WMSgNikUfNWTUA,Dwaalzin,"What the Drag?! is a volunteer-led project from Dwaalzin that creates a platform for emerging drag performers and queer voices. We aim to give beginning drag artists the space to experiment, perform, and connect with others, while introducing drag as an art form to a wider audience in an accessible and welcoming way.",drag,performance opportunity,Belgium,Brussels,Compensation: €100 for one act €130 for two acts,,emerging,en,Open call – What the Drag?! performers,"We are looking for emerging drag performers (of all styles and backgrounds). You can apply with limited or growing experience, this platform is specifically intended as a space to experiment, try out ideas, and grow as an artist. We welcome applicants of all identities, bodies, and backgrounds. If you have specific needs or questions regarding accessibility, we are open to discussing this together.",Open call – What the Drag?! performers,"We are looking for emerging drag performers (of all styles and backgrounds). You can apply with limited or growing experience, this platform is specifically intended as a space to experiment, try out ideas, and grow as an artist. We welcome applicants of all identities, bodies, and backgrounds. If you have specific needs or questions regarding accessibility, we are open to discussing this together.",28 Jun 2026,2026-06-28,2026-09-23 12:37:25.167364+00:00
kunsten_be_flanders_2dc1c2458880,kunsten_be_flanders,https://www.kunsten.be/en/calls/residency-the-resonant-garden/,,Kasteel Wijlre estate,"Kasteel Wijlre estate invites international artists to apply for The Resonant Garden, a three-month residency set within the green surroundings of Kasteel Wijlre estate’s grounds and gardens.",artists,Residency,the Netherlands,Wijlre,"The residency includes a stipend of € 800,- per month for three months, and a production and research compensation of max. € 2,000,-.",,,en,Residency – The Resonant Garden,"This call is open to artists living in the EU with both research- and studio-based practices who wish to engage with the garden as a metaphor, a method and/or a material environment. Applicants should embrace and value the rural location and the sense of quiet and relative isolation that living and working on a country estate entail.",Residency – The Resonant Garden,"This call is open to artists living in the EU with both research- and studio-based practices who wish to engage with the garden as a metaphor, a method and/or a material environment. Applicants should embrace and value the rural location and the sense of quiet and relative isolation that living and working on a country estate entail.",28 Jun 2026,2026-06-28,2026-09-23 12:37:25.170322+00:00
kunsten_be_flanders_6fb802635c01,kunsten_be_flanders,https://www.kunsten.be/en/calls/open-call-ruimte-voor-je-artistieke-praktijk/,https://www.kuleuven.be/english/culture/bacartlab/opencall/opencall-2026-2027,BAC ART LAB / KU Leuven,"Beeldende kunstenaars, audiovisuele kunstenaars en designers kunnen gratis een atelierruimte in BAC ART LAB aanvragen. Ook podiumkunstenaars en performers kunnen in onze kunstenwerkplaats repeteren en hun werk tonen.","Beeldende kunstenaars, audiovisuele kunstenaars en designers; podiumkunstenaars en performers",open call,Belgium,Leuven,gratis een atelierruimte in BAC ART LAB,no fee,,en,Open call: space for your artistic practice,Studeer je of werk je volgend academiejaar aan Associatie KU Leuven (incl. LUCA School of Arts)? Ben je op zoek naar een ruimte voor je artistieke praktijk?,Open call: space for your artistic practice,Studeer je of werk je volgend academiejaar aan Associatie KU Leuven (incl. LUCA School of Arts)? Ben je op zoek naar een ruimte voor je artistieke praktijk?,22 Jun 2026,2026-06-22,2026-09-23 12:37:25.173622+00:00
kunsten_be_flanders_ff06696af524,kunsten_be_flanders,https://www.kunsten.be/en/calls/showcase-your-work-to-the-european-early-music-sector/,,Kunstenpunt,"This call is seeking four early music ensembles . During REMA, the selected artists will have the opportunity to give a short 25-minute concert in the Chamber Music Hall at Concertgebouw Brugge.",early music,open call,Flanders or Brussels,Brugge,"In addition to the concert, we are offering a fee of 250 euros and an expense allowance; advice and support before, during and after the Early Music Summit; access to the Early Music Summit.",null,,en,Showcase your work to the European early music sector,"This call is aimed at early music soloists and ensembles who are ready to further internationalise their activities. We are specifically targeting ensembles based in Flanders or Brussels that have not yet received structural funding , but which already have an active programme of productions and concerts.

The soloist or the ensemble plays early music; is active in Flanders and Brussels; is available on 25 or 26 November 2026; is not systematically supported under the Arts Decree.",Showcase your work to the European early music sector,"This call is aimed at early music soloists and ensembles who are ready to further internationalise their activities. We are specifically targeting ensembles based in Flanders or Brussels that have not yet received structural funding , but which already have an active programme of productions and concerts.

The soloist or the ensemble plays early music; is active in Flanders and Brussels; is available on 25 or 26 November 2026; is not systematically supported under the Arts Decree.",15 Jun 2026,2026-06-15,2026-09-23 12:37:25.176367+00:00
kunsten_be_flanders_24c1762e9c89,kunsten_be_flanders,https://www.kunsten.be/en/calls/design-the-worlds-first-permanent-public-memorial-dedicated-to-the-victims-of-the-climate-crisis/,https://www.climatejusticeforrosa.org/open-call,"Climate Justice for Rosa, Greenpeace, Amnesty International, Oxfam and the Climate Coalition","We are calling upon artists, architects, designers, scenographers, and creative collectives to contribute to the creation of a public memorial dedicated to the victims of the global climate crisis.","artists, architects, designers, scenographers, and creative collectives",Commission,Belgium,Brussels,"The estimated production budget we can currently foresee is around €25,000 . At this stage, approximately €20,000 has already been secured.",,,en,Design the World’s First Permanent Public Memorial Dedicated to the Victims of the Climate Crisis,"We are currently looking for expressions of interest . At this preliminary stage, we require answers to the following questions: Are you interested in contributing to this project? Are you available to actively engage in the process over the coming weeks? Can you commit to delivering a first concept proposal by July 1st, 2026 ? Your first conceptual proposal may include: Sketches, conceptual notes, or baseline visualizations.",Design the World’s First Permanent Public Memorial Dedicated to the Victims of the Climate Crisis,"We are currently looking for expressions of interest . At this preliminary stage, we require answers to the following questions: Are you interested in contributing to this project? Are you available to actively engage in the process over the coming weeks? Can you commit to delivering a first concept proposal by July 1st, 2026 ? Your first conceptual proposal may include: Sketches, conceptual notes, or baseline visualizations.",15 Jun 2026,2026-06-15,2026-09-23 12:37:25.180501+00:00
kunsten_be_flanders_73af767aad70,kunsten_be_flanders,https://www.kunsten.be/en/calls/a-work-for-kanal-before-kanal-opens/,https://forms.gle/kBDDPC2bH5g9zB6z9,KANAL–Centre Pompidou,"In September 2026, before its public opening, KANAL–Centre Pompidou hosts Zero Horizon , a new iteration of Miniature by Alexander Schellow and David Weber-Krebs. The project takes place in a museum building in transition, between completion and public activation. We are looking for twelve participants for a process-based performative work combining workshops, rehearsals, and performative encounters.",performance,Open call,Belgium,Brussels,Participants will receive a fee based on an estimated average rate of €27 per hour of active performance time. Catering will be provided during workshop and rehearsal days.,,,en,A work for KANAL before KANAL opens,No prior professional experience in performance is required. Participants contribute to situated individual and speculative narratives embedded in the architectural and institutional context. A connection to the local context and openness to collaborative work are essential.,A work for KANAL before KANAL opens,No prior professional experience in performance is required. Participants contribute to situated individual and speculative narratives embedded in the architectural and institutional context. A connection to the local context and openness to collaborative work are essential.,14 Jun 2026,2026-06-14,2026-09-23 12:37:25.186918+00:00
kunsten_be_flanders_9b6a847d32f1,kunsten_be_flanders,https://www.kunsten.be/en/calls/pitch-your-idea-during-the-zminaresilience-x-benelux-networking-session/,https://platform.izolyatsia.org/en/events/zmina-benelux-2026/,"Creative Europe Desks of Flanders, Wallonia-Brussels, Luxembourg, and the Netherlands","On 24 June 2026, ZMINA:Resilience team, together with the Creative Europe Desks of Flanders, Wallonia-Brussels, Luxembourg, and the Netherlands, invites cultural and creative organisations from the Benelux region to a dedicated networking session. This event is designed for those looking to connect with Ukrainian cultural organisations and explore collaboration opportunities within the framework of Creative Europe’s special calls supporting Ukraine . Whether you have a project concept ready or are simply looking to discover what Ukrainian organisations are working on — this session offers a structured and results-oriented space to find future partners.",cultural and creative sectors,networking session,Benelux region,,"This call will allow organizations to apply for up to €25,000 to create new cultural productions between organizations from Ukraine and other Creative Europe countries (see past call for reference). Showcasing rolling call: Starting in June 2026, new calls for showcasing of existing artistic work will open every two months (following the Culture Moves Europe model) with up to €50,000 co-financing to present existing works and practices for new audiences.",,,en,Pitch your idea during the ZMINA:Resilience × Benelux Networking Session,"Organizational Focus: Grants are available to legal entities/organizations. Open Sectoral Approach: No strict sectoral restrictions; participation is open to all cultural and creative sectors with a focus on participatory and socially-engaged work. Limitation is the Audiovisual sector (MEDIA). Benelux Interest: Specifically tailored for organizations from Flanders, Luxembourg, the Netherlands, and Wallonia looking for high-impact international cooperation with Ukraine.",Pitch your idea during the ZMINA:Resilience × Benelux Networking Session,"Organizational Focus: Grants are available to legal entities/organizations. Open Sectoral Approach: No strict sectoral restrictions; participation is open to all cultural and creative sectors with a focus on participatory and socially-engaged work. Limitation is the Audiovisual sector (MEDIA). Benelux Interest: Specifically tailored for organizations from Flanders, Luxembourg, the Netherlands, and Wallonia looking for high-impact international cooperation with Ukraine.",14 Jun 2026,2026-06-14,2026-09-23 12:37:25.189822+00:00
kunsten_be_flanders_ad6b7bb11552,kunsten_be_flanders,https://www.kunsten.be/en/calls/open-call-apprentice-master-season-2026-2027/,https://kunstpodium-t.com/tips/open-call-apprentice-master-season-2026-2-2,Kunstpodium T,"Are you ready to develop your practice in our experimental project space? This within a vibrant network of fellow starting ánd renowned artists? Then mark june 5th 23:00 in your calendar, the deadline for our Apprentice Master program.",artists,Open call,Belgium,Tilburg,Participation is compensated with a decent exhibition fee.,,recently graduated artists,en,Open call Apprentice/Master season 2026 – 2027,"This season we’ll select 28 recently graduated artists, they will be divided into 7 different groups. *It is possible to apply as an autodidact. Please send an e-mail to contact@kunstpodium-t.com . We will determine your eligibility for our program on a case-by-case basis.",Open call Apprentice/Master season 2026 – 2027,"This season we’ll select 28 recently graduated artists, they will be divided into 7 different groups. *It is possible to apply as an autodidact. Please send an e-mail to contact@kunstpodium-t.com . We will determine your eligibility for our program on a case-by-case basis.",05 Jun 2026,2026-06-05,2026-09-23 12:37:25.192574+00:00
kunsten_be_flanders_4d016b2d08b2,kunsten_be_flanders,https://www.kunsten.be/en/calls/open-call-perfomers-kostuum-en-modeontwerpers/,,kunsten.be,"Rumour has it that, after an extremely wonderful, but very much kept under the radar first edition, a second ‘Dress-up-tea-Party’ is being organised. This time, with some budget, and the courage to be more of a public event. Performers are invited to come and spill some tea, serve tea and infuse the tea room with their character.",performers; costume- & fashion designers,Open Call,Belgium,Brussels,Artist honorarium fee €100,,,en,Open Call for performers and costume- & fashion designers,"We are inviting anyone to send us a proposal to create a performance, character or small happening around the (social) aspects of drinking tea (ceremonial, historical, colonial, its gossipy aspect etc) to be presented during our Dress-up-tea-Party.

For the ‘Dress-up’ part of our party, we welcome fashion- & costume designers to send a proposal of a selection of pieces/ costumes (from their oeuvre) to be used during the Dress-Up-Tea-Party. Your pieces will be actively worn by visitors/participants and will be handled with care.",Open Call for performers and costume- & fashion designers,"We are inviting anyone to send us a proposal to create a performance, character or small happening around the (social) aspects of drinking tea (ceremonial, historical, colonial, its gossipy aspect etc) to be presented during our Dress-up-tea-Party.

For the ‘Dress-up’ part of our party, we welcome fashion- & costume designers to send a proposal of a selection of pieces/ costumes (from their oeuvre) to be used during the Dress-Up-Tea-Party. Your pieces will be actively worn by visitors/participants and will be handled with care.",01 Jun 2026,2026-06-01,2026-09-23 12:37:25.196257+00:00
kunsten_be_flanders_dbee5b009884,kunsten_be_flanders,https://www.kunsten.be/en/calls/open-call-summerlab-met-dan-daw-bij-p-a-r-t-s/,,Platform K,"Ben je een ervaren performer met of zonder beperking en wil je je verdiepen in inclusieve danspraktijken met een sterke focus op reflectie? Platform K werd gevraagd om tijdens de jaarlijkse SummerSchool van P.A.R.T.S. een SummerLab te cureren rond inclusieve danspraktijk. Dit jaar nodigen we choreografen Dan Daw (VK/Australië) en Sarah Blanc (VK/Ierland) uit om deze week te begeleiden, die plaatsvindt van 13 tot 17 juli 2026 . Het SummerLab biedt de kans om kennis te maken met de werkwijze van Dan Daw Creative Projects (DDCP). Samen met choreografen Dan Daw (VK/Australië) en Sarah Blanc (VK/Ierland) ontwikkelen we choreografisch materiaal vertrekkend vanuit thema’s als individuele en collectieve veerkracht – ontleend aan DDCP’s nieuwste werk EXXY . Dit doen we door te improviseren, teksten te schrijven en gesprekken te voeren.",dans / performancekunst,Workshop,Belgium,Brussels,We werken met een pay what you can -systeem. De bijdrage voor de volledige week bedraagt: €250 (richtprijs) / €200 (verminderd tarief).,We werken met een pay what you can -systeem. De bijdrage voor de volledige week bedraagt: €250 (richtprijs) / €200 (verminderd tarief).,ervaren performer,en,Open call: SummerLab met Dan Daw bij P.A.R.T.S.,"Ben je een ervaren performer met of zonder beperking en wil je je verdiepen in inclusieve danspraktijken met een sterke focus op reflectie?

De week is bedoeld voor dansers en performancekunstenaars of makers die, om welke reden dan ook, het gevoel hebben dat ze er niet helemaal bij horen.

Voor performers met (basis)ervaring (vanaf 18 jaar).

De trainingen en workshops vinden plaats in het Engels. Vertaling naar het Nederlands en Frans is beschikbaar op de dansvloer.

We streven naar een diverse en evenwichtige groep.",Open call: SummerLab met Dan Daw bij P.A.R.T.S.,"Ben je een ervaren performer met of zonder beperking en wil je je verdiepen in inclusieve danspraktijken met een sterke focus op reflectie?

De week is bedoeld voor dansers en performancekunstenaars of makers die, om welke reden dan ook, het gevoel hebben dat ze er niet helemaal bij horen.

Voor performers met (basis)ervaring (vanaf 18 jaar).

De trainingen en workshops vinden plaats in het Engels. Vertaling naar het Nederlands en Frans is beschikbaar op de dansvloer.

We streven naar een diverse en evenwichtige groep.",01 Jun 2026,2026-06-01,2026-09-23 12:37:25.199888+00:00
kunsten_be_flanders_af582d66dc91,kunsten_be_flanders,https://www.kunsten.be/en/calls/mic-music-industry-showcases/,https://www.musicindustrycompass.com/showcases,kunsten.be,"On 3 and 4 September , the MIC Music Industry Showcase spotlights rising talent in front of an exclusive audience of peers and top industry professionals , including record labels, bookers, artist managers, and venue representatives from across the European music scene. The showcases happen during the MIC Music Industry Compass, the European music summit where you learn about the business of music and make sure to navigate your way through the industry.",music,showcase,,,As a showcase artist you receive a free combi pass to attend the summit.,,,en,MIC Music Industry Showcases,"spotlights rising talent in front of an exclusive audience of peers and top industry professionals , including record labels, bookers, artist managers, and venue representatives from across the European music scene.",MIC Music Industry Showcases,"spotlights rising talent in front of an exclusive audience of peers and top industry professionals , including record labels, bookers, artist managers, and venue representatives from across the European music scene.",31 May 2026,2026-05-31,2026-09-23 12:37:25.203046+00:00
kunsten_be_flanders_78924c51339e,kunsten_be_flanders,https://www.kunsten.be/en/calls/experience-lab/,https://ohme.be/projects/open-call-consciousness-en/,Ohme,"Ohme is launching an open call for artists on the theme of consciousness, in collaboration with EXPERIENCE, an ERC-funded research project at the Université libre de Bruxelles (ULB).",digital visual artists,"Open call, Residency",Belgium,Brussels,"Artist fee: €5,300, corresponding approximately to 20 working days based on CP 304 salary scales (at maximum 10 years of experience). The amount can be invoiced excl. VAT (HTVA) via an independent status (e.g. Smart), or paid as a salary through the Ohme ASBL social secretariat Production budget: up to €2,000 for production costs",,,en,Experience Lab,"This call is for digital visual artists connected to the contemporary art field of the Fédération Wallonie-Bruxelles – that is, artists who live, work, or have a professional practice within the French-speaking art community of Belgium.

The call is open to individual artists or collectives (hereinafter “the artist”).

We are looking for artists with an established practice in data visualisation, information design, or related computational and digital fields, who are curious about – and willing to engage critically with – questions at the intersection of science, knowledge production, and subjective experience. We are not looking for artists who already work on consciousness or neuroscience. Rather, we are interested in practitioners whose existing methods, research sensibilities, and design approaches could be meaningfully mobilised within this scientific context – and who are drawn to the challenge of working with empirical data produced by cutting-edge research on the mind.

The artist should:
Demonstrate an established professional practice in digital art, data visualisation, information design, or a related field
Show experience working with data as creative material – through code, custom tools, or creative use of platforms and languages (e.g. Processing, p5.js, openFrameworks, TouchDesigner, Max/MSP, or equivalent)
Demonstrate a critical engagement with the tools, systems and processes underlying the production, collection and dissemination of information – treating visualisation not as neutral representation but as a site of interpretation, choice and potential critique
Show an interest in questions relating to the mind, perception, cognition, neuroscience or the nature of experience – whether through previous projects, research, or a clearly articulated curiosity
Be willing to engage actively with the EXPERIENCE programme, both theoretically and practically, and to work in genuine interdisciplinary dialogue with the research team",Experience Lab,"This call is for digital visual artists connected to the contemporary art field of the Fédération Wallonie-Bruxelles – that is, artists who live, work, or have a professional practice within the French-speaking art community of Belgium.

The call is open to individual artists or collectives (hereinafter “the artist”).

We are looking for artists with an established practice in data visualisation, information design, or related computational and digital fields, who are curious about – and willing to engage critically with – questions at the intersection of science, knowledge production, and subjective experience. We are not looking for artists who already work on consciousness or neuroscience. Rather, we are interested in practitioners whose existing methods, research sensibilities, and design approaches could be meaningfully mobilised within this scientific context – and who are drawn to the challenge of working with empirical data produced by cutting-edge research on the mind.

The artist should:
Demonstrate an established professional practice in digital art, data visualisation, information design, or a related field
Show experience working with data as creative material – through code, custom tools, or creative use of platforms and languages (e.g. Processing, p5.js, openFrameworks, TouchDesigner, Max/MSP, or equivalent)
Demonstrate a critical engagement with the tools, systems and processes underlying the production, collection and dissemination of information – treating visualisation not as neutral representation but as a site of interpretation, choice and potential critique
Show an interest in questions relating to the mind, perception, cognition, neuroscience or the nature of experience – whether through previous projects, research, or a clearly articulated curiosity
Be willing to engage actively with the EXPERIENCE programme, both theoretically and practically, and to work in genuine interdisciplinary dialogue with the research team",31 May 2026,2026-05-31,2026-09-23 12:37:25.206058+00:00
kunsten_be_flanders_fa7c8503285a,kunsten_be_flanders,https://www.kunsten.be/en/calls/call-for-proposals-symposium-the-performer-composer-in-the-21st-century/,https://performercomposersymposium.wordpress.com/,Organized by the Co-Creation in Music research cluster,"We are looking for proposals in a variety of formats, including talks, performances, workshops, and other formats that illuminate aspects of current performer-composer identity and practice. We especially welcome reflections emerging from first-hand compositional, performative, and improvisational work.",Performing and composing,Call for proposals,Belgium,Leuven,,,,en,Call for proposals – Symposium: The Performer-Composer in the 21st Century,"We are looking for proposals in a variety of formats, including talks, performances, workshops, and other formats that illuminate aspects of current performer-composer identity and practice. We especially welcome reflections emerging from first-hand compositional, performative, and improvisational work. Proposals should be sent to julie.michael@kuleuven.be, with the following information: Presenter’s name and affiliated institution A description of the proposed topic and format, max. 500 words CV, max 1 page Technical requirements",Call for proposals – Symposium: The Performer-Composer in the 21st Century,"We are looking for proposals in a variety of formats, including talks, performances, workshops, and other formats that illuminate aspects of current performer-composer identity and practice. We especially welcome reflections emerging from first-hand compositional, performative, and improvisational work. Proposals should be sent to julie.michael@kuleuven.be, with the following information: Presenter’s name and affiliated institution A description of the proposed topic and format, max. 500 words CV, max 1 page Technical requirements",31 May 2026,2026-05-31,2026-09-23 12:37:25.208855+00:00
kunsten_be_flanders_f21d7f38a567,kunsten_be_flanders,https://www.kunsten.be/en/calls/open-call-for-artists-capsules/,https://wkf.ms/4dmhXFc,Luxembourg Art Week and artcontemporain.lu asbl,"Luxembourg Art Week and artcontemporain.lu asbl are launching the third edition of Capsules , inviting contemporary artists to submit proposals for ephemeral installations in the heart of the city.",visual and digital arts practices,Open Call,Luxembourg,Luxembourg,selected artists will receive comprehensive support for their participation including an artist fee and/or production contribution of €950 (incl. VAT) along with covered travel expenses and accommodation. The organisers additionally cover: Artwork transport (round trip within Europe) Scenography and technical installation,No application fee is required.,Both emerging and established artists,en,Open Call for Artists | Capsules,"Both emerging and established artists with a consistent professional practice, active in professional networks, and with a track record of exhibitions. The call is open to: artists of all nationalities and ages, visual and digital arts practices. No application fee is required. Proposals may include existing works adapted specifically for storefront window installation. Submitted works must be available for transport and installation within Europe. Given their placement in the public realm, proposed works must be suitable for unrestricted viewing.",Open Call for Artists | Capsules,"Both emerging and established artists with a consistent professional practice, active in professional networks, and with a track record of exhibitions. The call is open to: artists of all nationalities and ages, visual and digital arts practices. No application fee is required. Proposals may include existing works adapted specifically for storefront window installation. Submitted works must be available for transport and installation within Europe. Given their placement in the public realm, proposed works must be suitable for unrestricted viewing.",24 May 2026,2026-05-24,2026-09-23 12:37:25.212069+00:00
kunsten_be_flanders_c810c7444b72,kunsten_be_flanders,https://www.kunsten.be/en/calls/open-call-for-leuven-based-black-creatives/,,Black Lens Archive (BLA),"Frames of Us is coming to Leuven! We’re looking for 4 Black creatives (18–26) based in or connected to Leuven who want to document their lives and perspectives through (analog) photography. From May to November, you’ll take part in a creative trajectory where you’ll develop your own visual language, guided by artists and professionals in photography, storytelling, and exhibition-making. The project will culminate in a public exhibition in Leuven, where your work will be shared with a wider audience.",(analog) photography,Open call,Belgium,Leuven,,,18–26,en,Open Call for Leuven-Based Black Creatives,"We’re looking for 4 Black creatives (18–26) based in or connected to Leuven who want to document their lives and perspectives through (analog) photography. No prior experience with photography is required. We’re looking for people with a perspective, a sensitivity, and story to share. You can apply in Dutch, French, or English.",Open Call for Leuven-Based Black Creatives,"We’re looking for 4 Black creatives (18–26) based in or connected to Leuven who want to document their lives and perspectives through (analog) photography. No prior experience with photography is required. We’re looking for people with a perspective, a sensitivity, and story to share. You can apply in Dutch, French, or English.",May 23rd,2027-05-23,2026-09-23 12:37:25.214755+00:00
kunsten_be_flanders_86ac6db836bb,kunsten_be_flanders,https://www.kunsten.be/en/calls/open-call-designers-in-residence-kortrijk-2026-mutation/,https://designregio-kortrijk.be/nl/nieuws-events/open-call-designers-in-residence-kortrijk-2026-mutation,Designregio Kortrijk and NERDLAB,"Designregio Kortrijk and NERDLAB are joining forces and invite you to apply for Designers in Residence Kortrijk 2026, themed “MUTATION.”",Design,Residency,Belgium,Kortrijk,"Reimbursement of travel expenses
Accommodation
Fee
Expertise and practical support from Designregio Kortrijk & NERDLAB
Access to NERDLAB in Ghent
Access to Budalab in the Kortrijk Deelfabriek + studio space
Presentation opportunities during WONDER Creativity Festival (Kortrijk) & Mutation Festival (Ghent)",,young,en,Open Call: Designers in Residence Kortrijk 2026 – MUTATION,"You are eligible if:
You have recently graduated
You are a team player
You have manual skills (conceptual, craft, production, fabrication)",Open Call: Designers in Residence Kortrijk 2026 – MUTATION,"You are eligible if:
You have recently graduated
You are a team player
You have manual skills (conceptual, craft, production, fabrication)","Friday, 22 May 2026",2026-05-22,2026-09-23 12:37:25.218037+00:00
kunsten_be_flanders_edb8c38ba1df,kunsten_be_flanders,https://www.kunsten.be/en/calls/visio-european-programme-on-artists-moving-images/,https://www.schermodellarte.org/en/visio-2026/,Lo schermo dell’arte,"Lo schermo dell’arte presents the fifteenth edition of the VISIO – European Programme on Artists’ Moving Images, a research, residency, and production programme dedicated to young, Europe-based artists who use moving images in their artistic practice.",artists’ moving images,"research, residency, and production programme",Italy,Florence,"VISIO includes the VISIO Production Fund , a €35,000 production fund conceived in partnership with Centro per l’Arte Contemporanea Luigi Pecci (Prato), Fondazione In Between Art Film (Rome), MACBA Museu d’Art Contemporani de Barcelona (Barcelona), and with the support of Human Company , a historic enterprise and reference point in Italy for open-air hospitality, which also provides a reimbursement of participating artists’ travel expenses.",,young,en,VISIO – European Programme on Artists’ Moving Images,"dedicated to young, Europe-based artists who use moving images in their artistic practice. The 8 participants will be young European-based artists who work with moving images; they will be selected through an open call promoted in collaboration with some of Europe’s leading art academies and artist residencies.",VISIO – European Programme on Artists’ Moving Images,"dedicated to young, Europe-based artists who use moving images in their artistic practice. The 8 participants will be young European-based artists who work with moving images; they will be selected through an open call promoted in collaboration with some of Europe’s leading art academies and artist residencies.","Friday, May 15th, 2026",2026-05-15,2026-09-23 12:37:25.221801+00:00
kunsten_be_flanders_2a9138c53cf6,kunsten_be_flanders,https://www.kunsten.be/en/calls/nair-urban-space-installation-residency/,https://www.nart.ee/en/open-call-nair-2026/,Narva Art Residency (NART),"The NAIR urban space installation residency in Narva is back. In 2026, we will create a light installation on the edge of the city, in the Pähklimäe neighbourhood.","visual, spatial, and interdisciplinary fields",Residency,Estonia,Narva,"Stipend: €3,000 Production budget for the installation: €11,000 Travel costs for the artist are reimbursed up to €1,000",,,en,NAIR urban space installation residency,"We are inviting artists, architects, designers, and other creative practitioners from Estonia and abroad, working in both individual and collaborative practices across visual, spatial, and interdisciplinary fields, to apply. Applicants are required to submit a project proposal for a spatial installation or sculpture.",NAIR urban space installation residency,"We are inviting artists, architects, designers, and other creative practitioners from Estonia and abroad, working in both individual and collaborative practices across visual, spatial, and interdisciplinary fields, to apply. Applicants are required to submit a project proposal for a spatial installation or sculpture.",15 May 2026,2026-05-15,2026-09-23 12:37:25.224663+00:00
kunsten_be_flanders_45954c0f1127,kunsten_be_flanders,https://www.kunsten.be/en/calls/open-call-for-full-contact-2026/,http://www.scan.cat/,SCAN Tarragona,"Full Contact is a professional meeting space aimed at photographers and visual creators working with photography who wish to present their projects to international experts . It offers a valuable opportunity to receive feedback, expand professional networks, and explore new opportunities within the contemporary photography scene.","photography, visual creators",open call,any European Union country or the United Kingdom,null,"A solo exhibition in 2027 as part of the official SCAN programme A fee of €900 (taxes included) for exhibition and communication rights Curatorial advice and support from the SCAN team, according to the festival’s technical and financial resources",,emerging artists,en,Open call for Full Contact 2026,"Eligibility: Persons of legal age residing in any European Union country or the United Kingdom Project type: The festival aims to promote visual storytelling among emerging artists. Any photographic series that tells a story may be submitted, regardless of subject",Open call for Full Contact 2026,"Eligibility: Persons of legal age residing in any European Union country or the United Kingdom Project type: The festival aims to promote visual storytelling among emerging artists. Any photographic series that tells a story may be submitted, regardless of subject",10 May 2026,2026-05-10,2026-09-23 12:37:25.228003+00:00
kunsten_be_flanders_0607d3ccd703,kunsten_be_flanders,https://www.kunsten.be/en/calls/e10000-transitional-justice-grant-fellowship/,https://afield.us8.list-manage.com/track/click?u=793163623749ff92bce4091cd&id=8944611f3e&e=787e6c9df5,"AFIELD, Arts of the Working Class, and Framer Framed","Within a context marked by nationalism, climate displacement, and systemic discrimination, AFIELD, Arts of the Working Class, and Framer Framed invite artists, cultural practitioners, and collectives working with communities affected by human rights violations to apply for a €10,000 grant and a six-month fellowship . The Transitional Justice with Artists (TJA) program supports six Europe-based artists or practitioners with initiatives that engage deeply with truth, memory, repair, and accountability, to imagine justice beyond legal frameworks.",artists and cultural practitioners,grant and a six-month fellowship,EU Member State or Creative Europe associated country,Amsterdam,"€10,000 per fellow (€9,000 unrestricted funding + €1,000 for travel).",,,en,"€10,000 Transitional Justice Grant & Fellowship","Applicants must be: Legal residents (including refugees/asylum seekers) in an EU Member State or Creative Europe associated country . Part of an initiative operationally active for at least two years . Using artistic methodologies as the central component of their work. Available for all fellowship components , including the residency and online thematic meetings.","€10,000 Transitional Justice Grant & Fellowship","Applicants must be: Legal residents (including refugees/asylum seekers) in an EU Member State or Creative Europe associated country . Part of an initiative operationally active for at least two years . Using artistic methodologies as the central component of their work. Available for all fellowship components , including the residency and online thematic meetings.",02 May 2026,2026-05-02,2026-09-23 12:37:25.231021+00:00
kunsten_be_flanders_bf616e30e784,kunsten_be_flanders,https://www.kunsten.be/en/calls/2026-visureal%c2%b7international-image-art-festival-viiaf-call-for-artists-and-art-organizations-worldwide/,https://viiaf.com/call-for-submissions/,VISUREAL·International Image Art Festival (VIIAF),The 2026 VISUREAL·International Image Art Festival (VIIAF) invites submissions from artists and art organizations worldwide.,image-based art,Festival,China,Chengdu,,,,en,2026 VISUREAL·International Image Art Festival (VIIAF): Call for Artists and Art Organizations Worldwide,submissions from artists and art organizations worldwide,2026 VISUREAL·International Image Art Festival (VIIAF): Call for Artists and Art Organizations Worldwide,submissions from artists and art organizations worldwide,01 May 2026,2026-05-01,2026-09-23 12:37:25.233634+00:00
kunsten_be_flanders_e9cea19ce978,kunsten_be_flanders,https://www.kunsten.be/en/calls/call-for-individual-mobility-2025-2026/,https://culture.ec.europa.eu/culture-moves-europe/call-for-individual-mobility-2025-2026,Culture Moves Europe,The call for individual mobility allows applications from individuals and groups of up to 5 people.,"architecture, cultural heritage, design and fashion design, literature, music, performing arts, and visual arts",Open call,,,"Daily allowance 85€ per day of project implementation. Travel allowance travel distance under 5 000 km -> 400€ travel distance from 5 000 km -> 800€ The travel distance is calculated automatically in the application form, based on a one-way straight line. The grant offers additional funding, if applicable: Top-ups Green mobility top-up: 400€ Overseas countries and territories / Outermost regions top-up: 175€ Family top-up: 200€ per child Visa top-up: 120€ Accessibility support 30€ per day of project implementation Either the actual cost or a fixed allowance for personal assistance or sign language interpretation, depending on the assistant’s professional status",,,en,Call for individual mobility 2025-2026,"Artists and cultural professionals, who are: legally residing in one of the Creative Europe countries, including the overseas countries and territories and outermost regions 18 years of age or older active in one of the following sectors: architecture, cultural heritage, design and fashion design, literature, music, performing arts, and visual arts; No specific level of experience is required The call for individual mobility allows applications from individuals and groups of up to 5 people.",Call for individual mobility 2025-2026,"Artists and cultural professionals, who are: legally residing in one of the Creative Europe countries, including the overseas countries and territories and outermost regions 18 years of age or older active in one of the following sectors: architecture, cultural heritage, design and fashion design, literature, music, performing arts, and visual arts; No specific level of experience is required The call for individual mobility allows applications from individuals and groups of up to 5 people.",30 Apr 2026,2026-04-30,2026-09-23 12:37:25.236940+00:00
kunsten_be_flanders_4aedc4760cc0,kunsten_be_flanders,https://www.kunsten.be/en/calls/open-call-zoop-connections-ii-kunstfort-vijfhuizen-czech-centre-brussels-call-for-artist-in-residence-2026/,https://www.kunstfort.nl/en/news/open-call-kunstfort-vijfhuizen-x-czech-centre-brussels/,"Czech Centre Brussels, Kunstfort Vijfhuizen, EUNIC Netherlands, Zoöp, and DutchCulture","This residency and open call have been developed in collaboration with the Czech Centre Brussels, Kunstfort Vijfhuizen, EUNIC Netherlands, Zoöp, and DutchCulture, and are intended for artists, researchers, and creative practitioners with a connection to the Czech Republic or Czech cultural practice.","visual arts, design, research, literature, performance, music, technology, or other interdisciplinary practices",Residency,Netherlands,Vijfhuizen,"On-site accommodation
Daily stipend of €50
Travel expenses covered
Access to a workshop with tools and technical support",,,en,Open Call Zoöp Connections II: Kunstfort Vijfhuizen & Czech Centre Brussels Call for Artist-in-Residence 2026,"Creative professionals and artists aged 18+, based in a Creative Europe country outside the Netherlands, with a demonstrable connection to Czech culture. Residents may come from a wide range of creative fields, including visual arts, design, research, literature, performance, music, technology, or other interdisciplinary practices.",Open Call Zoöp Connections II: Kunstfort Vijfhuizen & Czech Centre Brussels Call for Artist-in-Residence 2026,"Creative professionals and artists aged 18+, based in a Creative Europe country outside the Netherlands, with a demonstrable connection to Czech culture. Residents may come from a wide range of creative fields, including visual arts, design, research, literature, performance, music, technology, or other interdisciplinary practices.",30 Apr 2026,2026-04-30,2026-09-23 12:37:25.240403+00:00
kunsten_be_flanders_b2bef0511012,kunsten_be_flanders,https://www.kunsten.be/en/calls/open-call-for-residencies/,https://www.imal.org/en/events/appel-a-residences-ipo-2026-extra,iMAL,"iMAL Project Office is our yearly open call for residencies, aimed at artists based in Belgium. We announced our first three iPO 2026 calls last October. Now we can finally reveal the fourth, dedicated to a two-month co-creation residency in collaboration with Antre Peaux (Bourges, FR), and taking place in the framework of EXTRA RESIDENCIES.","visual arts, digital art and experimental video games",residency,Belgium,Brussels,,,emerging artists,en,Open call for residencies,"The call is open to emerging artists engaged in a professional practice. An “emerging artist” is understood as any artist active for a few years but still in the process of establishing their career, particularly regarding their involvement with various artistic and cultural institutions. Their practice remains precarious and relies on institutional support or partnerships for the production of their works. Candidates must reside in France or Belgium.

Option 1: Duos to be formed
• Artists apply individually to the call without having a predefined partner. Applications will be pre-selected to verify the eligibility of candidates, then shared via Google Drive with all candidates on May 4.
• This stage will allow artists to review applications and connect with other candidates to explore the possibility of collaborating on a joint project. Candidates will have from May 4 to May 22 to engage in these exchanges.
• The pairs formed will be invited to complete a second questionnaire by May 22, with the name of their partner and a letter of intent regarding their co-creation project.

Option 2: Existing duos
• It is possible to apply directly with another artist for a co-creation project. The only prerequisite is that one artist must reside in France and the other in Belgium. Both artists are invited to respond individually to the call for applications, specifying that they are working on a joint project and providing the name of the artist they’re partnering with.
• Please note: Existing duos should only answer the first application form, which closes on April 24. They must therefore submit their letter of intent detailing their joint project using this form. Applications will be pre-selected to verify the eligibility of candidates.",Open call for residencies,"The call is open to emerging artists engaged in a professional practice. An “emerging artist” is understood as any artist active for a few years but still in the process of establishing their career, particularly regarding their involvement with various artistic and cultural institutions. Their practice remains precarious and relies on institutional support or partnerships for the production of their works. Candidates must reside in France or Belgium.

Option 1: Duos to be formed
• Artists apply individually to the call without having a predefined partner. Applications will be pre-selected to verify the eligibility of candidates, then shared via Google Drive with all candidates on May 4.
• This stage will allow artists to review applications and connect with other candidates to explore the possibility of collaborating on a joint project. Candidates will have from May 4 to May 22 to engage in these exchanges.
• The pairs formed will be invited to complete a second questionnaire by May 22, with the name of their partner and a letter of intent regarding their co-creation project.

Option 2: Existing duos
• It is possible to apply directly with another artist for a co-creation project. The only prerequisite is that one artist must reside in France and the other in Belgium. Both artists are invited to respond individually to the call for applications, specifying that they are working on a joint project and providing the name of the artist they’re partnering with.
• Please note: Existing duos should only answer the first application form, which closes on April 24. They must therefore submit their letter of intent detailing their joint project using this form. Applications will be pre-selected to verify the eligibility of candidates.",24 Apr 2026,2026-04-24,2026-09-23 12:37:25.243981+00:00
kunsten_be_flanders_a97a4eca3212,kunsten_be_flanders,https://www.kunsten.be/en/calls/open-call-international-fikva-award-for-painters-2026/,https://fikva.art/submission-form/,FiKVA Foundation,"The FiKVA Foundation proudly presents the 4th International FiKVA Award for Representational & Figurative Painters – a remarkable opportunity for artists worldwide to gain international recognition, share their talent globally, and earn substantial financial rewards. Best of all, the entire process is online – no need to ship your work or part with it!",painters / representational & figurative painting,award,,,"First Prize: €3500 cash prize + Art supplies package, courtesy of M. Graham (12 color paints, valued at €300) + Digital and social media marketing, valued at €300 + Certificate of Achievement + Participation in the online group exhibition of finalists + Published interview with the FiKVA Foundation + Permanent display of the submitted artwork on the FiKVA website + 6-month online gallery representation for a selected artwork; Second Prize: €1500 cash prize + Certificate of Achievement + Participation in the online group exhibition of finalists + Published interview with the FiKVA Foundation + Permanent display of the submitted artwork on the FiKVA website + 6-month online gallery representation for a selected artwork + Digital and social media marketing, valued at €300; Third Prize: €500 cash prize + Certificate of Achievement + Participation in the online group exhibition of finalists + Published interview with the FiKVA Foundation + Permanent display of the submitted artwork on the FiKVA website + 6-month online gallery representation for a selected artwork + Digital and social media marketing, valued at €300; Purchase Prize (only awarded if a work fits the objectives and possibilities of the FiKVa-collection): Acquisition of one selected artwork for the FiKVA Collection + Certificate of Achievement + Permanent display of the purchased artwork on the FiKVA website + Digital and social media marketing, valued at €300; Honorable Mention (3 will be awarded): Certificate of Achievement + Participation in the online group exhibition of the finalists + Permanent place on the FiKVA website + Digital and social media marketing, valued at €300; Top 35: Participation in the online group exhibition of the finalists + Permanent display on the FiKVA website + Digital and social media marketing, valued at €200; Gallery Representation Prize: Up to 10 outstanding artworks from the Top 100 will be handpicked for a 6-month gallery representation with the FiKVA Online Gallery. This exclusive opportunity is by invitation only, with no obligation to the artist.",Participation in the FiKVA Award with just one work: €36,,en,OPEN CALL – International FIKVA Award for painters 2026,"The FiKVA Award is open to all artists 18 years of age or older.

ARTIST ELIGIBILITY
The FiKVA Award is open to all painters aged 18 and older, from anywhere in the world.

ARTWORK ELIGIBILITY
The work must be the artist’s original creation, produced solely by the artist, with copyrights exclusively owned by the artist. The work may be signed and may have participated in previous competitions. The work may be sold, provided the copyright of its image remains solely with the artist. Works must have been produced between 2024 and 2026. Works must be available for inclusion in an online exhibition. Works do not need to be available for sale.

ACCEPTED MEDIA
Oil, water-soluble oil paint, acrylic paint, watercolor, ink, gouache, tempera, and all traditional wet mediums on any support – canvas, board, paper, wood, panel, wall, aluminium, glass, etc. All works must be handmade; digital or mechanical works will not be considered.

SUBJECT MATTER & SIZE
No restrictions – submit what you consider your best work from the last two years.

HOW TO PARTICIPATE?
Registration is only possible via the website: www.fikva.art",OPEN CALL – International FIKVA Award for painters 2026,"The FiKVA Award is open to all artists 18 years of age or older.

ARTIST ELIGIBILITY
The FiKVA Award is open to all painters aged 18 and older, from anywhere in the world.

ARTWORK ELIGIBILITY
The work must be the artist’s original creation, produced solely by the artist, with copyrights exclusively owned by the artist. The work may be signed and may have participated in previous competitions. The work may be sold, provided the copyright of its image remains solely with the artist. Works must have been produced between 2024 and 2026. Works must be available for inclusion in an online exhibition. Works do not need to be available for sale.

ACCEPTED MEDIA
Oil, water-soluble oil paint, acrylic paint, watercolor, ink, gouache, tempera, and all traditional wet mediums on any support – canvas, board, paper, wood, panel, wall, aluminium, glass, etc. All works must be handmade; digital or mechanical works will not be considered.

SUBJECT MATTER & SIZE
No restrictions – submit what you consider your best work from the last two years.

HOW TO PARTICIPATE?
Registration is only possible via the website: www.fikva.art",22 Apr 2026,2026-04-22,2026-09-23 12:37:25.247182+00:00
kunsten_be_flanders_5d9b2594f95d,kunsten_be_flanders,https://www.kunsten.be/en/calls/fellowship-programma-call-2026/,https://framaforms.org/imal-fellowship-programme-2026-1770642755,"iMAL, Cloud Seven","In a cultural landscape seeking new connections, the Fellowship Programme proposes a renewed alliance between artists and those who support the emergence of their work. A new cultural model based on an expanded mecenat: more open, more engaged, and more attentive to the shifts in the creative world.",contemporary art,production residency,Belgium,Brussels,"The artist will receive accommodation, a workspace, and a budget of €8,000 taxes included (€4,000 in fees and €4,000 for production).",,professional artists,en,Fellowship programme: call 2026,"This programme is specifically designed for professional artists who wish to shift or deepen their practice through technology. We are looking for candidates who: Have a solid background in contemporary art but limited experience with digital tools. Artists that while rooted in contemporary art, demonstrate an initial exploration of technological tools and show a strong interest in deepening this approach through a committed project requiring curatorial and technical support within iMAL. View this residency as a learning opportunity rather than a standard production slot. Are seeking curatorial mentorship and technical guidance to explore new territories. Note: Artists with extensive experience in digital arts may be considered overqualified, as the programme’s primary goal is to provide a space for growth, experimentation, and the acquisition of new technical and critical skills.",Fellowship programme: call 2026,"This programme is specifically designed for professional artists who wish to shift or deepen their practice through technology. We are looking for candidates who: Have a solid background in contemporary art but limited experience with digital tools. Artists that while rooted in contemporary art, demonstrate an initial exploration of technological tools and show a strong interest in deepening this approach through a committed project requiring curatorial and technical support within iMAL. View this residency as a learning opportunity rather than a standard production slot. Are seeking curatorial mentorship and technical guidance to explore new territories. Note: Artists with extensive experience in digital arts may be considered overqualified, as the programme’s primary goal is to provide a space for growth, experimentation, and the acquisition of new technical and critical skills.","Application Deadline: April 19, 2026",2026-04-19,2026-09-23 12:37:25.250072+00:00
kunsten_be_flanders_2fa2a89c4a72,kunsten_be_flanders,https://www.kunsten.be/en/calls/open-call-raive-ai-summer-school/,https://raive.school/,The Algorithmic Gaze and CREATIE,"The Algorithmic Gaze and CREATIE, both Antwerp-based research groups, will join forces again to organise a summerschool for everyone who’s interested in the topic of performative AI and interdisciplinary creation. After two great editions, RAIVE will take place again between the 31st of August and the 6th of September in the Royal Conservatoire of Antwerp. RAIVE is a laboratory for young artists from diverse disciplines such as dance, music, technology, and visual arts. Artists come together to redefine the boundaries of their craft through the lens of interdisciplinary collaboration. Participants learn to create their own AI systems from basic principles, curating their own datasets through a very “hands-on” artistic approach. As participants, you will be divided into groups in which you will work for one week. During this process you both learn from each other and benefit from the insights of three coaches, skilled in different areas within the arts. The culmination of this week-long journey is a public presentation held in De Gele Zaal of the Royal Conservatoire of Antwerp.","dance, music, technology, and visual arts",summer school,Belgium,Antwerp,"The total price of the summer school is € 300,00 . Included in this price are: lunch, workshops, coachings, working space and technical equipment.","The total price of the summer school is € 300,00 .",young/starting artist,en,Open call – RAIVE AI Summer School,"The open call is open to anyone who considers themselves a young/starting artist, regardless of age. Prior knowledge or experience with digital media isn’t necessary, but of course welcome! We can host a maximum of 12 participants. If the number of applications exceeds this amount we will make a selection.",Open call – RAIVE AI Summer School,"The open call is open to anyone who considers themselves a young/starting artist, regardless of age. Prior knowledge or experience with digital media isn’t necessary, but of course welcome! We can host a maximum of 12 participants. If the number of applications exceeds this amount we will make a selection.",19 Apr 2026,2026-04-19,2026-09-23 12:37:25.253840+00:00
kunsten_be_flanders_28639c301034,kunsten_be_flanders,https://www.kunsten.be/en/calls/call-portraits-miroir-miroir-biennale-de-limage-possible-bip2026/,https://bip-liege.org/en/exhibition/call-for-portraits/,"Biennale de l'Image Possible, BIP2026","The 14th edition of the Biennale de l’Image Possible, BIP2026, will take place in Liège from 17 October to 13 December 2026. Entitled MIROIR MIROIR, it will bring together several exhibitions at a single venue. One will showcase a composite collection of portraits, created from a variety of figures (human and non-human beings) and using any visual medium (painting, photography, video, drawing, etc.). The aim is to create a heterogeneous collection of fragments, free associations arising from a multitude of disparate elements. The selected portraits will be brought together and staged in a vast, free-flowing space. We are soliciting these portraits from you, visual artists. Whether it is a single image or part of a series, large or small, already produced or yet to be produced, painted, drawn or printed, we will consider all your proposals. Self-portraits are permitted, as are group portraits. We are keen to embrace the unique ways in which artists, from all backgrounds, nationalities and generations, have seen, observed and depicted those living individuals who have returned their gaze or granted their presence as a model, an ideal or a subject.",visual artists,call,Belgium,Liège,,,,en,CALL – PORTRAITS – MIROIR MIROIR – Biennale de l’Image Possible – BIP2026,"We are soliciting these portraits from you, visual artists. Whether it is a single image or part of a series, large or small, already produced or yet to be produced, painted, drawn or printed, we will consider all your proposals. Self-portraits are permitted, as are group portraits. We are keen to embrace the unique ways in which artists, from all backgrounds, nationalities and generations, have seen, observed and depicted those living individuals who have returned their gaze or granted their presence as a model, an ideal or a subject.",CALL – PORTRAITS – MIROIR MIROIR – Biennale de l’Image Possible – BIP2026,"We are soliciting these portraits from you, visual artists. Whether it is a single image or part of a series, large or small, already produced or yet to be produced, painted, drawn or printed, we will consider all your proposals. Self-portraits are permitted, as are group portraits. We are keen to embrace the unique ways in which artists, from all backgrounds, nationalities and generations, have seen, observed and depicted those living individuals who have returned their gaze or granted their presence as a model, an ideal or a subject.",19 Apr 2026,2026-04-19,2026-09-23 12:37:25.256844+00:00
kunsten_be_flanders_43833eaa836e,kunsten_be_flanders,https://www.kunsten.be/en/calls/open-call-eco-expo/,https://files.cargocollective.com/c2116640/Sprouts-Eco-Expo-2026---Open-Call.pdf,Sprouts Film Festival,"Sprouts Film Festival (SFF) invites young artists and recent art school graduates whose work revolves around ecological and sustainability themes to apply with their pre-existing work for the Eco Expo, which will take place during the 5th edition of SFF.",artists,open call,,,,,young artists and recent art school graduates,en,Open call – Eco Expo,"Sprouts Film Festival (SFF) invites young artists and recent art school graduates whose work revolves around ecological and sustainability themes to apply with their pre-existing work for the Eco Expo, which will take place during the 5th edition of SFF.

An open call for artists who work with what remains, reshaping archives, objects, or ideas into new ecologies of meaning.",Open call – Eco Expo,"Sprouts Film Festival (SFF) invites young artists and recent art school graduates whose work revolves around ecological and sustainability themes to apply with their pre-existing work for the Eco Expo, which will take place during the 5th edition of SFF.

An open call for artists who work with what remains, reshaping archives, objects, or ideas into new ecologies of meaning.",08 Apr 2026,2026-04-08,2026-09-23 12:37:25.260052+00:00
kunsten_be_flanders_0d6be3a34e4e,kunsten_be_flanders,https://www.kunsten.be/en/calls/open-call-festival-performance-pragicomedionale-2026/,https://docs.google.com/forms/d/e/1FAIpQLSeCbZyBypOKxyCFua0yqgFauoF-ilnVKoaBapphrQmOrUjmKQ/viewform,Pragovka Gallery,"Pragovka Gallery announces an open call for participation in the second edition of the Pragicomedionale Performance Festival, which will take place on Saturday, 12 September 2026 at the Pragovka complex.",performance art,open call,Czech and international,Pragovka complex,coverage of travel and accommodation costs where necessary festival PR and production photo documentation printing of posters and accompanying printed materials graphic design of printed materials artist fees (to be specified according to available funding) props and installation materials (please include an estimated budget in the application form),,,en,Open Call Festival Performance Pragicomedionale 2026,The Open Call is open to Czech and international artists. There are no restrictions placed on performers. Applicants may submit any number of performances. The application must include two mandatory attachments: detailed project description the artist’s portfolio and CV / documentation of previous performances Please remember to label all files with the applicant’s name. The size of each file must not exceed 10 MB. Applications that do not meet the above requirements will not be included in the selection process. Files must be submitted exclusively via this form.,Open Call Festival Performance Pragicomedionale 2026,The Open Call is open to Czech and international artists. There are no restrictions placed on performers. Applicants may submit any number of performances. The application must include two mandatory attachments: detailed project description the artist’s portfolio and CV / documentation of previous performances Please remember to label all files with the applicant’s name. The size of each file must not exceed 10 MB. Applications that do not meet the above requirements will not be included in the selection process. Files must be submitted exclusively via this form.,6 April 2026 (23:59),2026-04-06,2026-09-23 12:37:25.264049+00:00
kunsten_be_flanders_a851810c4e3c,kunsten_be_flanders,https://www.kunsten.be/en/calls/open-call-hotel-carrousel/,https://docs.google.com/forms/d/e/1FAIpQLSfrOFvLHrIWDp9VWKvSAG0LxmQb5sEQPvi44Xm-E5v8jqgelg/viewform?pli=1,Hotel Carrousel,"Hotel Carrousel is a nomadic exhibition platform dedicated to video and media art, founded in 2024 by artist Lupe Arens.",video and media art,open call,Belgium,Brussels,"Selected artists, duos or collectives will receive a €200 participation fee. Potential production costs are to be discussed upon selection.",,young and emerging artists,en,Open Call – Hotel Carrousel,"Artists, duos and collectives under 35 years old and based in Belgium can apply.",Open Call – Hotel Carrousel,"Artists, duos and collectives under 35 years old and based in Belgium can apply.","March 29, 2026 23:59",2026-03-29,2026-09-23 12:37:25.267742+00:00
kunsten_be_flanders_f8fe9857ed58,kunsten_be_flanders,https://www.kunsten.be/en/calls/east-call-curatorial-residency/,https://forms.gle/iK4qbDuEgXQzc9Fg9,East Topics,"East Call Curatorial Residency offers a unique opportunity for emerging curators to gain a comprehensive insight in the Hungarian and Slovenian contemporary art scene by examining its characteristics and understanding them in a broader, regional context. East Call is an intensive 2-week program that focuses on the status and practice of artists, contemporary curatorial conditions, institutional situations and the understanding of issues affecting contemporary art, with a focus on the roles and responsibilities of curators as mediators between audiences and artists, and researchers as theoretical transmitters of knowledge, interpretation and contextualization. East Call aims to foster dialogue on issues surrounding curation and to interrogate what constitutes “the curatorial” in the Central Eastern European region. The East Call program focuses on open, horizontal and conversation-based transfers of knowledge and experience.",contemporary art,curatorial residency,Hungary,Budapest,"The fee includes the use of office facilities, participation in workshops, guest lectures, entry fees of museums and special events, the use of public transport in Budapest, inland transport for provincial venues and regional transport for Bratislava.",Participation fee: 1000 EUROS,emerging curators and curators-to-be still involved in their studies,en,East Call Curatorial Residency,The program is designed for emerging curators and curators-to-be still involved in their studies who expect to work in the field of contemporary art.,East Call Curatorial Residency,The program is designed for emerging curators and curators-to-be still involved in their studies who expect to work in the field of contemporary art.,27 March 2026,2026-03-27,2026-09-23 12:37:25.270810+00:00
kunsten_be_flanders_780119e0d51f,kunsten_be_flanders,https://www.kunsten.be/en/calls/high-fest-international-performing-arts-festival-open-call-2/,https://highfest.am/apply/,HIGH FEST,"Register for the 24th edition of HIGH FEST International Performing Arts Festival! HIGH FEST is delighted to announce the opening of registrations for the 24th edition of the HIGH FEST International Performing Arts Festival, which will take place from 1 to 8 October 2026 in Yerevan, Armenia.",Performing Arts,Festival,Armenia,Yerevan,,,,en,HIGH FEST International Performing Arts Festival – Open Call,Fill in the attached registration form. Send it to: administration@highfest.am,HIGH FEST International Performing Arts Festival – Open Call,Fill in the attached registration form. Send it to: administration@highfest.am,15 Mar 2026,2026-03-15,2026-09-23 12:37:25.274004+00:00
kunsten_be_flanders_2c5ed7b40a1d,kunsten_be_flanders,https://www.kunsten.be/en/calls/european-media-art-platform-residency-programme-2026/,,European Media Art Platform (EMAP),"European Media Art Platform (EMAP) returns in 2026 with a residency programme for artists and collectives in 15 countries. EMAP invites artists, artist duos, collectives, and artistic collaborations working in digital, media, robotic, and bio art to apply for a two-month production residency in 2026.","digital, media, robotic, and bio art",residency programme,"Austria, France, Slovakia, Portugal, Belgium, The Netherlands, Slovenia, Croatia, Spain, Italy, Cyprus, Greece, Latvia, Germany, Poland","Linz, Marseille, Košice, Braga, Brussels, Utrecht, Ljubljana, Zagreb, Gijón, Milan, Limassol, Athens, Riga, Halle (Saale), Wrocław","4,000 EUR grant
2,000 EUR grant for collaborating artist(s)
4,000 EUR project budget
Accommodation provided by host
Travel expenses
Access to technical facilities and/or media labs",,PhD candidates and emerging artists of any age and academic background may apply.,en,European Media Art Platform Residency Programme 2026,"Applicants must be EU residents or taxpayers in an EU member state, or residents/taxpayers of one of the eligible non-EU countries. Undergraduate and Master’s students are not eligible. PhD candidates and emerging artists of any age and academic background may apply.",European Media Art Platform Residency Programme 2026,"Applicants must be EU residents or taxpayers in an EU member state, or residents/taxpayers of one of the eligible non-EU countries. Undergraduate and Master’s students are not eligible. PhD candidates and emerging artists of any age and academic background may apply.",13 Mar 2026,2026-03-13,2026-09-23 12:37:25.278216+00:00
kunsten_be_flanders_28881ec0704a,kunsten_be_flanders,https://www.kunsten.be/en/calls/ape-camp-2026-open-call-for-overseas-artists-producers-and-engineers/,,Arts Council Korea (ARKO),"Arts Council Korea (ARKO) invites artists, producers, and engineers aged 39 or under from around the world to APE CAMP 2026. The program aims to nurture creative talent and activate sustainable networks for the convergence of art and technology. Through the camp, participants are supported in developing new ideas and building global networks.","Literature, visual arts, theatre and musical theatre, music, dance, traditional arts, interdisciplinary arts, etc.; technology fields related to art–technology convergence",camp,Republic of Korea,Seoul or Gyeonggi,Round-trip airfare (partial support) Accommodation during the camp period (based on shared rooms for two) Meals during the camp period,Free of charge,Young artists and producers aged 39 or under; Preference will be given to early-career technology professionals.,en,"APE CAMP 2026: Open call for overseas artists, producers and engineers","General (mandatory) Applications must be submitted by individuals only. This open call is for international participants who do not hold Korean nationality. Participants must be able to attend all programs during the camp period from 12 to 16 June 2026. (※ Selection will be cancelled if a participant withdraws after selection or attends only part of the program.) Applicants must be able to communicate in English. Art category (Mandatory) Young artists and producers aged 39 or under who are actively engaged in creative practices related to art–technology convergence Literature, visual arts, theatre and musical theatre, music, dance, traditional arts, interdisciplinary arts, etc. Technology category (Mandatory) Professionals, researchers, and experts in technology fields who possess specialised knowledge applicable to art–technology convergence–based creative practices. The eligible technology fields include, but are not limited to, the areas listed below. Applicants working in other relevant technology fields not listed may also apply.","APE CAMP 2026: Open call for overseas artists, producers and engineers","General (mandatory) Applications must be submitted by individuals only. This open call is for international participants who do not hold Korean nationality. Participants must be able to attend all programs during the camp period from 12 to 16 June 2026. (※ Selection will be cancelled if a participant withdraws after selection or attends only part of the program.) Applicants must be able to communicate in English. Art category (Mandatory) Young artists and producers aged 39 or under who are actively engaged in creative practices related to art–technology convergence Literature, visual arts, theatre and musical theatre, music, dance, traditional arts, interdisciplinary arts, etc. Technology category (Mandatory) Professionals, researchers, and experts in technology fields who possess specialised knowledge applicable to art–technology convergence–based creative practices. The eligible technology fields include, but are not limited to, the areas listed below. Applicants working in other relevant technology fields not listed may also apply.","Thursday, 12 March 2026, 23:59 KST",2026-03-12,2026-09-23 12:37:25.285857+00:00
kunsten_be_flanders_8a344b3ec711,kunsten_be_flanders,https://www.kunsten.be/en/calls/ga-met-kunstenpunt-naar-classicalnext-in-budapest/,,Flanders Arts Institute & WBM,"From 8 to 11 April Classical:NEXT , an international meeting for the classical music sector with a conference, a fair and a showcase programme, will take place in Budapest. Flanders Arts Institute will once again coordinate our sector’s presence together with Wallonie-Bruxelles Musiques (WBM). Classical:NEXT is the main international gathering for classical music innovation in Europe. As always, we are looking forward to being part of this event again and highlighting our classical music. Want to join Flanders Arts Institute?",classical music,open call,Hungary,Budapest,€ 400 per person enrolled who does not receive an operational subsidy € 200 per registered person for those receiving an operating subsidy of less than €150000,,,en,Join Flanders Arts Institute at Classical:NEXT in Budapest,"Are you eligible for this extra financial support? If so, please contact Ward Bosmans after you registered.",Join Flanders Arts Institute at Classical:NEXT in Budapest,"Are you eligible for this extra financial support? If so, please contact Ward Bosmans after you registered.",08 Mar 2026,2026-03-08,2026-09-23 12:37:25.288806+00:00
kunsten_be_flanders_78c404ddf0fa,kunsten_be_flanders,https://www.kunsten.be/en/calls/open-call-par-hasard-2/,,Par Hasard,"On May 23, Par Hasard is organizing ‘ Par Hasard x Giftshop ‘ together with Giftshop. We invite audiences to come and nose into the cooking pots of artists. Spectators do not always get the opportunity to get an insight into the whole process that leads to a final performance or show. And that is exactly what we want to change. Through this open call we would like to invite makers, performers, musicians, poets, dancers… to apply to participate in this Par Hasard edition. The idea is to give you the opportunity to show your work-in-progress in simple, clear and appropriate context. You can present your work-in-progress to a wide audience in order to take the next step in the creation process.",performing arts,open call,Belgium,,Travel expenses from countries outside of Belgium cannot be reimbursed.,,,en,Open Call Par Hasard,For who – You have a degree in the arts or relevant experience in the arts sector – you share a work-in-progress or an experiment (max 15min) – your work is suitable for the location (limited technical resources) – your work-in-progress should have a performative character,Open Call Par Hasard,For who – You have a degree in the arts or relevant experience in the arts sector – you share a work-in-progress or an experiment (max 15min) – your work is suitable for the location (limited technical resources) – your work-in-progress should have a performative character,06 Mar 2026,2026-03-06,2026-09-23 12:37:25.292617+00:00
kunsten_be_flanders_37a488364201,kunsten_be_flanders,https://www.kunsten.be/en/calls/open-call-international-young-artists-presentation-iyap-2026/,https://docs.google.com/forms/d/e/1FAIpQLSfbckxMMwUyOIEt9jPYq85X8sRl7DhctVu7zjA_dNot4U0iiw/viewform?usp=dialog,Musica & AMUZ (Flanders Festival Antwerp),International Young Artist’s Presentation (IYAP) 2026 offers you a unique platform to shine in front of an international audience and professionals from the sector.,vocal and/or instrumental musicians and ensembles,presentation,Belgium,Antwerp,,There is no registration fee; only travel and accommodation costs are covered by the ensembles themselves.,Young,en,OPEN CALL: International Young Artist’s Presentation (IYAP) 2026,Who is it for? Young vocal and/or instrumental musicians and ensembles with a maximum average age of 35. The ensemble focuses on playing historical instruments or using historical sources (up to 1920). A condition for participation is that the entire ensemble must be available and present from August 18 to 22.,OPEN CALL: International Young Artist’s Presentation (IYAP) 2026,Who is it for? Young vocal and/or instrumental musicians and ensembles with a maximum average age of 35. The ensemble focuses on playing historical instruments or using historical sources (up to 1920). A condition for participation is that the entire ensemble must be available and present from August 18 to 22.,01 Mar 2026,2026-03-01,2026-09-23 12:37:25.295631+00:00
kunsten_be_flanders_3aeeb0c33c84,kunsten_be_flanders,https://www.kunsten.be/en/calls/open-call-showcase-emerging-sound-2026/,https://www.stuk.be/en/program/open-call-showcase-emerging-sound-2026,"Q-02, STUK, Musica & C-TAKT","STUK, Q-O2, Musica and C-TAKT present an annual showcase of emerging sound artists in Belgium. The showcase shines a light on the diversity of the Belgian sound art landscape, and gives a boost to an upcoming generation of makers. We are looking for recent, existing sound work in any format: performance, installation, soundwalk, radio piece, intervention or other formats.",sound art,Open call,Belgium,null,,,emerging,en,Open Call showcase Emerging Sound 2026,"For whom? You are an emerging sound artist. In other words: in training, recently graduated, at the start of a career or still in need of developing a network within the Belgian or international sound art field. You make sound-based work such as installation, performance, soundwalk, participatory work, radio art or intervention in public space. You are asked to propose only one existing work or work-in-progress that is not older than 2024. Submissions with more than one work will not be considered. You have a link to Belgium: either by residence, education or nationality.",Open Call showcase Emerging Sound 2026,"For whom? You are an emerging sound artist. In other words: in training, recently graduated, at the start of a career or still in need of developing a network within the Belgian or international sound art field. You make sound-based work such as installation, performance, soundwalk, participatory work, radio art or intervention in public space. You are asked to propose only one existing work or work-in-progress that is not older than 2024. Submissions with more than one work will not be considered. You have a link to Belgium: either by residence, education or nationality.",01 Mar 2026,2026-03-01,2026-09-23 12:37:25.299725+00:00
kunsten_be_flanders_75bed82de405,kunsten_be_flanders,https://www.kunsten.be/en/calls/pitch-je-nieuwe-creatie-tijdens-plateforme-op-kunstenfestivaldesarts-2/,https://form.jotform.com/260133770342348,Flanders Arts Institute and WBTD,"Plat(e)form(e) is a bi-community programme aimed at international professionals. It takes place during Kunstenfestivaldesarts and is organized by Flanders Arts Institute and Wallonie-Bruxelles Théâtre Danse. The programme supports Belgian artists and companies in their search for (inter)national partnerships, co-production opportunities and professional networking, while offering international guests insight into the diversity of the Belgian performing arts field.",performing arts,open call,Belgium,,Artists/companies without a contract or structural subsidies will receive a €250 excl. VAT fee for their presentation. ... Artists/companies without a contract or structural subsidies will receive a €150 excl. VAT fee for their pitch.,,,en,Pitch your new creation during Plat(e)form(e) at Kunstenfestivaldesarts,"The artist/company is professionally active and based in Belgium
The artist/company and project are supported by at least one Belgian and/or international partner
The project falls within the field of performing arts
The project has international potential
The artist/company is available from 26 to 28 May 2026 (full days)
The artist/company is accompanied by its production/distribution platform or by a representative of one of the project’s partners
Additional criteria – Work in progress showcase
The artist/company can present an excerpt on stage with basic technical support
The project must premiere in the 2026 – 2027 season
A €250 fee is provided for non-structurally funded artists/companies (if more than two people involved, the accompanying production platform is expected to cover additional fees)
Additional criteria – Pitch
The artist/company can clearly present the project within 10 minutes , followed by a 5-minute discussion
Production is foreseen between 2026 – 2027
A €150 fee is provided for non-structurally funded artists/companies (fee applies per presentation / one person)",Pitch your new creation during Plat(e)form(e) at Kunstenfestivaldesarts,"The artist/company is professionally active and based in Belgium
The artist/company and project are supported by at least one Belgian and/or international partner
The project falls within the field of performing arts
The project has international potential
The artist/company is available from 26 to 28 May 2026 (full days)
The artist/company is accompanied by its production/distribution platform or by a representative of one of the project’s partners
Additional criteria – Work in progress showcase
The artist/company can present an excerpt on stage with basic technical support
The project must premiere in the 2026 – 2027 season
A €250 fee is provided for non-structurally funded artists/companies (if more than two people involved, the accompanying production platform is expected to cover additional fees)
Additional criteria – Pitch
The artist/company can clearly present the project within 10 minutes , followed by a 5-minute discussion
Production is foreseen between 2026 – 2027
A €150 fee is provided for non-structurally funded artists/companies (fee applies per presentation / one person)",27 Feb 2026,2026-02-27,2026-09-23 12:37:25.304999+00:00
kunsten_be_flanders_66619beb67ef,kunsten_be_flanders,https://www.kunsten.be/en/calls/helsinki-international-curatorial-programme-hicp/,,Frame Contemporary Art Finland and HIAP,We’re welcoming applications from international curators for a 1-month residency at HIAP Suomenlinna.,curators,Residency,,Helsinki,"The residency includes a €1200 working grant, a combined living and working space at HIAP Suomenlinna, and a travel allowance (with slow travel encouraged).",,2–3+ years professional curatorial experience,en,Helsinki International Curatorial Programme (HICP),Who can apply: Curators based outside Finland with 2–3+ years professional curatorial experience (institutional or independent).,Helsinki International Curatorial Programme (HICP),Who can apply: Curators based outside Finland with 2–3+ years professional curatorial experience (institutional or independent).,"Mon 23 Feb 2026, 15:00 (GMT+2)",2026-02-23,2026-09-23 12:37:25.311738+00:00
kunsten_be_flanders_7b3d4f68b4d8,kunsten_be_flanders,https://www.kunsten.be/en/calls/auditions-conversations-new-xrperformance-by-paul-boereboom-leon-rogissart/,,Paul Boereboom and Leon Rogissart,"Conversations is a new music theatre production by Paul Boereboom and Leon Rogissart. An immersive music theatre ritual for an intimate audience of 80 participants. In a shared space, performers and audience move together through a collective experience of music, reflection, and encounter. The performance is participatory and interactive. As a performer, you engage directly with the audience: you are not playing a character, but performing as yourself. Presence, attentiveness, and openness towards the participants are central to the work. The project explores themes of inner dialogue, presence, and collective ritual, and uses technology as a supportive dramaturgical layer rather than a dominant element.",classical vocal performers,Audition,null,Rotterdam,"7 paid rehearsal days (dates to be confirmed, scheduled in April-May) and 2 paid performance days on the 24th and the 25th of May.",,,en,Auditions Conversations – New XRPerformance by Paul Boereboom & Leon Rogissart,"We are looking for vocal performers who: _have a classical alt / baritone/tenor vocal range _are comfortable with live performance and embodied presence _enjoy participatory interaction with an audience _have affinity with music theatre, contemporary music, and/or ritual practices _enjoy collaborative, research-driven creation processes",Auditions Conversations – New XRPerformance by Paul Boereboom & Leon Rogissart,"We are looking for vocal performers who: _have a classical alt / baritone/tenor vocal range _are comfortable with live performance and embodied presence _enjoy participatory interaction with an audience _have affinity with music theatre, contemporary music, and/or ritual practices _enjoy collaborative, research-driven creation processes",23 Feb 2026,2026-02-23,2026-09-23 12:37:25.315538+00:00
kunsten_be_flanders_399ae984ab54,kunsten_be_flanders,https://www.kunsten.be/en/calls/printmaking-residency-milaan/,http://www.gate44.eu/open-call/,Gate44,"Gate 44 is pleased to announce an international Open Call for artists and creatives, among which one will be awarded a production based residency in the field of printmaking in our Milan workshop.",printmaking,Residency,Italy,Milan,"2 weeks funded production residency at our Milan facility within the period between April 2026 and April 2027 (specific dates to be determined in collaboration with the selected participant). Technical assistance. A dedicated and skilled technical team providing guidance and hands-on support for the production of one or more editions. A budget of 1000 € spendable in materials. Private on-site apartment equipped with a kitchen, bathroom, and courtyard, near to the print studio, for the full duration of the residency. 24/7 access to a state-of-the-art production space equipped for: relief printing, intaglio techniques, photo-lithography, photo-polymer, screen printing, letterpress, digital fine art. Detailed list of equipments. Basic print-shop materials and tools included (cleaning agents, solvents, rags, spatulas, squeegees, rollers etc.) Social media coverage and a feature on Gate44’s website.",€30,,en,Printmaking residency (Milaan),"Artists whose practice already includes printmaking to some extent. Artists who have a minimum base knowledge and understanding of one or more print techniques (even though professional technical assistance will be provided). Artists who are eager to expand their technical tool-kit and expressive potential. Artists who embrace experimentation, interdisciplinary approaches, and the blending of multiple printmaking methods.

Must be able to travel to Milan for the scheduled residency, and be able to use the provided materials and equipment. Uphold a professional work ethic and conduct throughout the residency. Work must fit within a maximum paper size of 50 × 70 cm (no minimum size). A minimum production of 10 finished prints is required. Create a minimum of one printed edition or multiple unique pieces. Agree to provide n. 3 (three) copies of each edition printed to Gate44’s archives.",Printmaking residency (Milaan),"Artists whose practice already includes printmaking to some extent. Artists who have a minimum base knowledge and understanding of one or more print techniques (even though professional technical assistance will be provided). Artists who are eager to expand their technical tool-kit and expressive potential. Artists who embrace experimentation, interdisciplinary approaches, and the blending of multiple printmaking methods.

Must be able to travel to Milan for the scheduled residency, and be able to use the provided materials and equipment. Uphold a professional work ethic and conduct throughout the residency. Work must fit within a maximum paper size of 50 × 70 cm (no minimum size). A minimum production of 10 finished prints is required. Create a minimum of one printed edition or multiple unique pieces. Agree to provide n. 3 (three) copies of each edition printed to Gate44’s archives.",22 February 2026,2026-02-22,2026-09-23 12:37:25.318979+00:00
kunsten_be_flanders_3239893e64df,kunsten_be_flanders,https://www.kunsten.be/en/calls/open-call-curatorial-fellow-public-outreach-community-engagement/,,Kunsthal Mechelen and the Curatorial Studies programme at KASK & Conservatorium,"Kunsthal Mechelen —an open house for contemporary art in Mechelen—and the Curatorial Studies programme at KASK & Conservatorium are partnering for the third time to offer young curators a paid, institution-based opportunity, this year within the framework of Contour Biennale .",Curatorial Studies,Open call,Belgium,Mechelen,"We offer a BIS/CIP internship of 6 months (Beroepsinlevingsovereenkomst), to be spread between the beginning of March and end of October. Remuneration: amount to be determined.",null,young curators,en,Open Call: Curatorial Fellow – Public Outreach & Community Engagement,"We are looking for someone who: Has a background in curatorial practice, museum studies, or arts education. Can combine conceptual thinking with practical programme design. Is enthusiastic about community engagement and building volunteer networks. Enjoys experimenting with formats for children, families, and multigenerational audiences. Values collaboration and can work across departments to integrate public-facing activities into the curatorial vision. Can support the team with research of accessibility / public outreach related grants. Has strong communicative and writing skills in English and Dutch.",Open Call: Curatorial Fellow – Public Outreach & Community Engagement,"We are looking for someone who: Has a background in curatorial practice, museum studies, or arts education. Can combine conceptual thinking with practical programme design. Is enthusiastic about community engagement and building volunteer networks. Enjoys experimenting with formats for children, families, and multigenerational audiences. Values collaboration and can work across departments to integrate public-facing activities into the curatorial vision. Can support the team with research of accessibility / public outreach related grants. Has strong communicative and writing skills in English and Dutch.",22 Feb 2026,2026-02-22,2026-09-23 12:37:25.322356+00:00
kunsten_be_flanders_fbadd44e7fb1,kunsten_be_flanders,https://www.kunsten.be/en/calls/call-for-submissions-file-electronic-language-international-festival/,https://file.org.br/highlight/file-2026-inscricoes-abertas-para-festival-de-arte-e-tecnologia/,FILE – International Electronic Language Festival,"FILE – Electronic Language International Festival is now accepting project submissions and invites artists, researchers, creators, and developers to participate in its next edition.",art and technology,call for submissions,Brazil,São Paulo,,,,en,Call for submissions: FILE – Electronic Language International Festival,"FILE invites Brazilian and international artists , as well as researchers, educators, and creators , to submit original artistic works and educational proposals — lectures, workshops, and training activities — focused on contemporary technological poetics.",Call for submissions: FILE – Electronic Language International Festival,"FILE invites Brazilian and international artists , as well as researchers, educators, and creators , to submit original artistic works and educational proposals — lectures, workshops, and training activities — focused on contemporary technological poetics.",19 Feb 2026,2026-02-19,2026-09-23 12:37:25.325781+00:00
kunsten_be_flanders_d04919f3f6f8,kunsten_be_flanders,https://www.kunsten.be/en/calls/open-call-code-2026-reclaiming-digital-agency/,https://tally.so/r/9q90a4,IMPAKT [Centre for Media Culture],"CODE 2026 is a five-month co-creation trajectory running from April to July 2026. Participants will work in interdisciplinary groups, guided by mentors, through a series of physical and remote meetings. The programme consists of five on-site appointments, two remote working moments with mentors, and a final three-day hackathon, which will take place at the end of the co-creation process.","artists, designer, researcher, software designer or developer",open call,the Netherlands and Belgium,Utrecht,,,,en,Open call: CODE 2026 – Reclaiming Digital Agency,"Are you an artist, designer, researcher, software designer or developer? Working in marketing, law, technology, policymaking, politics? Interested in human rights and equality? Are you open to working on collaborative projects that can speak to the imagination of a wider audience and inspire them to think about their digital agency? If you answered yes to any of these questions, or if you’re simply concerned about our digital rights and the lack of agency across the online platforms we use, then IMPAKT is looking for you! ... we invite creatives, professional and non-professional artists, and concerned citizens of the Netherlands and Belgium to embark on a journey of critical discourse and collaborative creation regarding digital rights.",Open call: CODE 2026 – Reclaiming Digital Agency,"Are you an artist, designer, researcher, software designer or developer? Working in marketing, law, technology, policymaking, politics? Interested in human rights and equality? Are you open to working on collaborative projects that can speak to the imagination of a wider audience and inspire them to think about their digital agency? If you answered yes to any of these questions, or if you’re simply concerned about our digital rights and the lack of agency across the online platforms we use, then IMPAKT is looking for you! ... we invite creatives, professional and non-professional artists, and concerned citizens of the Netherlands and Belgium to embark on a journey of critical discourse and collaborative creation regarding digital rights.",15 Feb 2026 (before 23:59 CET),2027-02-15,2026-09-23 12:37:25.355779+00:00
kunsten_be_flanders_465e8f51003f,kunsten_be_flanders,https://www.kunsten.be/en/calls/open-call-bba-one-shot-award-winter-2026/,https://bba-prizes.com/one-shot-award,BBA Gallery,Your Story. Your Medium. The BBA One Shot Award Winter 2026 invites photographers from around the world to share their vision in a single image. This international open call is a celebration of photography and image-making in all its forms – from analogue film to DSLR to smartphone. The tool you use doesn’t matter. What matters is the spark of a story captured in one decisive moment.,photography and image-making,award,Germany,Berlin,,,,en,Open call: BBA One Shot Award Winter 2026,"Open to everyone aged 18+, the award welcomes multiple entries and embraces all lens-based mediums.",Open call: BBA One Shot Award Winter 2026,"Open to everyone aged 18+, the award welcomes multiple entries and embraces all lens-based mediums.","Monday, 26 January 2026",2026-01-26,2026-09-23 12:37:25.359737+00:00
kunsten_be_flanders_ab2801ef4c6f,kunsten_be_flanders,https://www.kunsten.be/en/calls/open-call-word-artist-in-residence-bij-muziekhuis-rataplan-2026/,https://www.cognitoforms.com/Rataplan1/ArtistInResidenceRataplanOpenCall2026,Rataplan,"Rataplan is a music venue, a home for jazz, with a stage, a shared breeding ground and a broad, intergenerational community. Each season, they offer four musical residencies that focus on development, experimentation, exchange and presentation. Will you be the new Artist in Residence in 2026/27?",musical,Residency,,,five days of financial compensation and tailored support,,"Up-and-coming, musical, professional talent with a unique approach to jazz. Also mid-career artists",en,Become Artist in Residence at music venue Rataplan,"Up-and-coming, musical, professional talent with a unique approach to jazz. Also mid-career artists who collaborate across generations on a surprising and adventurous project that enriches the jazz scene. Musicians or collectives with projects that meet the following criteria: Your practice is based on jazz and can be enhanced by other art forms. These can be other music genres, encounters with performance (theatre, slam poetry, dance, etc.), visual/audiovisual art. Proposals aimed at a young audience are also eligible. You are an emerging, professional and adventurous musician with a determined outlook on the future. Or you have been active for some time and are working on an innovative project. You pay attention to a variety of sounds and representation in your band. The residency focuses on artistic development. It is not part of an academic research study, the completion of an album or rehearsals for a release. You will be part of the Rataplan breeding ground: you will engage in dialogue with the other residents, share expertise and be present during other performances. You are interested and open to collaboration with Rataplan. This is an additional commitment that you take on as an artist in residence. You have an affinity with jazz in connection with the metropolitan context. Your music reflects the urban soundscape.",Become Artist in Residence at music venue Rataplan,"Up-and-coming, musical, professional talent with a unique approach to jazz. Also mid-career artists who collaborate across generations on a surprising and adventurous project that enriches the jazz scene. Musicians or collectives with projects that meet the following criteria: Your practice is based on jazz and can be enhanced by other art forms. These can be other music genres, encounters with performance (theatre, slam poetry, dance, etc.), visual/audiovisual art. Proposals aimed at a young audience are also eligible. You are an emerging, professional and adventurous musician with a determined outlook on the future. Or you have been active for some time and are working on an innovative project. You pay attention to a variety of sounds and representation in your band. The residency focuses on artistic development. It is not part of an academic research study, the completion of an album or rehearsals for a release. You will be part of the Rataplan breeding ground: you will engage in dialogue with the other residents, share expertise and be present during other performances. You are interested and open to collaboration with Rataplan. This is an additional commitment that you take on as an artist in residence. You have an affinity with jazz in connection with the metropolitan context. Your music reflects the urban soundscape.",18 January 2026,2026-01-18,2026-09-23 12:37:25.362659+00:00
kunsten_be_flanders_d3e08cdf7f83,kunsten_be_flanders,https://www.kunsten.be/en/calls/open-call-bosacademie/,https://docs.google.com/forms/d/e/1FAIpQLSfb0m1HNOgYbbnOPtUSi0ZbJGfIq5NKnmB59KM9muyr7GFYKQ/viewform,Het Bos,"Bosacademie is a development program for young people in Het Bos. It’s a springboard for your own projects and ideas. Bosacademie can be described as an education, a brainstorming session, a learning path, and a presentation platform for young thinkers and doers, as well as artists and creative entrepreneurs. Bosacademie offers you a wide range of opportunities to explore Het Bos and network with other artists and organizations!",artists and creative entrepreneurs,development program,Belgium,Antwerp,"Working hours and a workspace at Het Bos in April, May, July, August, or September, minimum 5 days and maximum 20 days Possible presentation platform, such as the Vruchtbare Grond festival, which will take place from May 14th to 24th and September 17th to 26th. Het Bos will provide promotion and technical and production support. A small participation fee, via Amplo, of at least €150. Coaching by professionals",no fee stated,young people,en,Open Call Bosacademie,"You are between 18 and 28 years old. You live in Belgium and/or independently reach Het Bos (Ankerrui 5/7, Antwerp) Your project includes a public performance as a closing or interim presentation Your project aligns with Het Bos’s mission. You actively participate in the Boscademie project. We meet an average of 7 times a year. Project proposals are selected based on feasibility, necessity, focus, and relevance, among other factors. We appreciate it if you involve one or more communities in your project.",Open Call Bosacademie,"You are between 18 and 28 years old. You live in Belgium and/or independently reach Het Bos (Ankerrui 5/7, Antwerp) Your project includes a public performance as a closing or interim presentation Your project aligns with Het Bos’s mission. You actively participate in the Boscademie project. We meet an average of 7 times a year. Project proposals are selected based on feasibility, necessity, focus, and relevance, among other factors. We appreciate it if you involve one or more communities in your project.",14 Jan 2026,2026-01-14,2026-09-23 12:37:25.366496+00:00
kunsten_be_flanders_eb5a557cfc39,kunsten_be_flanders,https://www.kunsten.be/en/calls/open-call-bba-artist-prize-2026/,https://bba-prizes.com/artist-prize,BBA,"We invite artists from around the world to apply for the BBA Artist Prize 2026. All mediums and themes are welcome, and the competition is open to anyone 18+, regardless of experience, education, or background.",All mediums and themes,Artist Prize,,BBA Gallery,,,"established artist, an emerging talent, or simply passionate about creating",en,Open Call – BBA Artist Prize 2026,"open to anyone 18+, regardless of experience, education, or background.",Open Call – BBA Artist Prize 2026,"open to anyone 18+, regardless of experience, education, or background.",12 Jan 2026,2026-01-12,2026-09-23 12:37:25.369877+00:00
kunsten_be_flanders_857be5e8a36a,kunsten_be_flanders,https://www.kunsten.be/en/calls/bicentennial-of-photography-labeling-call-for-projects/,https://www.culture.gouv.fr/en/catalogue-des-demarches-et-subventions/appels-a-projets-candidatures/bicentennial-of-photography-labeling-call-for-projects,Ministère de la culture Française,"Photography was invented nearly two centuries ago. To mark this occasion, the French Ministry of Culture is planning a large, community-wide celebration of the Bicentennial of Photography, showcasing photography in all its forms throughout France from September 2026 to September 2027. All those involved in photography, the arts and culture are invited to join the celebrations by organizing events, exhibitions, meet-ups, hands-on projects, talks, publications and educational workshops to make it a major cultural event.",Photography,Call for Projects,France,,"Official labeling, inclusion on an interactive map and a dedicated website will maximize exposure for the selected events.",,,en,‘Bicentennial of Photography’ Labeling: Call for Projects,The call for projects is open to applicants from France and abroad .,‘Bicentennial of Photography’ Labeling: Call for Projects,The call for projects is open to applicants from France and abroad .,11 Jan 2026,2026-01-11,2026-09-23 12:37:25.373134+00:00
kunsten_be_flanders_2ed3f7c14414,kunsten_be_flanders,https://www.kunsten.be/en/calls/ga-mee-met-vonk-op-4-daags-netwerkprogramma-in-berlijn/,https://kunstplaatsvonk.be/en/activities/open-call-internationaal-programma-berlijn-2026,Kunstplaats Vonk,"Kunstplaats Vonk is organ­is­ing a four-day net­work­ing pro­gram in Berlin. During this event, from June 7 th to June 12 th 2026 , Vonk will bring 8 emerg­ing visu­al artists from Belgium to Berlin to fur­ther devel­op their pro­fes­sion­al networks.",Visual Artists,networking program,Belgium,Berlin,"A shared hotel room for 5 nights in Berlin (2 people per room, single beds), including breakfast 6 one-on-one meetings with 8 German curators (gallery owners, artistic directors, programmers, etc.) including lunch and dinner on Monday 8 June 2026 3 guided visits at art organisations in Berlin",Pay a contribution of € 363.00 (incl. 21% VAT) to cover part of our costs (A payment plan is possible if needed),emerging,en,Join Vonk on a four-day networking program in Berlin,Visual Artists Active in visual arts or in trans­disciplinary performing arts Demonstrating a high artistic quality With a solid professional career in Belgium You Should Be available on 4 April 2026 for an introductory meeting in Hasselt Be free to travel for the duration of the program: 7 – 12 June 2026 Hold a Belgian nationality or have lived in Belgium for at least 3 years Prepare your own portfolio,Join Vonk on a four-day networking program in Berlin,Visual Artists Active in visual arts or in trans­disciplinary performing arts Demonstrating a high artistic quality With a solid professional career in Belgium You Should Be available on 4 April 2026 for an introductory meeting in Hasselt Be free to travel for the duration of the program: 7 – 12 June 2026 Hold a Belgian nationality or have lived in Belgium for at least 3 years Prepare your own portfolio,09 Jan 2026,2026-01-09,2026-09-23 12:37:25.376237+00:00
kunsten_be_flanders_61e96ffd7526,kunsten_be_flanders,https://www.kunsten.be/en/calls/open-call-masterclass-movement-performativity-togetherness/,https://docs.google.com/forms/d/e/1FAIpQLScYla2Pon8MPTUPibGpd5cZceiDaw0-BIl3qxqh2KjHOH60yA/viewform,TOGETHERNESS,"TOGETHERNESS is organising a masterclass on dance and movement about security, togetherness and the power of being together, culminating in a public performance.",dance and movement,masterclass,,Ghent,,"A contribution of 100 euros is requested for participation in the project, covering all rehearsals, performances, insurance and other costs for the project",,en,Open call: Masterclass movement & performativity TOGETHERNESS,"TOGETHERNESS is looking for eight dancers/movement artists who are interested in exploring, creating and supporting the project.

What are our requirements for participation?
Anyone (aged 18 and above) with some experience in dance/movement/performance
Available during the creation and performance period
Willing to explore, create and contribute to the project **We are looking for a diverse group, a mix of different profiles (from amateur to professional, dancers with different physical abilities, young and old, M/F/X, diverse backgrounds, etc.)",Open call: Masterclass movement & performativity TOGETHERNESS,"TOGETHERNESS is looking for eight dancers/movement artists who are interested in exploring, creating and supporting the project.

What are our requirements for participation?
Anyone (aged 18 and above) with some experience in dance/movement/performance
Available during the creation and performance period
Willing to explore, create and contribute to the project **We are looking for a diverse group, a mix of different profiles (from amateur to professional, dancers with different physical abilities, young and old, M/F/X, diverse backgrounds, etc.)",before 9 January 2026,2027-01-23,2026-09-23 12:37:25.399994+00:00
kunsten_be_flanders_b363b1956897,kunsten_be_flanders,https://www.kunsten.be/en/calls/sofam-beurzen-2025-6/,,SOFAM,"We are delighted to announce our new call for SOFAM Grants 2025/6. For this edition, a professional jury will award 20 grants. If you are selected, you will receive €2,500 to invest in your practice, plus possible publication in a future SOFAM Revue.",visual artists,grants,Belgium,,"20 grants... you will receive €2,500 to invest in your practice, plus possible publication in a future SOFAM Revue.",,professional,en,SOFAM Grants 2025/6,"The SOFAM grants are destined for professional visual artists in Belgium, who are a member of SOFAM or who plan to join. Are you already a member of another collective management society in Belgium for visual work? Then, unfortunately, this call is not for you.",SOFAM Grants 2025/6,"The SOFAM grants are destined for professional visual artists in Belgium, who are a member of SOFAM or who plan to join. Are you already a member of another collective management society in Belgium for visual work? Then, unfortunately, this call is not for you.",28 Dec 2025,2025-12-28,2026-09-23 12:37:25.403068+00:00
kunsten_be_flanders_d4dcb3347320,kunsten_be_flanders,https://www.kunsten.be/en/calls/imal-ipo-call-for-residencies-2026/,https://www.imal.org/en/events/ipo26,iMAL,"iMAL Project Office is an open call aimed at artists and creators based in Belgium. Through residencies of maximum one month at iMAL, we seek to provide production & research assistance to support and develop new artistic projects. The 2026 iPO programme: LABOR-atorium – a co-creation research residency with LABoral (Gijón, SP) Stages – a residency co-organised with A Two Dogs Company (Brussels) Fablab Experiments – two residencies at Fablab iMAL",artists and creators,Residency,Belgium,,production & research assistance,,,en,iMAL iPO call for residencies 2026,an open call aimed at artists and creators based in Belgium.,iMAL iPO call for residencies 2026,an open call aimed at artists and creators based in Belgium.,22 Dec 2025,2025-12-22,2026-09-23 12:37:25.406324+00:00
kunsten_be_flanders_e4a2cb6c28a5,kunsten_be_flanders,https://www.kunsten.be/en/calls/ga-op-residentie-bij-a-two-dogs-company-imal/,https://www.imal.org/en/events/ipo26/stages,iMAL and A Two Dogs Company,"STAGES is an annual residency programme initiated by iMAL and A Two Dogs Company. They are looking for artists who wish to work at the confluence of performing arts and digital arts, with transversal projects that fully take advantage of both the black box of the performance stage, and the white cube of the exhibition space. iMAL and ATDC aim in particular to support the development of projects in which technical elements play an essential role. The residency aims to help you tackle these technical and dramaturgical challenges, with both organisations sharing their resources and expertise in their respective fields. The residency will take place at the A Two Dogs Company atelier/studio and the iMAL spaces and lab.",performing arts and digital arts,residency,Belgium,,,,emerging artists,en,Open Call residency at A Two Dogs Company & iMAL,"This call is aimed at emerging artists. Applicants must be resident in Belgium, regardless of nationality, gender, religion or ethnic origin. They strongly encourage candidates of all origins and identities to apply. An “emerging artist” is understood as any artist active for a few years but still in the process of establishing their career, particularly regarding their involvement with various artistic and cultural institutions. Their practice remains precarious and relies on institutional support or partnerships for the production of their works.",Open Call residency at A Two Dogs Company & iMAL,"This call is aimed at emerging artists. Applicants must be resident in Belgium, regardless of nationality, gender, religion or ethnic origin. They strongly encourage candidates of all origins and identities to apply. An “emerging artist” is understood as any artist active for a few years but still in the process of establishing their career, particularly regarding their involvement with various artistic and cultural institutions. Their practice remains precarious and relies on institutional support or partnerships for the production of their works.",22 Dec 2025,2025-12-22,2026-09-23 12:37:25.409297+00:00
kunsten_be_flanders_e2c3698c1650,kunsten_be_flanders,https://www.kunsten.be/en/calls/open-call-prix-la-puissance-du-lien-by-sakura-2026-edition/,https://www.lapuissancedulien.org/prix/le-prix-de-la-puissance-du-lien-par-sakura,Sakura Fund,"The prize invites participants to explore, through their lens, the many faces of human and social connection.",Photography,prize,,,"Seven prizes will be awarded, for a total of €4,000, funded by the Sakura Fund, with the support of GRK for printing and the catalogue.",,Youth (12–25 years old) ; Over 25 (amateur or professional),en,Open Call – Prix La Puissance du Lien by Sakura (2026 Edition),"• Youth (12–25 years old)
• Over 25 (amateur or professional)",Open Call – Prix La Puissance du Lien by Sakura (2026 Edition),"• Youth (12–25 years old)
• Over 25 (amateur or professional)",21 Dec 2025,2025-12-21,2026-09-23 12:37:25.412305+00:00
kunsten_be_flanders_8e81a92d284b,kunsten_be_flanders,https://www.kunsten.be/en/calls/kunstenaar-gezocht-voor-participatief-project-in-sint-agatha-berchem/,https://forms.office.com/Pages/ResponsePage.aspx?id=5VYrkWCavke4UrG501iDNIKO_mxb6O5Mq8Tb_x8Xku5UNkpWMUhFQkUyM1lWN05VT1pBWDFJQk9PVC4u,"Gemeenschapscentrum De Kroon, Archipel19","The socio-cultural centres De Kroon and Archipel19 in Sint-Agatha-Berchem are looking for an artist interested in co-creation, who wants to develop an artistic programme that creates connection in the public space, together with local residents.","image, movement and interaction",Commission,Belgium,Sint-Agatha-Berchem,"There is a total budget of €19,500 for the project. This includes all the costs.",,,en,Artist sought for Participatory Project in Sint-Agatha-Berchem,"The socio-cultural centres De Kroon and Archipel19 in Sint-Agatha-Berchem are looking for an artist interested in co-creation, who wants to develop an artistic programme that creates connection in the public space, together with local residents. Are you someone who knows how to harness the power of imagery and nonverbal communication to bring people closer together? Would you like to work with an intergenerational group of residents around Parc Pirsoul? Then this project is for you.

You will develop an artistic programme with and for the neighbourhood. Together with residents, you will work on creating playful, visual installations in the public space .

As an artist, you will design a co-creative programme: You will organise contact sessions with the neighbourhood in the park or in socio-cultural centre De Kroon/Archipel19 during the period March – June 2026. You will be actively engaged in the neighbourhood and work with residents and local partners . From idea to end result, co-creation is the core focus, with essential input from an intergenerational group of participants . Socio-cultural centre De Kroon and Archipel19 will put together this group of residents for the project. Archipel10 and De Kroon will also support you during the process in further empowering this group of neighbourhood residents. You will focus on language-transcending connection through images and action, not (only) through words. Together, you will develop a visible, tangible and sustainable end result that lasts beyond the project. You will work with the target group towards a powerful artistic end result that is supported by the neighbourhood. Along with the socio-cultural worker at the socio-cultural centre, you will generate involvement on the part of the target group and partners, and act with respect for the participants. You will pay special attention to those whose voice is not always heard and will actively seek out these voices. You will work within the specified budget.

The group will grow through the process: everyone is welcome, with no barriers or exclusivity.",Artist sought for Participatory Project in Sint-Agatha-Berchem,"The socio-cultural centres De Kroon and Archipel19 in Sint-Agatha-Berchem are looking for an artist interested in co-creation, who wants to develop an artistic programme that creates connection in the public space, together with local residents. Are you someone who knows how to harness the power of imagery and nonverbal communication to bring people closer together? Would you like to work with an intergenerational group of residents around Parc Pirsoul? Then this project is for you.

You will develop an artistic programme with and for the neighbourhood. Together with residents, you will work on creating playful, visual installations in the public space .

As an artist, you will design a co-creative programme: You will organise contact sessions with the neighbourhood in the park or in socio-cultural centre De Kroon/Archipel19 during the period March – June 2026. You will be actively engaged in the neighbourhood and work with residents and local partners . From idea to end result, co-creation is the core focus, with essential input from an intergenerational group of participants . Socio-cultural centre De Kroon and Archipel19 will put together this group of residents for the project. Archipel10 and De Kroon will also support you during the process in further empowering this group of neighbourhood residents. You will focus on language-transcending connection through images and action, not (only) through words. Together, you will develop a visible, tangible and sustainable end result that lasts beyond the project. You will work with the target group towards a powerful artistic end result that is supported by the neighbourhood. Along with the socio-cultural worker at the socio-cultural centre, you will generate involvement on the part of the target group and partners, and act with respect for the participants. You will pay special attention to those whose voice is not always heard and will actively seek out these voices. You will work within the specified budget.

The group will grow through the process: everyone is welcome, with no barriers or exclusivity.",18 Dec 2025,2025-12-18,2026-09-23 12:37:25.416539+00:00
kunsten_be_flanders_962385d3c6bf,kunsten_be_flanders,https://www.kunsten.be/en/calls/farm-studio-india-international-artist-residency-in-rural-rajasthan-2/,https://farmingstudio.wordpress.com/art-residency/,Farm Studio India,"Residency Farm Studio International Artist Residency is located in a rural community in India. Residents stay and create in a quiet art centre and beautiful environment where they can develop their artwork free from accustomed distractions. Here, collaboration and experimentation is encouraged. Relationships form between the artists coming from different countries and varied social, cultural, and artistic backgrounds. Many exciting exchanges and dialogues among artists take place, including scheduled artist talks, presentations, works in progress showings, etc. Farm Studio also promotes and celebrates the local community’s artistic and cultural identity while also introducing art and culture of others’ (Indian and International guests) back to the community. This intercultural exchange broadens everyone’s experiences and fosters art appreciation.",Artists of all disciplines creating in any media,Residency,India,Andore Village,,,,en,Farm Studio India – International Artist Residency in Rural Rajasthan,Artists of all disciplines creating in any media are welcome to apply.,Farm Studio India – International Artist Residency in Rural Rajasthan,Artists of all disciplines creating in any media are welcome to apply.,15 Dec 2025,2025-12-15,2026-09-23 12:37:25.420032+00:00
kunsten_be_flanders_63435520343a,kunsten_be_flanders,https://www.kunsten.be/en/calls/ga-op-residentie-bij-morpho-in-antwerpen/,https://morphoantwerp.be/en/open-calls/curatorial-residency-goethe-institut-brussel,Goethe-Institut Brüssel and MORPHO,"The Goethe-Institut Brüssel and MORPHO are delighted to inaugurate their collaboration in 2026 with an international curatorial residency. Goethe-Institut Brüssel supports the participation of one curator based in or from Germany going to Antwerp for a three-month residency, in the framework of a thematic programme that explores curating in times of democratic crisis.",curating,residency,Belgium,Antwerp,Goethe-Institut Brüssel supports the participation of one curator based in or from Germany going to Antwerp for a three-month residency,,,en,Open Call – Curatorial Residency Goethe-Institut Brüssel,"This call is open to German curators and curators based in Germany. You have a proven critical practice dedicated to current democratic processes and opening up visions for the future. You want to focus on curatorial research and to present research results during the residency. You want to engage with the Belgian cultural landscape. You are welcome regardless of age, ethnic-cultural background, gender diversity, neurodiversity, and more. We do our best to accommodate everyone’s needs, but the specific architecture of the building (stairs, no lift) means the residency is not suitable for all conditions. There is only room for 1 adult, possibly with a child (Family top-up: 100 € per month). You are welcome to contact us in advance to discuss your personal situation.",Open Call – Curatorial Residency Goethe-Institut Brüssel,"This call is open to German curators and curators based in Germany. You have a proven critical practice dedicated to current democratic processes and opening up visions for the future. You want to focus on curatorial research and to present research results during the residency. You want to engage with the Belgian cultural landscape. You are welcome regardless of age, ethnic-cultural background, gender diversity, neurodiversity, and more. We do our best to accommodate everyone’s needs, but the specific architecture of the building (stairs, no lift) means the residency is not suitable for all conditions. There is only room for 1 adult, possibly with a child (Family top-up: 100 € per month). You are welcome to contact us in advance to discuss your personal situation.",07 Dec 2025,2025-12-07,2026-09-23 12:37:25.425375+00:00
kunsten_be_flanders_22da6aff727f,kunsten_be_flanders,https://www.kunsten.be/en/calls/ithaka-26-kunstenfestival-voor-jong-talent/,https://www.loko.be/nl/actualiteit/ithaka-2026-open-call-for-artists-2,LOKO Cultuur,"We are looking for young, emerging artists (students, recent graduates, self-taught) from all disciplines who want to experiment within the theme “Human & Animal”. The theme explores the intimate bond with animals, but also broader societal and academic questions around care, systems, and ecology. Ithaka serves as a crucial springboard for emerging talent. We offer selected artists curatorial and production support, a production budget, and the opportunity to show their work to a large and diverse (student) audience.",all disciplines,Call for Artists,Belgium,Leuven,"We offer selected artists curatorial and production support, a production budget, and the opportunity to show their work to a large and diverse (student) audience.",,"young, emerging artists (students, recent graduates, self-taught)",en,Ithaka ’26: arts festival for young talent,"We are looking for young, emerging artists (students, recent graduates, self-taught) from all disciplines who want to experiment within the theme “Human & Animal”.",Ithaka ’26: arts festival for young talent,"We are looking for young, emerging artists (students, recent graduates, self-taught) from all disciplines who want to experiment within the theme “Human & Animal”.",07 Dec 2025,2025-12-07,2026-09-23 12:37:25.429737+00:00
kunsten_be_flanders_b25efb4eb1e8,kunsten_be_flanders,https://www.kunsten.be/en/calls/kunstenpunt-zoekt-toekomstdenkers-meerstemmigheid/,https://register.kunsten.be/en/meeting-programmes/detail/185/flanders-arts-institute-seeks-multi-voiced-forward-thinkers/about?preview=cadd170d16f1aa877df29b3a38599f2e55f8ad0a,Flanders Arts Institute,"In 2025 Flanders Arts Institute is launching a three-year project on multi-voicedness in the arts. During this period, we will work together with (hands-on) experts and committed artists, citizens and organisations – inside and outside the arts field – to develop tools to achieve a multi-voiced arts field. In 2025, we will identify barriers and opportunities, which we will then translate into concrete tools. In January and February 2026, we will be organising three days – two intensive days in a small group and a public event – to work on concrete ideas for a multi-voiced arts field.",arts,call,Belgium,Malines,"For participants who are not doing this as part of a paid role at an organisation, we provide fair compensation.",,,en,Flanders Arts Institute seeks multi-voiced forward thinkers,"Individuals with expertise and an interest in multi-voicedness and its intersectional approach. Individuals with lived experience in their field of expertise are an advantage. Who are active in the arts (artist, cultural worker, …). Individuals who are available on 19 and 26 January 2026, from 11 am to 4 pm each day. In Malines.",Flanders Arts Institute seeks multi-voiced forward thinkers,"Individuals with expertise and an interest in multi-voicedness and its intersectional approach. Individuals with lived experience in their field of expertise are an advantage. Who are active in the arts (artist, cultural worker, …). Individuals who are available on 19 and 26 January 2026, from 11 am to 4 pm each day. In Malines.",05 Dec 2025,2025-12-05,2026-09-23 12:37:25.433464+00:00
kunsten_be_flanders_70e60edf5971,kunsten_be_flanders,https://www.kunsten.be/en/calls/oproep-voor-onderzoeksbeurs-voor-curatoren-in-arles/,https://www.rencontres-arles.com/en/bourse-de-recherche-curatoriale-appel-a-candidatures/,The Rencontres d’Arles,The Rencontres d’Arles is delighted to announce the launch of the new edition of the Curatorial Research Fellowship.,exhibition curators,curatorial research fellowship,,Arles,"The maximum € 20,000 grant includes (1) an initial amount of €5,000 in copyright acquired for the winner of the Rencontres d’Arles Curatorial Award ; and (2) a second amount of €15,000 if approval, to produce the project if presented on Les Rencontres d’Arles program.",,,en,Open call for Curatorial Research Fellowship in Arles,"The Rencontres d’Arles €20,000 curatorial research fellowship is open to all exhibition curators.",Open call for Curatorial Research Fellowship in Arles,"The Rencontres d’Arles €20,000 curatorial research fellowship is open to all exhibition curators.",01 Dec 2025,2025-12-01,2026-09-23 12:37:25.436684+00:00
kunsten_be_flanders_77942e92b1c5,kunsten_be_flanders,https://www.kunsten.be/en/calls/open-call-love-among-the-artists-residency-in-marseille/,https://docs.google.com/forms/d/e/1FAIpQLSeU7SWy-9a8OYt9xQvNHk0NnLMkFAy9MZTdsSLQ-3Nf1Oqfww/viewform,Studio Prouvost,"LATA – Love Among The Artists, a project supported by Studio Prouvost, invites you for a self-directed two-week residency in a sunlit apartment by the Mediterranean Sea in Marseille.",artists,Residency,France,Marseille,A fully equipped 45 m² apartment next to Les Catalans beach,,,en,Open Call – “Love Among The Artists” Residency in Marseille,"We are interested in artists that explore transitions from urban to natural, from concrete to cliffside, from the city’s buzz to the sea’s calm",Open Call – “Love Among The Artists” Residency in Marseille,"We are interested in artists that explore transitions from urban to natural, from concrete to cliffside, from the city’s buzz to the sea’s calm","Sunday, 30 November 2025 (midnight).",2025-11-30,2026-09-23 12:37:25.441455+00:00
kunsten_be_flanders_df27ab545c60,kunsten_be_flanders,https://www.kunsten.be/en/calls/open-call-hosting-as-artistic-practice/,https://www.kunsten.be/en/calls/open-call-hosting-as-artistic-practice/,Globe Aroma,"Globe Aroma is looking for a multidisciplinary artist : a poetic thinker with a practical mind and a social tongue, someone who can gently spark everyone’s imagination. From January to June 2026 , we invite one artist to share a unique time and space with our artistic community in the heart of Brussels. We are looking for a person whose artistic practice is centered around hosting and hospitality, someone who builds an open and curious space where creation can appear unexpectedly. During these six months, you will work with people who feel the desire to create, but who are not artists themselves!",multidisciplinary,open call,Belgium,Brussels,6-month employment via Globe Aroma’s payroll (barema PC 329.01),,,en,OPEN CALL – HOSTING AS ARTISTIC PRACTICE,"We are looking for a person whose artistic practice is centered around hosting and hospitality, someone who builds an open and curious space where creation can appear unexpectedly.

We are looking for someone who: works across disciplines (textile, movement, ceramics, poetry, cooking, etc.); blends art, hospitality, care, and community; feels comfortable in multilingual settings; is familiar with migration (by lived experience or affinity); can listen, let go, and stay open to the unexpected; prefers process over product; enjoys collaborating with people with no artistic training but strong imagination.

We especially welcome applications from artists with migration backgrounds, artists of color, queer, neurodiverse, and non-binary artists.",OPEN CALL – HOSTING AS ARTISTIC PRACTICE,"We are looking for a person whose artistic practice is centered around hosting and hospitality, someone who builds an open and curious space where creation can appear unexpectedly.

We are looking for someone who: works across disciplines (textile, movement, ceramics, poetry, cooking, etc.); blends art, hospitality, care, and community; feels comfortable in multilingual settings; is familiar with migration (by lived experience or affinity); can listen, let go, and stay open to the unexpected; prefers process over product; enjoys collaborating with people with no artistic training but strong imagination.

We especially welcome applications from artists with migration backgrounds, artists of color, queer, neurodiverse, and non-binary artists.",20 Nov 2025,2025-11-20,2026-09-23 12:37:25.444678+00:00
kunsten_be_flanders_77d04e963291,kunsten_be_flanders,https://www.kunsten.be/en/calls/dingen-die-niet-verkopen-verkopen-u-dingen/,https://www.dingendienietverkopen.be/calls,Dingen die niet verkopen,"We want to extend this theme to our annual group exhibition, ‘Dingen die niet verkopen, verkopen u dingen’, which will run from December 11th to December 21st of 2025. At a time when reality is stranger than fiction, we’re looking for visual art that actively explores the friction between truth and make-believe. For the occasion, we’re opening a department store stocked with untruths.",visual art,open call,Belgium,Antwerp,"We do not take ownership of your work, and you receive the full amount as agreed upon if sold. We will add an additional 20% to the sales price to cover the costs and communication of this exhibition, which we keep.",,,en,Open call Dingen die niet verkopen (‘Stuff that does not sell’),"We are looking for unique objects and/or editions/multiples that tell a false or distorted narrative through text or image. Three-dimensional works and objects, as well as zines and alternative forms of publication, are eligible. We prefer objects that can be displayed on a shelf, newspaper carousel, or table. Works intended for wall mounting are not eligible. Specifics: Your work tells a (fictional) story through text and/or image. We are looking for small works: you can hold them in one hand and they cost no more than €100 (including VAT).",Open call Dingen die niet verkopen (‘Stuff that does not sell’),"We are looking for unique objects and/or editions/multiples that tell a false or distorted narrative through text or image. Three-dimensional works and objects, as well as zines and alternative forms of publication, are eligible. We prefer objects that can be displayed on a shelf, newspaper carousel, or table. Works intended for wall mounting are not eligible. Specifics: Your work tells a (fictional) story through text and/or image. We are looking for small works: you can hold them in one hand and they cost no more than €100 (including VAT).",16 Nov 2025,2025-11-16,2026-09-23 12:37:25.448390+00:00
kunsten_be_flanders_85c853ed4180,kunsten_be_flanders,https://www.kunsten.be/en/calls/novi-sad-theatre-festival-2026-call-for-performances-for-children-and-young-people-serbia/,https://www.festivalnpi.co.rs/en/festival2024/news/open-call-novi-sad-thatre-festival-2026,"Youth Theatre, Novi Sad","Youth Theatre, Novi Sad, has opened the call for the 5th International Theatre Festival for Children and Youth, which will take place in the second week of May 2026. Professional theatres from around the world are invited to apply with performances for children and young people across all genres – from drama and puppetry to dance, shadow and object theatre. All types of theatre creation for children and youth are represented at the Festival.",Theatre,Call,Serbia,Novi Sad,"the organiser of the festival, provides accommodation and food for the participants as well as travel expenses in the total amount up to 2,000 EUR.",,,en,Novi Sad Theatre Festival 2026 Call for Performances for Children and Young People (Serbia),"Professional theatres from around the world are invited to apply with performances for children and young people across all genres – from drama and puppetry to dance, shadow and object theatre.",Novi Sad Theatre Festival 2026 Call for Performances for Children and Young People (Serbia),"Professional theatres from around the world are invited to apply with performances for children and young people across all genres – from drama and puppetry to dance, shadow and object theatre.",15 Nov 2025,2025-11-15,2026-09-23 12:37:25.451952+00:00
kunsten_be_flanders_6aad32a7d163,kunsten_be_flanders,https://www.kunsten.be/en/calls/werkgroep-advies-module-startende-kunstenaars/,,Kunstenpunt / Flanders Arts Institute,"Through this open call, we want to put together an external working group that will thoroughly review the module for starting artists, gather feedback, and provide input for its rewriting.","visual arts, performing arts, and/or classical music",open call,Belgium,null,We offer you compensation of €850 excluding VAT for the entire process. Train tickets will be reimbursed.,null,starting artists / emerging artists,en,Working group advice: module for starting artists,"You are active in the visual arts, performing arts, and/or classical music. You are not (or no longer) studying. Or you did not follow the traditional path of art education as an artist. You are at the start of your professional career – regardless of age – or you still have vivid memories of what it was like to be a starting artist. Or you have experience in supporting or guiding artists who are at the start of their professional careers. Or you are experiencing social barriers to starting your career. Due to their underrepresentation in the arts, we want to encourage everyone of color, women, people with disabilities or neurodivergence, members of the LGBTQIA+ community, and individuals who experience financial barriers to participate.",Working group advice: module for starting artists,"You are active in the visual arts, performing arts, and/or classical music. You are not (or no longer) studying. Or you did not follow the traditional path of art education as an artist. You are at the start of your professional career – regardless of age – or you still have vivid memories of what it was like to be a starting artist. Or you have experience in supporting or guiding artists who are at the start of their professional careers. Or you are experiencing social barriers to starting your career. Due to their underrepresentation in the arts, we want to encourage everyone of color, women, people with disabilities or neurodivergence, members of the LGBTQIA+ community, and individuals who experience financial barriers to participate.",14 Nov 2025,2025-11-14,2026-09-23 12:37:25.455479+00:00
kunsten_be_flanders_937443956cc9,kunsten_be_flanders,https://www.kunsten.be/en/calls/art-explora-cite-internationale-des-arts-residency-programme-2026/,https://artexplora.plateformecandidature.com/,Art Explora,"Art Explora, the international foundation that fosters new encounters between arts and audiences, locally, nationally and internationally, is pleased to announce that the call for applications for the Art Explora – Cité internationale des Arts Residency Programme 2026 is now open. Until October 31st 2025 , artists and collectives of artists, researchers and curators from all around the world are invited to apply for this unique residency programme, with projects that question relations between art, science and technology, and address social and ecological issues of our time.","artists, researchers and curators",Residency,Albania,Tirana,"All residents benefit from a fully-furnished studio for 3 or 6 months, production and living grants. ... each year, two artists hosted within the Art Explora Residencies will also benefit from access to Lafayette Anticipations’ production workshops, additional support and a production budget of up to €3,000.",,,en,Art Explora – Cité internationale des arts Residency programme 2026,"artists and collectives of artists, researchers and curators from all around the world are invited to apply for this unique residency programme, with projects that question relations between art, science and technology, and address social and ecological issues of our time.",Art Explora – Cité internationale des arts Residency programme 2026,"artists and collectives of artists, researchers and curators from all around the world are invited to apply for this unique residency programme, with projects that question relations between art, science and technology, and address social and ecological issues of our time.","Applications are open until October 30th, 2025, 11:59pm (GMT+02:00, Europe/Paris)",2025-10-30,2026-09-23 12:37:25.460869+00:00
kunsten_be_flanders_c38ccf84a460,kunsten_be_flanders,https://www.kunsten.be/en/calls/open-call-cinema-canape/,https://docs.google.com/forms/d/e/1FAIpQLSeLTGOleELcKlPxI-kfUjgBmHpKCFaJ5kUl_wfanYvPmVnZag/viewform,Call Canapé vzw,"CINEMA CANAPÉ is always looking for people who want to share their work! This open call will serve as a database. So don’t worry if we don’t reach out to you right away, we’ll keep your submission and contact artists who fit upcoming screenings. Whether you’re working on short film, experimental video, documentary, animation, or something in between: all forms and genres are welcome. No experience needed (but very welcome) we want to create an open space for experimentation, trying things out, and sharing with others. Our upcoming curation has a special focus on the spooky, mysterious, and dark","filmmakers, video artists, and moving-image makers",open call,,,,,,en,Open call Cinema Canapé,"This call is especially for all filmmakers, video artists, and moving-image makers. Whether you’re working on short film, experimental video, documentary, animation, or something in between: all forms and genres are welcome. No experience needed (but very welcome)",Open call Cinema Canapé,"This call is especially for all filmmakers, video artists, and moving-image makers. Whether you’re working on short film, experimental video, documentary, animation, or something in between: all forms and genres are welcome. No experience needed (but very welcome)",20 Oct 2025,2025-10-20,2026-09-23 12:37:25.464190+00:00
kunsten_be_flanders_0b695cd43d60,kunsten_be_flanders,https://www.kunsten.be/en/calls/invitation-for-members/,https://forms.gle/7gLeM6zVynQNyqBB9,DomestiCity,"DomestiCity is a socially engaged artist-run space based in Laken, Brussels. We open up the basement of our house for neighbours, friends, passerby for artistic and reflective activities and events linked to craft – slowing down – working together – dialogue. In 2025 we will reshape the collective into a living (room) library where we gather and pass on (embodied) knowledge about crafts – commonism – micro-politics.",craft,Call,Belgium,Brussels,,,,en,Invitation for Members*,"Housemate/member : You participate in the project from within the house. You join meetings and engage with the public gatherings in our basement twice a month. You give input in the gatherings- what would you like to do? You help to shape the always-evolving collective.You live in our house and can use the project space as a collective atelier/work space. (If you want more info about the house (democratic rent, photos, housemates) or would like to visit it, please contact domesticitybrussels@gmail.com

Participative member : You engage with the public gatherings in our basement twice a month (+-8h per month). You give input in the gatherings – what would you like to do? You can use the project space as a collective atelier/working space. You help to shape the always-evolving collective.

Volunteer : You would like to help out with one of the gatherings that interests you. On this link , you can find more information about the specific questions we would like to have an answer on.",Invitation for Members*,"Housemate/member : You participate in the project from within the house. You join meetings and engage with the public gatherings in our basement twice a month. You give input in the gatherings- what would you like to do? You help to shape the always-evolving collective.You live in our house and can use the project space as a collective atelier/work space. (If you want more info about the house (democratic rent, photos, housemates) or would like to visit it, please contact domesticitybrussels@gmail.com

Participative member : You engage with the public gatherings in our basement twice a month (+-8h per month). You give input in the gatherings – what would you like to do? You can use the project space as a collective atelier/working space. You help to shape the always-evolving collective.

Volunteer : You would like to help out with one of the gatherings that interests you. On this link , you can find more information about the specific questions we would like to have an answer on.",12 Oct 2025,2025-10-12,2026-09-23 12:37:25.467257+00:00
kunsten_be_flanders_6f9b625b869d,kunsten_be_flanders,https://www.kunsten.be/en/calls/word-een-rema-member/,https://www.rema-eemn.net/join-us/,REMA,"By becoming a REMA member, you can take part in all REMA events and boost your own activities!",early music,membership call for applications,,,,,,en,Become REMA member,"Since 25 May 2023, REMA has been open to all types of early music players (ensembles, festivals, concert halls, research institutes, labels, agents, conservatoires, etc.). There is only one way to join REMA: each year, a call for applications enables around thirty new organisations to join the REMA network. In 2025, applications are open from 1 July to 8 October: new members will be welcomed on 1 January 2026. The 2026 General Assembly will be held in Malta from 20 to 22 January 2026. CRITERIA FOR JOINING Applicant organisations must have been in existence for a minimum of three years and possess a legal entity status. The Board of Directors will look at: The overall quality of the activities The alignment of the applicants’ values with REMA The criteria and selection process are detailed in the full call. You will be asked to: Provide information about your organisation. Select a main activity: promoter, ensemble, education, research, agent, publisher or other. Once accepted, members can represent all their activities. Answer specific questions related to your main activity and submit relevant documentation (e.g. programme of activities, list of publications, concerts, etc.) Explain your motivation for joining REMA and how your values are in line with the network. Submit a letter of recommendation from a REMA member. Additional information: if you have taken part in a network project in the past, include this information in your application. CODE OF CONDUCT From the moment they apply, all candidates must endorse the network’s code of conduct, established with the members, which ensures adherence to professional ethics among REMA members. The code of conduct delineates the expected or unlawful or inappropriate behavior from members, and outlines the procedure for penalizing such conduct.",Become REMA member,"Since 25 May 2023, REMA has been open to all types of early music players (ensembles, festivals, concert halls, research institutes, labels, agents, conservatoires, etc.). There is only one way to join REMA: each year, a call for applications enables around thirty new organisations to join the REMA network. In 2025, applications are open from 1 July to 8 October: new members will be welcomed on 1 January 2026. The 2026 General Assembly will be held in Malta from 20 to 22 January 2026. CRITERIA FOR JOINING Applicant organisations must have been in existence for a minimum of three years and possess a legal entity status. The Board of Directors will look at: The overall quality of the activities The alignment of the applicants’ values with REMA The criteria and selection process are detailed in the full call. You will be asked to: Provide information about your organisation. Select a main activity: promoter, ensemble, education, research, agent, publisher or other. Once accepted, members can represent all their activities. Answer specific questions related to your main activity and submit relevant documentation (e.g. programme of activities, list of publications, concerts, etc.) Explain your motivation for joining REMA and how your values are in line with the network. Submit a letter of recommendation from a REMA member. Additional information: if you have taken part in a network project in the past, include this information in your application. CODE OF CONDUCT From the moment they apply, all candidates must endorse the network’s code of conduct, established with the members, which ensures adherence to professional ethics among REMA members. The code of conduct delineates the expected or unlawful or inappropriate behavior from members, and outlines the procedure for penalizing such conduct.",08 Oct 2025,2025-10-08,2026-09-23 12:37:25.470611+00:00
kunsten_be_flanders_a5a634ac992c,kunsten_be_flanders,https://www.kunsten.be/en/calls/gezocht-belgische-fotografen-voor-nieuwe-tentoonstelling-bij-hangar/,https://www.hangar.art/open-call2025,Hangar,"As part of the bicentenary celebration (September 2026 to September 2027) of le Point de vue du gras* , considered the first photographic image in world history, the Centre national des arts plastiques (CNAP) in France has commissioned 15 photographers, focusing on the invention of photography and the relevance of its possible reinvention today. The projects are created using all the techniques that currently allow artists to produce photographic images in innovative forms. Hangar, one of the certified venues of the bicentenary celebration, will host the exhibition of the 15 projects from this commission in September 2026 on the theme “Reinventing Photography”. To complement this exhibition, Hangar has decided to launch a call for applications open to Belgian artists photographers and/or artists photographers residing in Belgium . This call invites artists photographers to explore the same theme: 200 years later, how can photography be reinvented? Is photography a medium that reinvents itself? How do photographic artists, through their practice, keep contemporary photography alive? The call for applications will constitute the Belgian part of the exhibition.",photography,open call,Belgium,null,Support for the production costs of the exhibition’s works. Cash prize of 4000€ for each of 5 laureates.,,,en,Open Call: Reinventing Photography by Hangar,"Conditions for participation being over the age of majority (18+) being a Belgian artist photographer and/or artists photographers residing in Belgium should demonstrate at least ONE of these two possibilities: – have a track record of professional practice as an artist (exhibitions, publications) – have an art school degree This call is open ONLY for original and unpublished projects / The works must be conceived, created, and produced specifically for this commission and presented for the first time at Hangar.",Open Call: Reinventing Photography by Hangar,"Conditions for participation being over the age of majority (18+) being a Belgian artist photographer and/or artists photographers residing in Belgium should demonstrate at least ONE of these two possibilities: – have a track record of professional practice as an artist (exhibitions, publications) – have an art school degree This call is open ONLY for original and unpublished projects / The works must be conceived, created, and produced specifically for this commission and presented for the first time at Hangar.",03 Oct 2025,2025-10-03,2026-09-23 12:37:25.473521+00:00
kunsten_be_flanders_655be783ebe9,kunsten_be_flanders,https://www.kunsten.be/en/calls/belgian-photo-awards-2025/,https://belgianphotoawards.com/,Belgian Photo Awards,"The Belgian Photo Awards honor professional photography talent in Belgium, with awards in a variety of categories: from portrait and documentary to wedding photography and commercial assignments.",photography,competition,Belgium,Leuven,,,emerging talent (18-35),en,Belgian Photo Awards 2025,"The Belgian Photo Awards honor professional photography talent in Belgium, with awards in a variety of categories: from portrait and documentary to wedding photography and commercial assignments.",Belgian Photo Awards 2025,"The Belgian Photo Awards honor professional photography talent in Belgium, with awards in a variety of categories: from portrait and documentary to wedding photography and commercial assignments.",10 Sep 2025,2025-09-10,2026-09-23 12:37:25.478023+00:00
kunsten_be_flanders_75741deaac9b,kunsten_be_flanders,https://www.kunsten.be/en/calls/goddessarts-prize-open-call/,https://www.goddessartsmag.com/goddessarts-prize,Goddessarts Magazine,"We are thrilled to announce our first art prize, celebrating the divine feminine in all her forms – from mythological figures to mothers, muses, spiritual archetypes, and women who inspire. This is your moment to channel your vision of what a goddess means to you! All mediums welcome – painting, sculpture, drawing, collage, photography, mixed media & digital art.","All mediums welcome – painting, sculpture, drawing, collage, photography, mixed media & digital art.",Art Prize Competition,international,,"1st Prize: 250 € Cash, Solo Virtual Exhibition, 6-page Magazine Feature, Interview, Winner’s Certificate",Early Bird – July 20 | Fee: 35 € Regular – August 31 | Fee: 45 €,artist of all stages of career and all ages,en,Goddessarts Prize – Open Call,"Eligibility: international, artist of all stages of career and all ages",Goddessarts Prize – Open Call,"Eligibility: international, artist of all stages of career and all ages",31 Aug 2025,2025-08-31,2026-09-23 12:37:25.481413+00:00
kunsten_be_flanders_437b564efaf9,kunsten_be_flanders,https://www.kunsten.be/en/calls/residentie-bij-khmessen-noorwegen/,http://www.khmessen.no/,Kunstnarhuset Messen,"Applications are now open for a working period for 1- to 3 months in 2026 at International Art residency KHMessen in Norway! A beautiful residency that is located in the hart of the Hardanger, between the mountains and the fjord. The Art residence gives time for reflection, research, presentation and production.","visual artists, writers, composer/musicians, performance artists",Residency,Norway,Ålvik,,we ask a fee of 1000 Norwegian Krone per month (approx. 85 euro).,at any stage of their careers,en,Residency at KHMessen (Noorwegen),"We welcome visual artists, writers, composer/musicians, performance artists at any stage of their careers who are interested in exploring and expanding their work in a unique and supportive environment.",Residency at KHMessen (Noorwegen),"We welcome visual artists, writers, composer/musicians, performance artists at any stage of their careers who are interested in exploring and expanding their work in a unique and supportive environment.",31 Aug 2025,2025-08-31,2026-09-23 12:37:25.485019+00:00
kunsten_be_flanders_e7ad5b0af54f,kunsten_be_flanders,https://www.kunsten.be/en/calls/open-call-voor-residentie-silence-awareness-existence-in-finland/,https://www.arteles.org,Arteles Creative Center,"Thematic, transdisciplinary residency program in Finland for artists, writers, researchers and creative minds attuned to the theme. The program brings together creative individuals from different backgrounds. Artistic, scientific, meditative and existentialistic approaches are all equally embraced. Taking place at the heart of the Northern winter, the conditions are excellent for creative contemplation, solitary introspection, concentrating intensively on your work, thinking and being, as well as for sharing experiences and ideas with other, similarly oriented minds. There is no pressure to have a concrete productive outcome, in case your focus is more in inner development, self-reflection and research. All participation in group activities is voluntary.","artists, writers, researchers",Residency,Finland,,"Applicants who otherwise would be unable to join the program can apply for financial support. The number of financially supported residencies is limited. Regular fee: 1950 € / monthly period Financially supported fee (limited availability): 1350 € / monthly period Contributor’s fee (optional): 2610 € / monthly period All fees include the registration fee (120 € / person, non-refundable, to be paid only if/when becoming selected). All the residents have accommodation in a private bedroom.",There is no application fee.,,en,Open Call for residency Silence Awareness Existence in Finland,"Thematic, transdisciplinary residency program in Finland for artists, writers, researchers and creative minds attuned to the theme. The program brings together creative individuals from different backgrounds. Artistic, scientific, meditative and existentialistic approaches are all equally embraced.",Open Call for residency Silence Awareness Existence in Finland,"Thematic, transdisciplinary residency program in Finland for artists, writers, researchers and creative minds attuned to the theme. The program brings together creative individuals from different backgrounds. Artistic, scientific, meditative and existentialistic approaches are all equally embraced.",28 Aug 2025,2025-08-28,2026-09-23 12:37:25.488378+00:00
kunsten_be_flanders_29113af76b09,kunsten_be_flanders,https://www.kunsten.be/en/calls/call-for-applications-curators-workshop-for-early-career-curators-educators-and-other-practitioners-on-the-occasion-of-the-13th-berlin-biennale-for-contemporary-art/,https://newslettertogo.com/rimnoamr-ewuq4wja-l61ez4k6-ull,Berlin Biennale,"Marking its 10th iteration since 2006, this edition of the Curators Workshop Fugitive Acts: Art and Politics considers the place of politics within contemporary exhibition making.","curators, educators, and other practitioners",workshop,Germany,Berlin,with the support of 13th Berlin Biennale’s Educational Partner Volkswagen Group,,early-career,en,Call for Applications: Curators Workshop on the occasion of the 13th Berlin Biennale for Contemporary Art,"the Berlin Biennale invites a group of fifteen early-career curators, educators, and other practitioners to participate in this seven-day workshop.",Call for Applications: Curators Workshop on the occasion of the 13th Berlin Biennale for Contemporary Art,"the Berlin Biennale invites a group of fifteen early-career curators, educators, and other practitioners to participate in this seven-day workshop.",13 Jul 2025,2025-07-13,2026-09-23 12:37:25.491320+00:00
kunststiftung_nrw_efc250f36f03,kunststiftung_nrw,https://www.kunststiftungnrw.de/visuelle-kunst/foerderung/auftakt/,https://www.kunststiftungnrw.de/visuelle-kunst/foerderung/auftakt/antrag-auftakt/,Kunststiftung NRW,"Mit dem Förderprogramm AUFTAKT unterstützen wir die Umsetzung künstlerischer Vorhaben, Produktionen, Publikationen und vergeben Recherche-, Auslands- und Arbeitsstipendien für Kunstschaffende am Anfang ihrer Karriere.",Visuelle Kunst,Förderprogramm,Nordrhein-Westfalen,,,,Kunstschaffende am Anfang ihrer Karriere,de,AUFTAKT,Kunstschaffende am Anfang ihrer Karriere und unabhängige Projekträume können ihre Anträge über das Antragsverfahren AUFTAKT einreichen.,OPENING,Artists at the beginning of their career and independent project spaces can submit their applications via the AUFTAKT application process.,,,2026-09-23 12:37:26.426103+00:00
kunststiftung_nrw_b80457c32c17,kunststiftung_nrw,https://www.kunststiftungnrw.de/visuelle-kunst/foerderung/stipendien/arbeits-und-recherchestipendien/,https://www.kunststiftungnrw.de/visuelle-kunst/foerderung/stipendien/arbeits-und-recherchestipendien/antrag-arbeits-und-recherchestipendien/,Kunststiftung NRW,"Die Kunststiftung NRW unterst fctzt professionelle K fcnstler:innen sowie Institutionen und Initiativen aus Nordrhein-Westfalen, deren Arbeiten durch k fcnstlerische Vielfalt, hohe Qualit e4t und besondere Relevanz  fcberzeugen.",Visuelle Kunst,Stipendien,Nordrhein-Westfalen,,,,Kunstschaffende am Anfang ihrer Karriere,de,Arbeits- und Recherchestipendien,Kunstschaffende am Anfang ihrer Karriere und unabh e4ngige Projektr e4ume k f6nnen ihre Antr e4ge  fcber das Antragsverfahren AUFTAKT einreichen.,Work and research scholarships,Artists at the beginning of their careers and independent project spaces can submit their applications via the AUFTAKT application process.,,,2026-09-23 12:37:27.298285+00:00
kunststiftung_nrw_d141b3d73058,kunststiftung_nrw,https://www.kunststiftungnrw.de/visuelle-kunst/foerderung/stipendien/reisestipendien-spotlight-polen/,https://www.kunststiftungnrw.de/visuelle-kunst/foerderung/stipendien/reisestipendien-spotlight-polen/vergabemodalitaeten-polen-vk/,Kunststiftung NRW,"Mit dem ""Spotlight""-Programm ermöglicht die Kunststiftung NRW künstlerisch oder kuratorisch arbeitenden Personen Aufenthalte in Polen. Beantragt werden können wahlweise vier bzw. sechswöchige Reisestipendien. Die Planung und Umsetzung wird eigenständig übernommen. Sie können die Zeit nutzen, um eine konzentrierte Recherche vorzunehmen oder künstlerische Kontakte aufzubauen und zu vertiefen.",Visuelle Kunst,Stipendien,Polen,,"Einzelpersonen können eine Förderung von bis zu 7.500 Euro beantragen, künstlerische Duos bis zu 15.000 Euro.",,,de,Reisestipendien / Spotlight Polen,"Voraussetzung für Ihre Bewerbung ist, dass Sie bereits erste Verbindungen zu Akteur:innen oder Institutionen vor Ort aufgenommen haben, mit denen Sie zusammenarbeiten möchten.",Travel grants / Spotlight Poland,A prerequisite for your application is that you have already established initial contacts with actors or institutions on site with whom you would like to work together.,,,2026-09-23 12:37:28.100243+00:00
kunststiftung_nrw_13b9c46310b0,kunststiftung_nrw,https://www.kunststiftungnrw.de/visuelle-kunst/foerderung/residenzen/atelier-galata-istanbul/,https://www.kunststiftungnrw.de/visuelle-kunst/foerderung/residenzen/atelier-galata-istanbul/atelier-galata-visuelle-kunst/,Kunststiftung NRW,"Die Kunststiftung NRW vergibt ein Residenzstipendium im Bereich Visuelle Kunst in Istanbul. Ziel des Stipendiums ist es, die Kunstszene vor Ort kennenzulernen, Kontakte zu knüpfen, Ideen auszutauschen und diese Impulse später nach in ihre jeweiligen ihre Arbeitskontexte in Nordrhein-Westfalen einzubringen.",Visuelle Kunst,Residenzstipendium,"NRW, Istanbul",Istanbul,,,professionelle Kunstschaffende ... die bereits öffentliche Anerkennung erfahren haben und erste Berufserfolge vorweisen können,de,"Atelier Galata, Istanbul","Die Ausschreibung ist nicht alterslimitiert. Sie richtet sich an professionelle Kunstschaffende mit Lebensmittelpunkt in Nordrhein-Westfalen, die bereits öffentliche Anerkennung erfahren haben und erste Berufserfolge vorweisen können.","Atelier Galata, Istanbul","The call is not age-limited. It is aimed at professional artists whose center of life is in North Rhine-Westphalia, who have already received public recognition and can demonstrate initial professional successes.",,,2026-09-23 12:37:29.481852+00:00
kunststiftung_nrw_9fcfea3c0364,kunststiftung_nrw,https://www.kunststiftungnrw.de/visuelle-kunst/stiftungsinitiativen/residence-nrw/,https://www.residencenrw.de/de/ausschreibung/,Kunststiftung NRW,Stipendien für bildende Künstler:innen und Kurator:innen an einem gemeinsamen Residenzort in Münster,bildende Kunst,Stipendien,Deutschland,Münster,,,besonders begabte junge Kunstschaffende,de,Residence NRW+,ein Programm für besonders begabte junge Kunstschaffende der bildenden Gegenwartskunst. Pro Jahr werden vier zwölfmonatige Stipe,Residence NRW+,a program for particularly gifted young visual artists in contemporary art. Four twelve-month stipends are awarded each year.,,,2026-09-23 12:37:31.247247+00:00
kunststiftung_nrw_72dbd2a3195b,kunststiftung_nrw,https://www.residencenrw.de/de/ausschreibung/,,Residence NRW⁺,"Residence NRW⁺ richtet sich an bildende Künstler:innen und
                Kurator:innen mit Bezug zum Bundesland Nordrhein-Westfalen
                sowie an Kurator:innen aus der Schweiz. Mit den vier
                programmatischen Kernelementen – Austausch, Praxis, Betreuung
                und Netzwerk – bietet Residence NRW⁺ die bestmöglichen
                Bedingungen für die Weiterentwicklung im jeweiligen
                Arbeitsfeld. Pro Jahr vergibt Residence NRW⁺ vier zwölfmonatige Stipendien für
                bildende Künstler:innen sowie vier sechsmonatige Stipendien für
                Kurator:innen.",bildende Künstler:innen; Kurator:innen,Stipendium,Deutschland,Schloss Ringenberg,"Die monatliche Stipendienzuwendung beträgt 1.700 Euro (1.500 Euro Lebenshaltung, 200 Euro Produktionskostenzuschuss).",,,de,Residence NRW⁺ Ausschreibung,"Residence NRW⁺ richtet sich an bildende Künstler:innen und
                Kurator:innen mit Bezug zum Bundesland Nordrhein-Westfalen
                sowie an Kurator:innen aus der Schweiz.

Residence NRW⁺ richtet sich an Künstler:innen mit Bezug zum
                Bundeland Nordrhein-Westfalen (Herkunft, Studium oder
                Wohn-/Arbeitsort). Erforderlich ist ein abgeschlossenes Studium
                an einer Kunstakademie/Kunsthochschule. Der Abschluss der
                künstlerischen Ausbildung der Stipendiat:innen darf bei Antritt
                des Stipendiums nicht länger als fünf Jahre zurückliegen oder
                die Stipendiat:innen dürfen nicht älter als 40 Jahre sein. Die
                Stipendienzeit vornehmlich am Residenzort zu verbringen und an
                gemeinsamen Veranstaltungen (Arbeitstreffen, Exkursionen,
                Eröffnungen, etc.) teilzunehmen, sind verpflichtend.

Residence NRW⁺ richtet sich an Kurator:innen mit Bezug zum
                Bundesland Nordrhein-Westfalen bzw. der Schweiz, die profunde
                Kenntnisse im Bereich der zeitgenössischen Kunst besitzen und
                bereits eine eigene Vorstellung der kuratorischen Arbeit
                entwickelt haben sowie Gelegenheit hatten, erste Projekte zu
                realisieren. Voraussetzung ist die Bereitschaft, die
                Stipendienzeit vornehmlich am Residenzort zu verbringen und an
                gemeinsamen Veranstaltungen (Arbeitstreffen, Exkursionen,
                Eröffnungen etc.) teilzunehmen. Bewerber:innen mit Bezug zum
                Bundesland NRW müssen ein Universitätsstudium (Master, Diplom,
                Magister oder Promotion; Kunstgeschichte, Kunst,
                Kulturwissenschaften oder ähnliches) abgeschlossen haben;
                ferner gilt, dass ihr Studienabschluss bei Antritt des
                Stipendiums nicht länger als fünf Jahre zurückliegt oder sie
                nicht älter als 35 Jahre sein dürfen. Für Bewerber:innen mit
                Bezug zur Schweiz gilt kein Alterslimit, jedoch darf auch hier
                der Abschluss der Ausbildung oder, falls keine Ausbildung
                vorliegt, die erste öffentliche Präsentation der kuratorischen
                Arbeit nicht länger als 5 Jahre zurückliegen.",Residence NRW⁺ Call for Applications,"Residence NRW⁺ is aimed at visual artists and curators with a connection to the federal state of North Rhine-Westphalia as well as curators from Switzerland.

Residence NRW⁺ is aimed at artists with a connection to the federal state of North Rhine-Westphalia (origin, studies, or place of residence/work). A completed degree from an academy of art/university of the arts is required. At the start of the scholarship, the completion of the artistic training of the scholarship recipients must not be more than five years in the past, or the scholarship recipients must not be older than 40 years. It is mandatory to spend the scholarship period primarily at the residence location and to participate in joint events (work meetings, excursions, openings, etc.).

Residence NRW⁺ is aimed at curators with a connection to the federal state of North Rhine-Westphalia or Switzerland who have in-depth knowledge in the field of contemporary art and have already developed their own conception of curatorial work as well as had the opportunity to realize initial projects. A prerequisite is the willingness to spend the scholarship period primarily at the residence location and to participate in joint events (work meetings, excursions, openings, etc.). Applicants with a connection to the federal state of NRW must have completed a university degree (Master, Diplom, Magister, or doctorate; art history, art, cultural studies, or similar); furthermore, their degree must not be more than five years old at the start of the scholarship, or they must not be older than 35 years. For applicants with a connection to Switzerland, there is no age limit; however, here too the completion of the training or, if no training exists, the first public presentation of the curatorial work must not be more than 5 years in the past.",,,2026-09-23 12:37:34.005512+00:00
matadero_madrid_15564c0bdd34,matadero_madrid,https://www.mataderomadrid.org/en/calls/open-call-situated-research-residencies-2027,https://eu.jotform.com/241562142081346,Medialab Matadero,"We are looking for proposals that sit at the margins or intersections of disciplines, methodologies, and ‘knowledges’. Inspired by the principle of learning by doing, the residency aims to foster new ways of researching, prototyping, documenting, sharing knowledge, or mobilizing communities around relevant issues.","design, art, architecture, urbanism, economics, film, photography, journalism, digital media, environmental science, philosophy, engineering, social studies, political science, programming, materials science, activism",residency,Spain,Madrid,"carries a stipend of €10,000 (before tax)",,emerging profiles,en,Open Call for Situated Research Residencies 2027,"For individuals or collectives researching in the fields of design, art, architecture, urbanism, economics, film, photography, journalism, digital media, environmental science, philosophy, engineering, social studies, political science, programming, materials science, activism, or any other field consistent with the stated goals. We will value each applicant's particular trajectory, with the aim of fostering exchange between expert and emerging profiles.",Open Call for Situated Research Residencies 2027,"For individuals or collectives researching in the fields of design, art, architecture, urbanism, economics, film, photography, journalism, digital media, environmental science, philosophy, engineering, social studies, political science, programming, materials science, activism, or any other field consistent with the stated goals. We will value each applicant's particular trajectory, with the aim of fostering exchange between expert and emerging profiles.","September 27, 2026, 11:59PM",2026-09-27,2026-09-23 12:37:34.013419+00:00
matadero_madrid_9e814c5cf987,matadero_madrid,https://www.mataderomadrid.org/en/calls/open-call-lab-5-mechanics-truth,https://form.jotform.com/251244533209350,Matadero Madrid / Medialab Matadero,"Medialab Matadero invites project proposals and multidisciplinary collaborators for the Collaborative Prototyping Lab (LPC) , a two-week residency in the framework of the annual thematic program LAB 5 The Mechanics of Truth .","visual cultures, technologies and digital media, architecture and urbanism, writing, journalism, social studies, activism, science, engineering, economics",residency,Spain,Madrid,A workspace and tools will be provided for the development of each project.,"No, participation is free.",both at early stages and in more established phases of their professional careers.,en,Open Call - LAB 5 The Mechanics of Truth,"This call is aimed both at people who want to propose one of the five projects to be developed and at those who want to join as collaborators in developing them. The LPC is open to people with experience or training in visual cultures, technologies and digital media, architecture and urbanism, writing, journalism, social studies, activism, science, engineering, economics, and any other field that can connect with one or more of the themes of LAB 5 The Mechanics of Truth. Applicants must be 18 years or older. Other than that, we welcome anyone to apply, regardless of origin or place of residence.",Open Call - LAB 5 The Mechanics of Truth,"This call is aimed both at people who want to propose one of the five projects to be developed and at those who want to join as collaborators in developing them. The LPC is open to people with experience or training in visual cultures, technologies and digital media, architecture and urbanism, writing, journalism, social studies, activism, science, engineering, economics, and any other field that can connect with one or more of the themes of LAB 5 The Mechanics of Truth. Applicants must be 18 years or older. Other than that, we welcome anyone to apply, regardless of origin or place of residence.","June 14, 2026",2026-06-14,2026-09-23 12:37:34.017602+00:00
matadero_madrid_eef852af4ca0,matadero_madrid,https://www.mataderomadrid.org/en/calls/open-call-projects-lab-4-weird-futures,https://form.jotform.com/251244533209350,Medialab Matadero,"Medialab Matadero is seeking proposals for the Collaborative Prototyping Lab, a creative residency in the framework of the year-long LAB 4 Weird Futures programme",contemporary art and design research,creative residency,Spain,Madrid,"We will cover travel and accommodation costs for those selected from outside Madrid during this period.

Medialab will also cover some production costs and provide technical support in areas defined in the full description rules of the call.",,both early and advanced stages of their careers,en,OPEN CALL FOR PROJECTS LAB 4 WEIRD FUTURES,"With this call we are looking for original and specific proposals that will allow us to explore the themes of the call from a wide range of perspectives. We will welcome applications from the fields of contemporary art and design research, at both early and advanced stages of their careers. We are also interested in proposals related to activism, writing, visual cultures and new visualities, performance, and with backgrounds as diverse as architecture, engineering, biology, economics, political science, and many more. In general, we are looking for experts (or future experts) on any of the themes of the LAB 4 Weird Futures programme who are interested in having an impact on the technological aspects of contemporary society and are willing to collaboratively test and expand specific proposals.

The Collaborative Prototyping Lab will take place at Medialab Matadero in Madrid from 12 to 27 November 2025 ...

Participation in the lab sessions must be in person and for the entire duration of the programme.",OPEN CALL FOR PROJECTS LAB 4 WEIRD FUTURES,"With this call we are looking for original and specific proposals that will allow us to explore the themes of the call from a wide range of perspectives. We will welcome applications from the fields of contemporary art and design research, at both early and advanced stages of their careers. We are also interested in proposals related to activism, writing, visual cultures and new visualities, performance, and with backgrounds as diverse as architecture, engineering, biology, economics, political science, and many more. In general, we are looking for experts (or future experts) on any of the themes of the LAB 4 Weird Futures programme who are interested in having an impact on the technological aspects of contemporary society and are willing to collaboratively test and expand specific proposals.

The Collaborative Prototyping Lab will take place at Medialab Matadero in Madrid from 12 to 27 November 2025 ...

Participation in the lab sessions must be in person and for the entire duration of the programme.",Until 15th June at 23:59h CET,2027-06-15,2026-09-23 12:37:34.025966+00:00
mondriaan_fund_8e2af8800941,mondriaan_fund,https://www.mondriaanfonds.nl/en/apply-for-a-grant/grants/acquisitions/,https://www.mondriaanfonds.nl/en/apply-for-a-grant/login/,Mondriaan Fund,Do you represent a museum or other heritage institution and wish to make an acquisition that would enrich the Dutch National Cultural Heritage Collection? This could range from contemporary art and crafts to ancient manuscripts and natural history collections. You may be eligible for an Acquisitions grant.,contemporary art and crafts to ancient manuscripts and natural history collections,grant,Dutch,,The maximum grant offered by the Mondriaan Fund is 40% of the estimated value of the acquisition.,,,en,Acquisitions,"For Dutch museums and other cultural heritage institutions.

The application procedure is open to publicly accessible Dutch institutions that are in charge of museum collections of national or international significance. When a museum submits an application, it is registered in the museum register. Grants cannot be used for acquisitions which institutions can be reasonably expected to fund from their regular budgets. Museums which receive an Acquisition Programs grant must explain in their applications why they are unable to fund the acquisition from their Acquisition Programs budget. If the intended acquisition comprises multiple objects, funding is only available if these objects constitute an inseparable ensemble. The application must include research into the provenance of the intended acquisition. If the provenance is incomplete, the application must also include an overview of all steps taken by the applicant to determine whether the object may have a problematic history, such as (potential) cases of looted art, unlawful acquisition or illegal export from the country of origin. Acquisitions grants cannot be used to fund constructional provisions, the preservation of listed buildings, the excavation of archaeological objects or passive conservation. Nor can they be used to document the institution’s collection. Grants0cannot be requested for the acquisition of artists’ estates. The estimated value of the object must exceed  50,000. This value must be substantiated by the valuation report provided, as specified in the checklist. The valuation must be carried out by an independent valuer who has no ties with the applying institution. The institution is accommodating in its lending practices with other Dutch institutions and follows the Slimmer Lenen guidelines, generally granting loan requests unless there are compelling reasons not to, such as concerns about security, climatic conditions or the object’s condition. Dutch museums are not charged loan fees. Direct costs, such as for transport, insurance and crating (handling fees) are kept as low as possible. If a loan is denied, the institution must provide a substantive explanation to the requesting party. The acquisition will remain part of the Dutch National Cultural Heritage Collection for a long time and its ownership will not be transferred without the Mondriaan Fund’s authorisation. The preservation of the acquired object will be safeguarded through proper constructional provisions, climate control and security measures. The applicant will make a significant financial contribution to the acquisition of the object itself. In principle, applications requesting more than  500,000 are submitted to the Ministry of Education, Culture and Science for a contribution from the Museum Acquisition Fund, unless the Board of the Mondriaan Fund decides otherwise. If you wish to apply for more than  500,000, always contact one of the grant officers for this scheme beforehand. Objects listed in the register of protected cultural heritage under the Cultural Heritage Preservation Act with a purchase price above ,000,000 are not eligible for an Acquisitions grant. For these, you should contact the Ministry of Education, Culture and Science directly. The applicant should provide a clear account of how the purchase price was established. This may include aspects such as: how was the market value determined? How was the final sum agreed upon? Were there negotiations on the purchase price, and what was the outcome? If the Mondriaan Fund chooses to appoint a representative of an auction house to the advisory committee, the museum will not be allowed to request an appraisal or countercheck from the same auction house. Privately owned museums can only apply for a grant if their articles of association state that their collection or the object concerned belongs to the publicly accessible Dutch National Cultural Heritage Collection. The acquisition will be displayed to the public at once or as soon as possible.",Acquisitions,"For Dutch museums and other cultural heritage institutions.

The application procedure is open to publicly accessible Dutch institutions that are in charge of museum collections of national or international significance. When a museum submits an application, it is registered in the museum register. Grants cannot be used for acquisitions which institutions can be reasonably expected to fund from their regular budgets. Museums which receive an Acquisition Programs grant must explain in their applications why they are unable to fund the acquisition from their Acquisition Programs budget. If the intended acquisition comprises multiple objects, funding is only available if these objects constitute an inseparable ensemble. The application must include research into the provenance of the intended acquisition. If the provenance is incomplete, the application must also include an overview of all steps taken by the applicant to determine whether the object may have a problematic history, such as (potential) cases of looted art, unlawful acquisition or illegal export from the country of origin. Acquisitions grants cannot be used to fund constructional provisions, the preservation of listed buildings, the excavation of archaeological objects or passive conservation. Nor can they be used to document the institution’s collection. Grants0cannot be requested for the acquisition of artists’ estates. The estimated value of the object must exceed  50,000. This value must be substantiated by the valuation report provided, as specified in the checklist. The valuation must be carried out by an independent valuer who has no ties with the applying institution. The institution is accommodating in its lending practices with other Dutch institutions and follows the Slimmer Lenen guidelines, generally granting loan requests unless there are compelling reasons not to, such as concerns about security, climatic conditions or the object’s condition. Dutch museums are not charged loan fees. Direct costs, such as for transport, insurance and crating (handling fees) are kept as low as possible. If a loan is denied, the institution must provide a substantive explanation to the requesting party. The acquisition will remain part of the Dutch National Cultural Heritage Collection for a long time and its ownership will not be transferred without the Mondriaan Fund’s authorisation. The preservation of the acquired object will be safeguarded through proper constructional provisions, climate control and security measures. The applicant will make a significant financial contribution to the acquisition of the object itself. In principle, applications requesting more than  500,000 are submitted to the Ministry of Education, Culture and Science for a contribution from the Museum Acquisition Fund, unless the Board of the Mondriaan Fund decides otherwise. If you wish to apply for more than  500,000, always contact one of the grant officers for this scheme beforehand. Objects listed in the register of protected cultural heritage under the Cultural Heritage Preservation Act with a purchase price above ,000,000 are not eligible for an Acquisitions grant. For these, you should contact the Ministry of Education, Culture and Science directly. The applicant should provide a clear account of how the purchase price was established. This may include aspects such as: how was the market value determined? How was the final sum agreed upon? Were there negotiations on the purchase price, and what was the outcome? If the Mondriaan Fund chooses to appoint a representative of an auction house to the advisory committee, the museum will not be allowed to request an appraisal or countercheck from the same auction house. Privately owned museums can only apply for a grant if their articles of association state that their collection or the object concerned belongs to the publicly accessible Dutch National Cultural Heritage Collection. The acquisition will be displayed to the public at once or as soon as possible.",Continuous,,2026-09-23 12:37:34.026439+00:00
mondriaan_fund_3afe43141b61,mondriaan_fund,https://www.mondriaanfonds.nl/en/apply-for-a-grant/grants/art-commission/,https://www.mondriaanfonds.nl/en/apply-for-a-grant/login/,Mondriaan Fund,"Do you want to commission an artist to create new work or works that will be visible to everyone, in a publicly accessible space, for example in a hospital, museum or shopping centre? Or would you like to establish a partnership or supportive collaboration with an artist? If so, you may be eligible for an Art Commission grant from the Mondriaan Fund.",visual arts,grant,the Netherlands or the Caribbean part of the Kingdom,,The amount of the stipend is individually determined for each application.,,,en,Art Commission,"Anyone without intention to sell the work can commission visual artists to create new works of art accessible to the public in the Netherlands or the Caribbean part of the Kingdom.

Anyone can apply, except for individual artists, art education institutions, post-graduate institutions and predominantly sales-oriented commercial art institutions.

Applications may be submitted by, for example, institutions for visual arts, cultural heritage or design, municipalities, social and/or community organizations, such as (sports or retailers’) associations, schools, hospitals, churches, residents’ associations and foundations. Businesses, companies and individuals may also apply.

The applicant must be established in the Netherlands or the Caribbean part of the Kingdom.

The work to be commissioned must be accessible to the public and presented in the Netherlands or the Caribbean part of the Kingdom.

The work may not be for profit.

A realistic fee for the artist is mandatory, and must be included in the budget, in addition to the production costs.

The artist receiving the commission must have worked as a professional visual artist for at least 1 year: If the artist has completed a Bachelor’s degree programme (HBO) with a visual arts curriculum, the date on the diploma will be considered the start of their professional practice. If there is an interim period between graduation from the Bachelor’s programme with a visual arts curriculum and the start of a Master’s programme, this period will be considered as part of their professional practice. If the artist has not completed a Bachelor’s degree programme (HBO) with a visual arts curriculum, the date on which they first presented work in professional art circles will be considered the start of their professional practice.

The commissioned artist must be artistically active in the visual arts and in that capacity be embedded in the professional visual arts practice in the Netherlands and/or the Caribbean part of the Kingdom. For artists with a non-Dutch nationality, proof of registration in the Netherlands is also required.

If the project concerns a permanent work of art, it may not be moved or traded without permission of the Mondriaan Fund.",Art Commission,"Anyone without intention to sell the work can commission visual artists to create new works of art accessible to the public in the Netherlands or the Caribbean part of the Kingdom.

Anyone can apply, except for individual artists, art education institutions, post-graduate institutions and predominantly sales-oriented commercial art institutions.

Applications may be submitted by, for example, institutions for visual arts, cultural heritage or design, municipalities, social and/or community organizations, such as (sports or retailers’) associations, schools, hospitals, churches, residents’ associations and foundations. Businesses, companies and individuals may also apply.

The applicant must be established in the Netherlands or the Caribbean part of the Kingdom.

The work to be commissioned must be accessible to the public and presented in the Netherlands or the Caribbean part of the Kingdom.

The work may not be for profit.

A realistic fee for the artist is mandatory, and must be included in the budget, in addition to the production costs.

The artist receiving the commission must have worked as a professional visual artist for at least 1 year: If the artist has completed a Bachelor’s degree programme (HBO) with a visual arts curriculum, the date on the diploma will be considered the start of their professional practice. If there is an interim period between graduation from the Bachelor’s programme with a visual arts curriculum and the start of a Master’s programme, this period will be considered as part of their professional practice. If the artist has not completed a Bachelor’s degree programme (HBO) with a visual arts curriculum, the date on which they first presented work in professional art circles will be considered the start of their professional practice.

The commissioned artist must be artistically active in the visual arts and in that capacity be embedded in the professional visual arts practice in the Netherlands and/or the Caribbean part of the Kingdom. For artists with a non-Dutch nationality, proof of registration in the Netherlands is also required.

If the project concerns a permanent work of art, it may not be moved or traded without permission of the Mondriaan Fund.",Continuous,,2026-09-23 12:37:34.026824+00:00
mondriaan_fund_9c63efba31b9,mondriaan_fund,https://www.mondriaanfonds.nl/en/apply-for-a-grant/grants/art-fair-international/,https://www.mondriaanfonds.nl/en/apply-for-a-grant/login/,Mondriaan Fund,"Art Fair International grants strengthen the international standing of contemporary visual arts from the Netherlands and/or the Caribbean part of the Kingdom, and help it to become better known and appreciated.",visual arts,grant,Netherlands,,"The maximum grant depends on the percentage of work in the presentation by visual artists from the Netherlands and/or the Caribbean part of the Kingdom, and the cost of the (basic) stand rental.

Percentage of presented works by visual artists from the Netherlands and/or the Caribbean part of the Kingdom:
Less than 40%: grant is not available.
40% to 80%: 50% of the basic stand rental up to the maximum grant.
More than 80%: 80% of the basic stand rental up to the maximum grant.

Stand rental:
Less than € 20,000: maximum grant is € 4,750.
€ 20.000 to 30,000: maximum granti is € 6,750.
More than € 30,000: maximum grant is € 9,000.",,,en,Art Fair International,"For Dutch and non-Dutch galleries that subscribe to the Gallery Fair Practice Code, and publishers of art books.",Art Fair International,"For Dutch and non-Dutch galleries that subscribe to the Gallery Fair Practice Code, and publishers of art books.",Continuous,,2026-09-23 12:37:34.027176+00:00
mondriaan_fund_3324b2738f80,mondriaan_fund,https://www.mondriaanfonds.nl/en/apply-for-a-grant/grants/art-heritage-festival/,https://www.mondriaanfonds.nl/en/apply-for-a-grant/login/,Mondriaan Fund,"With the Art Heritage Festival grant, the Mondriaan Fund supports the presentation of visual art and/or heritage at festivals and similar events held in physical spaces that take place no more than once a year.",visual art and/or heritage,grant,Netherlands or Caribbean part of the Kingdom,,"The amount of the contribution is determined per application. The Mondriaan Fund can contribute up to 40% of the eligible project costs directly associated with the visual art and/or heritage activities for which the application is submitted. The minimum project budget must exceed € 25,000 and may only include costs directly related to the project. Grants of € 100,000 or more are highly exceptional.",,,en,Art Heritage Festival,Organisations based in the Netherlands or Caribbean part of the Kingdom that do not aim to generate profit or sales.,Art Heritage Festival,Organisations based in the Netherlands or Caribbean part of the Kingdom that do not aim to generate profit or sales.,Continuous,,2026-09-23 12:37:34.027541+00:00
mondriaan_fund_f452a1745b69,mondriaan_fund,https://www.mondriaanfonds.nl/en/apply-for-a-grant/grants/art-heritage-presentation/,https://www.mondriaanfonds.nl/en/apply-for-a-grant/login/,Mondriaan Fund,"With the Art Heritage Presentation grant, the Mondriaan Fund supports outstanding presentations by institutions working in the field of visual art and/or cultural heritage. The Fund provides grants for exhibitions and other forms of presentation that transcend the ordinary, engage the public in an appealing way, and are contextually relevant to contemporary visual art and/or cultural heritage in the Netherlands and/or the Caribbean part of the Kingdom.",visual art and/or cultural heritage,grant,Netherlands and the Caribbean part of the Kingdom,,The amount of the contribution is determined per application and is a maximum of 40% of the variable project costs.,,,en,Art Heritage Presentation,"This grant is intended for cultural institutions that focus on presenting cultural heritage and/or visual art. A cultural institution must be established in the Netherlands or the Caribbean part of the Kingdom, and this must also be the location of the activities. Institutions for art education and post academic institutions are excluded from applying. The cultural institution is a legal entity or collective of legal entities, not aimed at generating profits or sales. Only presentations that are open to the public are eligible for funding. The activities may not be aimed at generating profit or sales. A grant is not available for festivals, biennales/triennales or similar events held once a year or less. Funding cannot be requested for publications, documentaries, symposia or conferences, unless they are an integral part of the presentation and serve as side programming, that is, a minor element of the presentation for which the primary application is submitted. All cultural institutions subscribe to the Fair Practice Code (Dutch only), the Culture Governance Code (Dutch only) and the Diversity & Inclusion Code (Dutch only). If an artist is involved with the plans, a realistic remuneration for the artist is obligatory and must be included in the budget. Artist’s fees are eligible for funding under the Art Heritage Presentation grant. If you have applied for the Art Heritage Presentation grant, you cannot simultaneously apply for the Artist’s Fee grant for the same project. Only if your application for the Art Heritage Presentation grant is rejected may you apply for the Artist’s Fee grant , provided the institution meets the eligibility criteria. Please also take into account the processing times of both grants and the start date of your project. In the budget, use one of these two calculators for your fair fee calculations. The project budget must also meet all requirements regarding fair pay. This means that everyone included in the budget must be paid in accordance with the applicable collective labour agreements or guidelines. This must be clearly detailed in both the application form and budget.",Art Heritage Presentation,"This grant is intended for cultural institutions that focus on presenting cultural heritage and/or visual art. A cultural institution must be established in the Netherlands or the Caribbean part of the Kingdom, and this must also be the location of the activities. Institutions for art education and post academic institutions are excluded from applying. The cultural institution is a legal entity or collective of legal entities, not aimed at generating profits or sales. Only presentations that are open to the public are eligible for funding. The activities may not be aimed at generating profit or sales. A grant is not available for festivals, biennales/triennales or similar events held once a year or less. Funding cannot be requested for publications, documentaries, symposia or conferences, unless they are an integral part of the presentation and serve as side programming, that is, a minor element of the presentation for which the primary application is submitted. All cultural institutions subscribe to the Fair Practice Code (Dutch only), the Culture Governance Code (Dutch only) and the Diversity & Inclusion Code (Dutch only). If an artist is involved with the plans, a realistic remuneration for the artist is obligatory and must be included in the budget. Artist’s fees are eligible for funding under the Art Heritage Presentation grant. If you have applied for the Art Heritage Presentation grant, you cannot simultaneously apply for the Artist’s Fee grant for the same project. Only if your application for the Art Heritage Presentation grant is rejected may you apply for the Artist’s Fee grant , provided the institution meets the eligibility criteria. Please also take into account the processing times of both grants and the start date of your project. In the budget, use one of these two calculators for your fair fee calculations. The project budget must also meet all requirements regarding fair pay. This means that everyone included in the budget must be paid in accordance with the applicable collective labour agreements or guidelines. This must be clearly detailed in both the application form and budget.",Continuous,,2026-09-23 12:37:34.029966+00:00
mondriaan_fund_927ae2095ba6,mondriaan_fund,https://www.mondriaanfonds.nl/en/apply-for-a-grant/grants/artist-basic/,https://www.mondriaanfonds.nl/en/apply-for-a-grant/login/,Mondriaan Fund,"Artist Basic grant is for visual artists, to help them make new work and for the further development of their professional practice.",visual arts,grant,the Netherlands and/or the Caribbean part of the Kingdom,,"€ 50,000. This amount will be paid in segments over no less than 2 and no more than 4 years.",,,en,Artist Basic,Applications may only be submitted by artists who have been working as professional visual artists for at least 4 years:,Artist Basic,Applications may only be submitted by artists who have been working as professional visual artists for at least 4 years:,Continuous,,2026-09-23 12:37:34.030500+00:00
mondriaan_fund_a939eddff305,mondriaan_fund,https://www.mondriaanfonds.nl/en/apply-for-a-grant/grants/artist-project/,https://www.mondriaanfonds.nl/en/apply-for-a-grant/login/,Mondriaan Fund,The Mondriaan Fund offers Artist Project grants to stimulate talent development by providing visual artists the opportunity to realise an artistic plan that can significantly impact the quality and visibility of contemporary visual art in the Netherlands and/or Caribbean part of the Kingdom.,visual arts,grant,The Netherlands and/or Caribbean part of the Kingdom,,"Fixed contribution: A fixed contribution for no longer than 6 months. The standard amount is € 2.785,- per month. Flexible contribution: A flexible contribution for no longer than 12 months. The amount depends on the plan, the duration of the project and the budget.",,professionally active for at least 1 year,en,Artist Project,"Applications can only be submitted by visual artists who have been professionally active for at least 1 year: If you have completed a Bachelor’s degree programme (HBO) with a visual arts curriculum, the date on your diploma will be considered the start of your professional practice. If there is an interim period between your graduation from the Bachelor’s programme with a visual arts curriculum and the start of your Master’s programme, this period will be considered as part of your professional practice. If you have not completed a Bachelor’s degree programme (HBO) with a visual arts curriculum, the date on which you first presented work in professional art circles will be considered the start of your professional practice. In order to be eligible for a contribution, you must be artistically and substantively active within the visual arts field, and in this capacity, part of the professional art practice in the Netherlands and/or the Caribbean part of the Kingdom. You cannot apply for or use a contribution while enrolled to study at educational institutions for e.g. Bachelor’s, Master’s or postdoctoral programmes. This also applies to participation in programmes at postgraduate institutions and to PhD programmes. The exception is part-time programmes (not Bachelor’s programmes) of less than 20 hours a week.",Artist Project,"Applications can only be submitted by visual artists who have been professionally active for at least 1 year: If you have completed a Bachelor’s degree programme (HBO) with a visual arts curriculum, the date on your diploma will be considered the start of your professional practice. If there is an interim period between your graduation from the Bachelor’s programme with a visual arts curriculum and the start of your Master’s programme, this period will be considered as part of your professional practice. If you have not completed a Bachelor’s degree programme (HBO) with a visual arts curriculum, the date on which you first presented work in professional art circles will be considered the start of your professional practice. In order to be eligible for a contribution, you must be artistically and substantively active within the visual arts field, and in this capacity, part of the professional art practice in the Netherlands and/or the Caribbean part of the Kingdom. You cannot apply for or use a contribution while enrolled to study at educational institutions for e.g. Bachelor’s, Master’s or postdoctoral programmes. This also applies to participation in programmes at postgraduate institutions and to PhD programmes. The exception is part-time programmes (not Bachelor’s programmes) of less than 20 hours a week.",Continuous,,2026-09-23 12:37:34.031105+00:00
mondriaan_fund_bccb4029c0d9,mondriaan_fund,https://www.mondriaanfonds.nl/en/apply-for-a-grant/grants/artist-start/,https://www.mondriaanfonds.nl/en/apply-for-a-grant/login/,Mondriaan Fund,"The Mondriaan Fund offers Artist Start grants to stimulate the artistic development and cultural entrepreneurship of promising artists at the start of their careers, supporting the creation of work that can make a valuable contribution to contemporary visual art in the Netherlands and/or the Caribbean part of the Kingdom.",visual arts,grant,the Netherlands and/or the Caribbean part of the Kingdom,,"€ 24,900 for 12 months.",,artists at the start of their careers,en,Artist Start,"Artist Start grants are for visual artists who have been working professionally for at least 1 and no more than 4 years.

In order to be eligible for a contribution, you must be artistically active in the visual arts and in that capacity embedded in the professional visual arts practice in the Netherlands and/or the Caribbean part of the Kingdom

Applications may only be submitted by artists who have been active as a professional visual artist for at least 1 year and no more than 4 years: If you have completed a Bachelor’s degree programme (HBO) with a visual arts curriculum, the date on your diploma will be considered the start of your professional practice. If there is an interim period between your graduation from the Bachelor’s programme with a visual arts curriculum and the start of your Master’s programme, this period will be considered as part of your professional practice. If you have not completed a Bachelor’s degree programme (HBO) with a visual arts curriculum, the date on which you first presented work in professional art circles will be considered the start of your professional practice. A period during which the applicant is enrolled for a Master’s degree programme does not count towards the duration of the professional practice. A period of enrolment in postdoctoral programmes and programmes at postgraduate institutions, such as the Rijksakademie, de Ateliers, the Jan van Eyck Academie, BAK or EKWC, will be counted as part of the duration of the professional practice. You cannot apply for or use a contribution while enrolled to study at educational institutions for e.g. Bachelor’s, Master’s or postdoctoral programmes. This also applies to participation in programmes at postgraduate institutions and to PhD programmes. The exception is part-time programmes (not Bachelor’s programmes) of less than 20 hours a week.

Previous applications: Only one Artist Start grant is awarded to any artists. An artist who was previously rejected on the grounds of the criterium ‘quality and development of the oeuvre’ is not permitted to submit a new application for Artist Start within a period of 12 months after the initial application date. An Artist Start grant may not be applied for during the term of any other financial support from the Mondriaan Fund if the board believes that the contribution could cover the same costs.

For the Artist Start grant, the applicant’s total taxable income in the period for which the application is submitted must not be higher than € 55,000.",Artist Start,"Artist Start grants are for visual artists who have been working professionally for at least 1 and no more than 4 years.

In order to be eligible for a contribution, you must be artistically active in the visual arts and in that capacity embedded in the professional visual arts practice in the Netherlands and/or the Caribbean part of the Kingdom

Applications may only be submitted by artists who have been active as a professional visual artist for at least 1 year and no more than 4 years: If you have completed a Bachelor’s degree programme (HBO) with a visual arts curriculum, the date on your diploma will be considered the start of your professional practice. If there is an interim period between your graduation from the Bachelor’s programme with a visual arts curriculum and the start of your Master’s programme, this period will be considered as part of your professional practice. If you have not completed a Bachelor’s degree programme (HBO) with a visual arts curriculum, the date on which you first presented work in professional art circles will be considered the start of your professional practice. A period during which the applicant is enrolled for a Master’s degree programme does not count towards the duration of the professional practice. A period of enrolment in postdoctoral programmes and programmes at postgraduate institutions, such as the Rijksakademie, de Ateliers, the Jan van Eyck Academie, BAK or EKWC, will be counted as part of the duration of the professional practice. You cannot apply for or use a contribution while enrolled to study at educational institutions for e.g. Bachelor’s, Master’s or postdoctoral programmes. This also applies to participation in programmes at postgraduate institutions and to PhD programmes. The exception is part-time programmes (not Bachelor’s programmes) of less than 20 hours a week.

Previous applications: Only one Artist Start grant is awarded to any artists. An artist who was previously rejected on the grounds of the criterium ‘quality and development of the oeuvre’ is not permitted to submit a new application for Artist Start within a period of 12 months after the initial application date. An Artist Start grant may not be applied for during the term of any other financial support from the Mondriaan Fund if the board believes that the contribution could cover the same costs.

For the Artist Start grant, the applicant’s total taxable income in the period for which the application is submitted must not be higher than € 55,000.",Continuous,,2026-09-23 12:37:34.031728+00:00
mondriaan_fund_d73d8c3cb49e,mondriaan_fund,https://www.mondriaanfonds.nl/en/apply-for-a-grant/grants/artists-fee/,https://www.mondriaanfonds.nl/en/apply-for-a-grant/login/,Mondriaan Fund,Are you organising an exhibition as a visual arts institution and would you like a contribution towards the costs of the artist’s fee? And do you apply the guideline for artists’ fees? You may be eligible for an Artist’s Fee grant.,visual art,grant,the Netherlands or the Caribbean part of the Kingdom,,We determine the amount of the contribution per application.,,,en,Artist’s Fee,"The grant is intended for visual art institutions that exhibit contemporary visual art and/or heritage by artists from home or abroad without a sales purpose.

If the applicant is a publicly accessible visual arts institution established in the Netherlands or the Caribbean part of the Kingdom whose core activity is to exhibit contemporary visual art and/or heritage without a sales objective.

If the visual arts institution applies fair pay and signs an agreement to this effect, and also has it signed by the artist(s).

When the artist receiving the fee has at least a bachelor’s degree in visual arts or has worked as a professional visual artist for 3 years or more.

If the amount of the fee is at least equal to the amount proposed in the guideline.

When the application has been submitted at least 2 months before the start of the exhibition.

When the exhibition opens to the public within 12 months of submitting the application.

When you pay the invoices of the visual artist(s) within 1 month of the invoice date.

Applicants subscribe to the Fair Practice Code (in Dutch) , Culture Governance Code (in Dutch) and the Diversity & Inclusion Code (in Dutch) .

An application for a contribution of less than €100 will not be processed.

For activities taking place in 2025-2028, no contribution can be made to:

Institutions that receive multi-year support under the Art Platform Programmes 2025-2028 grant;
Institutions that will receive multi-year support in 2025-2028 from one of the other National Culture Funds;
Institutions that are part of the basic cultural infrastructure 2025-2028 (bis), with the exception of regional museums, provided that they do not already receive a subsidy for the relevant activities under the Regulation on specific cultural policy;
Institutions that are supported on the basis of the National Collection Management and Subsidies for Museum Institutions Regulations (Heritage Act);
Institutions that have been awarded an Art Heritage Festival grant , Art Commission grant or an Art Heritage Presentation grant for the activity in question;
Institutions that otherwise receive funds for fair pay from the Ministry of Education, Culture and Science.",Artist’s Fee,"The grant is intended for visual art institutions that exhibit contemporary visual art and/or heritage by artists from home or abroad without a sales purpose.

If the applicant is a publicly accessible visual arts institution established in the Netherlands or the Caribbean part of the Kingdom whose core activity is to exhibit contemporary visual art and/or heritage without a sales objective.

If the visual arts institution applies fair pay and signs an agreement to this effect, and also has it signed by the artist(s).

When the artist receiving the fee has at least a bachelor’s degree in visual arts or has worked as a professional visual artist for 3 years or more.

If the amount of the fee is at least equal to the amount proposed in the guideline.

When the application has been submitted at least 2 months before the start of the exhibition.

When the exhibition opens to the public within 12 months of submitting the application.

When you pay the invoices of the visual artist(s) within 1 month of the invoice date.

Applicants subscribe to the Fair Practice Code (in Dutch) , Culture Governance Code (in Dutch) and the Diversity & Inclusion Code (in Dutch) .

An application for a contribution of less than €100 will not be processed.

For activities taking place in 2025-2028, no contribution can be made to:

Institutions that receive multi-year support under the Art Platform Programmes 2025-2028 grant;
Institutions that will receive multi-year support in 2025-2028 from one of the other National Culture Funds;
Institutions that are part of the basic cultural infrastructure 2025-2028 (bis), with the exception of regional museums, provided that they do not already receive a subsidy for the relevant activities under the Regulation on specific cultural policy;
Institutions that are supported on the basis of the National Collection Management and Subsidies for Museum Institutions Regulations (Heritage Act);
Institutions that have been awarded an Art Heritage Festival grant , Art Commission grant or an Art Heritage Presentation grant for the activity in question;
Institutions that otherwise receive funds for fair pay from the Ministry of Education, Culture and Science.",Continuous,,2026-09-23 12:37:34.032117+00:00
mondriaan_fund_4518b4e5d09e,mondriaan_fund,https://www.mondriaanfonds.nl/en/apply-for-a-grant/grants/collection-mobility/,https://www.mondriaanfonds.nl/en/apply-for-a-grant/login/,Mondriaan Fund,"Do you represent a museum or other cultural heritage institution? Are you interested in selecting, discarding or relocating parts of a collection in order to improve the quality of the collection, make it more visible to the public, and improve the focus of the collection profile? If so, your institution may be eligible for a Collection Mobility grant.",museum collections / cultural heritage,grant,Dutch,,The amount of Collection Mobility will be determined for each individual application. The Mondriaan Fund will finance up to 40% of the eligible costs.,,,en,Collection Mobility,"Applications can be submitted by publicly accessible Dutch institutions that manage museum collections of national and international significance. If there is a receiving institution, the institutions must submit the application jointly. The applicants must be registered with the Dutch Museum Register. The applicant institutions must be accommodating in respect of the loan transactions with Dutch institutions and act in accordance with the Basic Principles for Smarter Loan Transactions in the Netherlands (Slimmer Lenen Uitgangspunten bruikleenverkeer binnen Nederland). This means that Dutch museums will not be charged expenses for loaning works of art and that direct costs such as transport, insurance and packaging expenses (handling fee) will be minimised. Collections must be disposed of in accordance with the Guideline for the Disposal of Museum Objects and, where possible, according to the valuation framework of the Dutch Cultural Heritage Agency. Applicants are expected to make a significant financial contribution themselves.",Collection Mobility,"Applications can be submitted by publicly accessible Dutch institutions that manage museum collections of national and international significance. If there is a receiving institution, the institutions must submit the application jointly. The applicants must be registered with the Dutch Museum Register. The applicant institutions must be accommodating in respect of the loan transactions with Dutch institutions and act in accordance with the Basic Principles for Smarter Loan Transactions in the Netherlands (Slimmer Lenen Uitgangspunten bruikleenverkeer binnen Nederland). This means that Dutch museums will not be charged expenses for loaning works of art and that direct costs such as transport, insurance and packaging expenses (handling fee) will be minimised. Collections must be disposed of in accordance with the Guideline for the Disposal of Museum Objects and, where possible, according to the valuation framework of the Dutch Cultural Heritage Agency. Applicants are expected to make a significant financial contribution themselves.",Continuous,,2026-09-23 12:37:34.032468+00:00
mondriaan_fund_3b86b5d4af2f,mondriaan_fund,https://www.mondriaanfonds.nl/en/apply-for-a-grant/grants/curator-researcher/,https://www.mondriaanfonds.nl/en/apply-for-a-grant/login/,Mondriaan Fund,"Are you an independent curator or art observer interested in conducting preliminary research for an exhibition, event, article or a presentation? For example, research into a theme, or through travel or a working period in the Netherlands or abroad? Would you like to work on a concrete plan in a defined period? If so, you may be eligible for the Curator Researcher grant.",visual arts and/or cultural heritage,grant,the Netherlands and/or Caribbean part of the Kingdom,,"A contribution of € 2,480 per month, for no more than 6 months.",,,en,Curator Researcher,"Independent curators, critics, theorists and art observers who have been professionally active for at least 2 years.

You have been working as a professional curator or art observer in the visual arts or cultural heritage field for at least 2 years and can demonstrate this with publications, exhibitions, research and/or other projects. You are artistically and substantively active within the visual arts and/or cultural heritage field, and in this capacity, part of the professional art and/or cultural heritage practice in the Netherlands and/or the Caribbean part of the Kingdom.

The Curator Researcher grant cannot be used to finance study. It is also not permitted to use the grant while enrolled to study at educational institutions for e.g. Bachelors, Masters or postdoctoral programmes. This also applies to participation in programmes at postgraduate institutions. The contribution is not intended for work on behalf of an organisation or for regular work. The contribution may not be used for a working period in a guest studio in the Netherlands or abroad if this studio is offered in the Mondriaan Funds Residency programme. The contribution may not be used for production, such as of a publication or exhibition, for (cultural-) historical research or organisational archival research.

At the time of submitting the application, you must not be receiving any other financial contribution from the Mondriaan Fund which, in the opinion of the board of the Mondriaan Fund, would cover the same costs. A curator or art observer can be awarded a contribution to cover time investment for no more than 24 months within a period of 48 months. A curator or art observer who is rejected on the grounds of the criterion quality and development of working practice is not permitted to submit a new application within a period of 12 months after the initial application.",Curator Researcher,"Independent curators, critics, theorists and art observers who have been professionally active for at least 2 years.

You have been working as a professional curator or art observer in the visual arts or cultural heritage field for at least 2 years and can demonstrate this with publications, exhibitions, research and/or other projects. You are artistically and substantively active within the visual arts and/or cultural heritage field, and in this capacity, part of the professional art and/or cultural heritage practice in the Netherlands and/or the Caribbean part of the Kingdom.

The Curator Researcher grant cannot be used to finance study. It is also not permitted to use the grant while enrolled to study at educational institutions for e.g. Bachelors, Masters or postdoctoral programmes. This also applies to participation in programmes at postgraduate institutions. The contribution is not intended for work on behalf of an organisation or for regular work. The contribution may not be used for a working period in a guest studio in the Netherlands or abroad if this studio is offered in the Mondriaan Funds Residency programme. The contribution may not be used for production, such as of a publication or exhibition, for (cultural-) historical research or organisational archival research.

At the time of submitting the application, you must not be receiving any other financial contribution from the Mondriaan Fund which, in the opinion of the board of the Mondriaan Fund, would cover the same costs. A curator or art observer can be awarded a contribution to cover time investment for no more than 24 months within a period of 48 months. A curator or art observer who is rejected on the grounds of the criterion quality and development of working practice is not permitted to submit a new application within a period of 12 months after the initial application.",Continuous,,2026-09-23 12:37:34.032817+00:00
mondriaan_fund_6d9761361246,mondriaan_fund,https://www.mondriaanfonds.nl/en/apply-for-a-grant/grants/international-art-presentation/,https://www.mondriaanfonds.nl/en/apply-for-a-grant/login/,Mondriaan Fund,"Are you an artist and are you going to present your work abroad? Or do you, as an internationally recognised art institution, want to show contemporary art from the Netherlands and/or the Caribbean part of the Kingdom abroad, possibly in combination with new work to be made? You may be eligible for an International Art Presentation contribution.",visual arts,grant,the Netherlands and/or the Caribbean part of the Kingdom,,"How much? Travel costs (return) for the artist(s) and/or (guest) curator for a single production trip and a single trip to be present at the opening of the presentation; A maximum of € 1000 per person for the participating artists and/or guest curators from the Netherlands and/or the Caribbean part of the Kingdom, towards lodging; Transport and insurance expenses during transport of the work being presented; A maximum of 50% of the production costs of new (site-specific) work commissioned by the non-Dutch art institution; A maximum of 25% of costs of the publication associated with the presentation; A maximum of 50% of the translation costs of subtitling a film.",,professional visual artist,en,International Art Presentation,"Artists who are artistically active in the visual arts and in that capacity are embedded in the professional contemporary visual arts practice in the Netherlands and/or the Caribbean part of the Kingdom (Aruba, Bonaire, Curaçao, Saba, Sint Maarten and Sint Eustatius) who want to present work abroad, or internationally recognised art institutions outside the Netherlands or the Caribbean part of the Kingdom that want to show current work by living visual artists from the Netherlands and/or the Caribbean part of the Kingdom can receive a contribution.

If you have to make a financial contribution to participate in the presentation, you are not eligible for a contribution under this grant. In order to be eligible for a contribution, you must be artistically and substantively active within the visual arts field, and in that capacity are embedded in the professional contemporary visual arts practice in the Netherlands and/or the Caribbean part of the Kingdom. Applications may only be submitted by artists who have been working as a professional visual artist for at least 1 year.

If the application relates to the production of new work, the international institution is expected to include a realistic fee for the artist in the budget, with an explanation of how the amount of the fee was determined. This cost item falls under production costs, but must be paid by the institution to the artist and/or guest curator.

If your exhibition takes place at a commercial gallery, you are not eligible for an International Art Presentation contribution.

A contribution can only be made for presentations by living artists who are artistically active in the visual arts and in that capacity are embedded in the professional contemporary visual arts practice in the Netherlands and/or the Caribbean part of the Kingdom.

The artist whose work is being displayed must have worked as a professional visual artist for at least 1 year:

If the artist has completed a Bachelor’s degree programme (HBO) with a visual arts curriculum, the date on the diploma will be considered the start of their professional practice. If there is an interim period between graduation from the Bachelor’s programme with a visual arts curriculum and the start of a Master’s programme, this period will be considered as part of their professional practice. If the artist has not completed a Bachelor’s degree programme (HBO) with a visual arts curriculum, the date on which they first presented work in professional art circles will be considered the start of their professional practice.

The presenting institution is an internationally recognised art institution outside the Netherlands and the Caribbean part of the Kingdom whose main goal is to show contemporary art, and is therefore not primarily focused on sales. As an exception, a foreign art institution can request a contribution to show work by master students in a visual arts programme or participants in post-academic institutions.

If a foreign institution involves a guest curator from the Netherlands or the Caribbean part of the Kingdom in the project, then he or she has been professionally active as a curator in the field of contempora",International Art Presentation,"Artists who are artistically active in the visual arts and in that capacity are embedded in the professional contemporary visual arts practice in the Netherlands and/or the Caribbean part of the Kingdom (Aruba, Bonaire, Curaçao, Saba, Sint Maarten and Sint Eustatius) who want to present work abroad, or internationally recognised art institutions outside the Netherlands or the Caribbean part of the Kingdom that want to show current work by living visual artists from the Netherlands and/or the Caribbean part of the Kingdom can receive a contribution.

If you have to make a financial contribution to participate in the presentation, you are not eligible for a contribution under this grant. In order to be eligible for a contribution, you must be artistically and substantively active within the visual arts field, and in that capacity are embedded in the professional contemporary visual arts practice in the Netherlands and/or the Caribbean part of the Kingdom. Applications may only be submitted by artists who have been working as a professional visual artist for at least 1 year.

If the application relates to the production of new work, the international institution is expected to include a realistic fee for the artist in the budget, with an explanation of how the amount of the fee was determined. This cost item falls under production costs, but must be paid by the institution to the artist and/or guest curator.

If your exhibition takes place at a commercial gallery, you are not eligible for an International Art Presentation contribution.

A contribution can only be made for presentations by living artists who are artistically active in the visual arts and in that capacity are embedded in the professional contemporary visual arts practice in the Netherlands and/or the Caribbean part of the Kingdom.

The artist whose work is being displayed must have worked as a professional visual artist for at least 1 year:

If the artist has completed a Bachelor’s degree programme (HBO) with a visual arts curriculum, the date on the diploma will be considered the start of their professional practice. If there is an interim period between graduation from the Bachelor’s programme with a visual arts curriculum and the start of a Master’s programme, this period will be considered as part of their professional practice. If the artist has not completed a Bachelor’s degree programme (HBO) with a visual arts curriculum, the date on which they first presented work in professional art circles will be considered the start of their professional practice.

The presenting institution is an internationally recognised art institution outside the Netherlands and the Caribbean part of the Kingdom whose main goal is to show contemporary art, and is therefore not primarily focused on sales. As an exception, a foreign art institution can request a contribution to show work by master students in a visual arts programme or participants in post-academic institutions.

If a foreign institution involves a guest curator from the Netherlands or the Caribbean part of the Kingdom in the project, then he or she has been professionally active as a curator in the field of contempora",Continuous,,2026-09-23 12:37:34.033163+00:00
mondriaan_fund_158a9874793c,mondriaan_fund,https://www.mondriaanfonds.nl/en/apply-for-a-grant/grants/protected-cultural-heritage/,https://www.mondriaanfonds.nl/en/apply-for-a-grant/login/,Mondriaan Fund,"The Protected Cultural Heritage grant is intended for owners and managers of objects and collections that are registered as protected in the Register , within the meaning of the Heritage Act (Erfgoedwet).",cultural heritage,grant,Netherlands,,The Mondriaan Fund will finance up to 60% of the project.,,,en,Protected Cultural Heritage,"Applications must be submitted by the owners or managers of a protected object or protected collection. The application must concern an object or collection listed with the Register within the meaning of the Cultural Heritage Act. Constructional provisions, documentation of objects, and storage facilities are not eligible for a Protected Cultural Heritage grant. The applicant is expected to pay for a significant share of the expenses itself. If the application concerns an object which must be renovated or restored, it is expected that this object will be accessible to the public at certain regularly scheduled times of the week, without any need for an appointment. If the application concerns moveable industrial heritage, the renovation or restoration efforts must be designed to restore the object to an operational condition. The applicant must be able to prove that the preservation of the object is guaranteed in the long term due to proper constructional provisions, climate control and security measures. All applications must include a budget covering all expenses which complies with the Mondriaan Fund’s guidelines.",Protected Cultural Heritage,"Applications must be submitted by the owners or managers of a protected object or protected collection. The application must concern an object or collection listed with the Register within the meaning of the Cultural Heritage Act. Constructional provisions, documentation of objects, and storage facilities are not eligible for a Protected Cultural Heritage grant. The applicant is expected to pay for a significant share of the expenses itself. If the application concerns an object which must be renovated or restored, it is expected that this object will be accessible to the public at certain regularly scheduled times of the week, without any need for an appointment. If the application concerns moveable industrial heritage, the renovation or restoration efforts must be designed to restore the object to an operational condition. The applicant must be able to prove that the preservation of the object is guaranteed in the long term due to proper constructional provisions, climate control and security measures. All applications must include a budget covering all expenses which complies with the Mondriaan Fund’s guidelines.",Continuous,,2026-09-23 12:37:34.033496+00:00
mondriaan_fund_af60247339cd,mondriaan_fund,https://www.mondriaanfonds.nl/en/apply-for-a-grant/grants/voucher-artisan/,https://www.mondriaanfonds.nl/en/apply-for-a-grant/login/,Mondriaan Fund,Are you a visual artist and do you want to hire an artisan for your research or the production of your work? You may be eligible for the Voucher Artisan.,visual arts,grant,The Netherlands and the Caribbean part of the Kingdom of the Netherlands,,"A maximum of € 8,000.",,,en,Voucher Artisan,"Visual artists from the Netherlands and the Caribbean part of the Kingdom of the Netherlands.

Applications may only be submitted by artists who have been active as a professional visual artist for at least 1 year: If you have completed a Bachelor’s degree programme (HBO) with a visual arts curriculum, the date on your diploma will be considered the start of your professional practice. If there is an interim period between your graduation from the Bachelor’s programme with a visual arts curriculum and the start of your Master’s programme, this period will count as part of your professional practice. If you have not completed a Bachelor’s degree programme (HBO) with a visual arts curriculum, the date on which you first presented work in professional art circles will be considered the start of your professional practice. In order to be eligible for support, you must be artistically active within the visual arts field, and in this capacity, part of the professional visual arts practice in the Netherlands and/or the Caribbean part of the Kingdom. You cannot apply for or use a contribution while enrolled to study at educational institutions for e.g. Bachelor’s, Master’s or postdoctoral programmes. This also applies to participation in programmes at postgraduate institutions, and to PhD programmes. The exception is part-time programmes (not Bachelor’s programmes) of less than 20 hours a week. Artisans live in the Netherlands and/or the Caribbean part of the Kingdom of the Netherlands, and have been working as a professional artisan for at least one year. The Mondriaan Fund considers an artisan to be: Someone who is active in the production, transformation, repair or restoration of objects, who offers services related to manual aspects, whose activities have an authentic character, and who develops knowledge focused on quality, tradition, creation or innovation. The Mondriaan Fund considers Artisan(al) to be more specific than the terms craftsmanship or craftsperson, which solely focus on capably practising a profession. The board may decide not to accept an application if it is of the opinion that the artisan fails to satisfy the above definition. At the heart of this voucher is the exchange between artist and artisan, specifically to preserve, pass on or further develop an artisan from the original tradition. Project plan The Artisan Voucher can only be used to cover payment of the artisan. The application should therefore be supported by a quotation from the artisan. Applications for the Artisan Voucher made during the term of any other financial support from the Mondriaan Fund will not be accepted in the case that the board is of the opinion that the contribution covers the same expenses. Applications for support for regular production expenses such as framing, web design, sound effects and assembly will not be accepted.",Voucher Artisan,"Visual artists from the Netherlands and the Caribbean part of the Kingdom of the Netherlands.

Applications may only be submitted by artists who have been active as a professional visual artist for at least 1 year: If you have completed a Bachelor’s degree programme (HBO) with a visual arts curriculum, the date on your diploma will be considered the start of your professional practice. If there is an interim period between your graduation from the Bachelor’s programme with a visual arts curriculum and the start of your Master’s programme, this period will count as part of your professional practice. If you have not completed a Bachelor’s degree programme (HBO) with a visual arts curriculum, the date on which you first presented work in professional art circles will be considered the start of your professional practice. In order to be eligible for support, you must be artistically active within the visual arts field, and in this capacity, part of the professional visual arts practice in the Netherlands and/or the Caribbean part of the Kingdom. You cannot apply for or use a contribution while enrolled to study at educational institutions for e.g. Bachelor’s, Master’s or postdoctoral programmes. This also applies to participation in programmes at postgraduate institutions, and to PhD programmes. The exception is part-time programmes (not Bachelor’s programmes) of less than 20 hours a week. Artisans live in the Netherlands and/or the Caribbean part of the Kingdom of the Netherlands, and have been working as a professional artisan for at least one year. The Mondriaan Fund considers an artisan to be: Someone who is active in the production, transformation, repair or restoration of objects, who offers services related to manual aspects, whose activities have an authentic character, and who develops knowledge focused on quality, tradition, creation or innovation. The Mondriaan Fund considers Artisan(al) to be more specific than the terms craftsmanship or craftsperson, which solely focus on capably practising a profession. The board may decide not to accept an application if it is of the opinion that the artisan fails to satisfy the above definition. At the heart of this voucher is the exchange between artist and artisan, specifically to preserve, pass on or further develop an artisan from the original tradition. Project plan The Artisan Voucher can only be used to cover payment of the artisan. The application should therefore be supported by a quotation from the artisan. Applications for the Artisan Voucher made during the term of any other financial support from the Mondriaan Fund will not be accepted in the case that the board is of the opinion that the contribution covers the same expenses. Applications for support for regular production expenses such as framing, web design, sound effects and assembly will not be accepted.",Continuous,,2026-09-23 12:37:34.033856+00:00
mondriaan_fund_b4f100323dba,mondriaan_fund,https://www.mondriaanfonds.nl/en/apply-for-a-grant/grants/voucher-artist-with-child/,https://www.mondriaanfonds.nl/en/apply-for-a-grant/login/,Mondriaan Fund,"Are you a visual artist with the responsibility of caring for a child who is not yet of compulsory school age, and do you have to make additional costs to care for your child(ren), for example through the participation in a residency or in the construction phase of an exhibition? You may be eligible for the Artist with Child Voucher.",visual arts,voucher,the Netherlands and the Caribbean part of the Kingdom,,"A maximum of €2,500.",,professional visual artist for at least 1 year,en,Voucher Artist with Child,"Visual artists from the Netherlands and the Caribbean part of the Kingdom with the responsibility to care for children who are not yet of compulsory school age. NB in the Caribbean part of the Kingdom this applies to children up to 4 years old and in the Netherlands to children up to 5 years old.

Applications may only be submitted by artists who have been active as a professional visual artist for at least 1 year: If you have completed a Bachelor’s degree programme (HBO) with a visual arts curriculum, the date on your diploma will be considered the start of your professional practice. If there is an interim period between your graduation from the Bachelor’s programme with a visual arts curriculum and the start of your Master’s programme, this period will count as part of your professional practice. If you have not completed a Bachelor’s degree programme (HBO) with a visual arts curriculum, the date on which you first presented work in professional art circles will be considered the start of your professional practice. In order to be eligible for support, you must be artistically active within the visual arts field, and in this capacity, part of the professional visual arts practice in the Netherlands and/or the Caribbean part of the Kingdom. You cannot apply for or use a contribution while enrolled to study at educational institutions for e.g. Bachelor’s, Master’s or postdoctoral programmes. This also applies to participation in programmes at postgraduate institutions, and to PhD programmes. The exception is part-time programmes (not Bachelor’s programmes) of less than 20 hours a week.

The Artist with Child Voucher can only be applied for in the case of one-off, temporary and additional care/travel and/or accommodation costs for a child who is not yet of compulsory school age and for whom the applicant is responsible. These costs arise as a result of a multi-day activity of a temporary nature, such as a residency period or construction phase of an exhibition. This must be evident from a registration, commitment or invitation from the institution where the multi-day activity takes place and financial proof such as an agreement and invoice from the childcare agency or the babysitter. NB: if you hire non-professional childcare, such as a family member or someone from your own personal circle, the Mondriaan Fund charges an hourly rate of €10.25 excluding VAT with a maximum of 8 hours per day. The Artist with Child Voucher cannot be applied for during the term of another financial grant from the Mondriaan Fund if the fund board is of the opinion that the contribution covers the same costs. The Artist with Child Voucher cannot be requested for (extra) hours at the Daycare with which a permanent agreement has already been made. The Artist with Child Voucher can be awarded a maximum of 3 times per 12 months, provided that the multi-day activities for which the applications have been requested are separate. It is not possible to request multiple vouchers for costs incurred as a result of the same activity. An Artist with Child Voucher cannot be requested again for additional extra costs that arise as a result of a multi-day activity for which a Voucher has been requested.",Voucher Artist with Child,"Visual artists from the Netherlands and the Caribbean part of the Kingdom with the responsibility to care for children who are not yet of compulsory school age. NB in the Caribbean part of the Kingdom this applies to children up to 4 years old and in the Netherlands to children up to 5 years old.

Applications may only be submitted by artists who have been active as a professional visual artist for at least 1 year: If you have completed a Bachelor’s degree programme (HBO) with a visual arts curriculum, the date on your diploma will be considered the start of your professional practice. If there is an interim period between your graduation from the Bachelor’s programme with a visual arts curriculum and the start of your Master’s programme, this period will count as part of your professional practice. If you have not completed a Bachelor’s degree programme (HBO) with a visual arts curriculum, the date on which you first presented work in professional art circles will be considered the start of your professional practice. In order to be eligible for support, you must be artistically active within the visual arts field, and in this capacity, part of the professional visual arts practice in the Netherlands and/or the Caribbean part of the Kingdom. You cannot apply for or use a contribution while enrolled to study at educational institutions for e.g. Bachelor’s, Master’s or postdoctoral programmes. This also applies to participation in programmes at postgraduate institutions, and to PhD programmes. The exception is part-time programmes (not Bachelor’s programmes) of less than 20 hours a week.

The Artist with Child Voucher can only be applied for in the case of one-off, temporary and additional care/travel and/or accommodation costs for a child who is not yet of compulsory school age and for whom the applicant is responsible. These costs arise as a result of a multi-day activity of a temporary nature, such as a residency period or construction phase of an exhibition. This must be evident from a registration, commitment or invitation from the institution where the multi-day activity takes place and financial proof such as an agreement and invoice from the childcare agency or the babysitter. NB: if you hire non-professional childcare, such as a family member or someone from your own personal circle, the Mondriaan Fund charges an hourly rate of €10.25 excluding VAT with a maximum of 8 hours per day. The Artist with Child Voucher cannot be applied for during the term of another financial grant from the Mondriaan Fund if the fund board is of the opinion that the contribution covers the same costs. The Artist with Child Voucher cannot be requested for (extra) hours at the Daycare with which a permanent agreement has already been made. The Artist with Child Voucher can be awarded a maximum of 3 times per 12 months, provided that the multi-day activities for which the applications have been requested are separate. It is not possible to request multiple vouchers for costs incurred as a result of the same activity. An Artist with Child Voucher cannot be requested again for additional extra costs that arise as a result of a multi-day activity for which a Voucher has been requested.",Continuous,,2026-09-23 12:37:34.034206+00:00
mondriaan_fund_ed1cd841c663,mondriaan_fund,https://www.mondriaanfonds.nl/en/apply-for-a-grant/grants/voucher-development/,https://www.mondriaanfonds.nl/en/apply-for-a-grant/login/,Mondriaan Fund,Are you a visual artist and do you want to develop and/or deepen your practice? You may be eligible for the Voucher Development.,visual arts,grant,the Netherlands and the Caribbean part of the Kingdom of the Netherlands,,A maximum amount of €2.500.,,professional,en,Voucher Development,"Visual artists from the Netherlands and the Caribbean part of the Kingdom of the Netherlands.

Applications may only be submitted by artists who have been active as a professional visual artist for at least 1 year: If you have completed a Bachelor’s degree programme (HBO) with a visual arts curriculum, the date on your diploma will be considered the start of your professional practice. If there is an interim period between your graduation from the Bachelor’s programme with a visual arts curriculum and the start of your Master’s programme, this period will count as part of your professional practice. If you have not completed a Bachelor’s degree programme (HBO) with a visual arts curriculum, the date on which you first presented work in professional art circles will be considered the start of your professional practice. In order to be eligible for support, you must be artistically active within the visual arts field, and in this capacity, part of the professional visual arts practice in the Netherlands and/or the Caribbean part of the Kingdom. You cannot apply for or use a contribution while enrolled to study at educational institutions for e.g. Bachelor’s, Master’s or postdoctoral programmes. This also applies to participation in programmes at postgraduate institutions, and to PhD programmes. The exception is part-time programmes (not Bachelor’s programmes) of less than 20 hours a week. The Development Voucher cannot be awarded to an artist who received an Artist Start grant less than 1 year prior, or an Artist Basic grant less than 4 years prior.",Voucher Development,"Visual artists from the Netherlands and the Caribbean part of the Kingdom of the Netherlands.

Applications may only be submitted by artists who have been active as a professional visual artist for at least 1 year: If you have completed a Bachelor’s degree programme (HBO) with a visual arts curriculum, the date on your diploma will be considered the start of your professional practice. If there is an interim period between your graduation from the Bachelor’s programme with a visual arts curriculum and the start of your Master’s programme, this period will count as part of your professional practice. If you have not completed a Bachelor’s degree programme (HBO) with a visual arts curriculum, the date on which you first presented work in professional art circles will be considered the start of your professional practice. In order to be eligible for support, you must be artistically active within the visual arts field, and in this capacity, part of the professional visual arts practice in the Netherlands and/or the Caribbean part of the Kingdom. You cannot apply for or use a contribution while enrolled to study at educational institutions for e.g. Bachelor’s, Master’s or postdoctoral programmes. This also applies to participation in programmes at postgraduate institutions, and to PhD programmes. The exception is part-time programmes (not Bachelor’s programmes) of less than 20 hours a week. The Development Voucher cannot be awarded to an artist who received an Artist Start grant less than 1 year prior, or an Artist Basic grant less than 4 years prior.",Continuous,,2026-09-23 12:37:34.034553+00:00
mondriaan_fund_e52bef22781c,mondriaan_fund,https://www.mondriaanfonds.nl/en/apply-for-a-grant/grants/voucher-international/,https://www.mondriaanfonds.nl/en/apply-for-a-grant/login/,Mondriaan Fund,"Are you a visual artist, curator or art observer who is keen to quickly respond to an invitation to participate in a public programme outside of the Netherlands? Voucher International may be able to help.",visual arts,grant,The Netherlands and the Caribbean part of the Kingdom,,"Travel and accommodation costs up to a maximum sum of € 2,500.",,,en,Voucher International,"Visual artists, independent curators, art critics and art observers based in the Netherlands and the Caribbean part of the Kingdom.

The activity associated with the application is part of a publicly accessible programme, such as a lecture, performance, book presentation or participation on a panel. The artist, curator or art observer has received an invitation from a contemporary visual art institution, venue, festival or symposium outside of the Netherlands with demonstrable and internationally recognised programming in the field of contemporary visual art. The invitation shows that the institution, venue, festival or symposium is offering the artist, curator or art observer a realistic fee for their participation in the public programme.

Voucher International can be awarded no more than twice per applicant within a 12-month period.

For artists: You must have been working as a professional visual artist for at least 1 year: If you have completed a Bachelor’s degree programme (HBO) with a visual arts curriculum, the date on your diploma will be considered the start of your professional practice. If there is an interim period between your graduation from the Bachelor’s programme with a visual arts curriculum and the start of your Master’s programme, this period will be considered as part of your professional practice. If you have not completed a Bachelor’s degree programme (HBO) with a visual arts curriculum, the date on which you first presented work in professional art circles will be considered the start of your professional practice. In order to be eligible for a contribution, you must be artistically and substantively active within the visual arts field, and in this capacity, part of the professional art practice in the Netherlands and/or the Caribbean part of the Kingdom. You may not apply for the Voucher International contribution while studying at educational institutions for e.g. Bachelor’s, Master’s or postdoctoral programmes. This also applies to participation in programmes at postgraduate institutions. In the case that a visual artist studies part-time (not a Bachelor’s degree programme) for less than 20 hours a week, a grant may be awarded if: the applicant has been professionally active as an artist for at least 3 years, or has attended a Bachelor’s degree programme (HBO) at a visual arts educational institution for at least 3 years and has subsequently been professionally active as an artist for at least 1 year.

For curators, critics and art observers: You have been working as a professional curator, art critic or art observer in the field of visual art for at least 2 years, and can support this with publications, exhibitions, research and/or projects. You may not apply for the Voucher International contribution while studying at educational institutions for e.g. Bachelor’s, Master’s or postdoctoral programmes. This also applies to participation in programmes at postgraduate institutions. In order to be eligible for a contribution, you must be artistically and substantively active within the visual arts field, and in this capacity, part of the professional art practice in the Netherlands and/or the Caribbean part of the Kingdom. For curators and art observers, the activity associated with the application must be part of their independent practice.",Voucher International,"Visual artists, independent curators, art critics and art observers based in the Netherlands and the Caribbean part of the Kingdom.

The activity associated with the application is part of a publicly accessible programme, such as a lecture, performance, book presentation or participation on a panel. The artist, curator or art observer has received an invitation from a contemporary visual art institution, venue, festival or symposium outside of the Netherlands with demonstrable and internationally recognised programming in the field of contemporary visual art. The invitation shows that the institution, venue, festival or symposium is offering the artist, curator or art observer a realistic fee for their participation in the public programme.

Voucher International can be awarded no more than twice per applicant within a 12-month period.

For artists: You must have been working as a professional visual artist for at least 1 year: If you have completed a Bachelor’s degree programme (HBO) with a visual arts curriculum, the date on your diploma will be considered the start of your professional practice. If there is an interim period between your graduation from the Bachelor’s programme with a visual arts curriculum and the start of your Master’s programme, this period will be considered as part of your professional practice. If you have not completed a Bachelor’s degree programme (HBO) with a visual arts curriculum, the date on which you first presented work in professional art circles will be considered the start of your professional practice. In order to be eligible for a contribution, you must be artistically and substantively active within the visual arts field, and in this capacity, part of the professional art practice in the Netherlands and/or the Caribbean part of the Kingdom. You may not apply for the Voucher International contribution while studying at educational institutions for e.g. Bachelor’s, Master’s or postdoctoral programmes. This also applies to participation in programmes at postgraduate institutions. In the case that a visual artist studies part-time (not a Bachelor’s degree programme) for less than 20 hours a week, a grant may be awarded if: the applicant has been professionally active as an artist for at least 3 years, or has attended a Bachelor’s degree programme (HBO) at a visual arts educational institution for at least 3 years and has subsequently been professionally active as an artist for at least 1 year.

For curators, critics and art observers: You have been working as a professional curator, art critic or art observer in the field of visual art for at least 2 years, and can support this with publications, exhibitions, research and/or projects. You may not apply for the Voucher International contribution while studying at educational institutions for e.g. Bachelor’s, Master’s or postdoctoral programmes. This also applies to participation in programmes at postgraduate institutions. In order to be eligible for a contribution, you must be artistically and substantively active within the visual arts field, and in this capacity, part of the professional art practice in the Netherlands and/or the Caribbean part of the Kingdom. For curators and art observers, the activity associated with the application must be part of their independent practice.",Continuous,,2026-09-23 12:37:34.034892+00:00
mondriaan_fund_2f611a04d139,mondriaan_fund,https://www.mondriaanfonds.nl/en/apply-for-a-grant/grants/art-media/,https://www.mondriaanfonds.nl/en/apply-for-a-grant/login/,Mondriaan Fund,The Mondriaan Fund offers the Art Media grant to stimulate engagement with and the discourse of contemporary visual art in the Netherlands and the Caribbean part of the Kingdom.,visual art,grant,Netherlands,,"The maximum grant offered by the Mondriaan Fund is 70% of the eligible expenses. The available budget per meeting is € 229,000. ... The standard grant is € 2,480 per month.",,,en,Art Media,"For platforms such as (online) magazines and other public media, and individuals working as curators, critics, social content creators or journalists. New initiatives and collaborations may also apply. The planned publication must be accessible on at least one public medium or platform with appropriate reach. It is not possible to apply for a grant for regular activities, e.g.: continuing a project that was previously supported by the Fund, such as a new season of an existing (podcast) series. activities that are not distinctly recognisable as a separate project in terms of form and/or substance, such as a column with a new subject, but using a customary method. for individuals who, in addition to working as a visual artist, are also active as a curator, critic, social content creator or journalist, the project for which funding is being requested must clearly form part of their reflective practice, rather than their (regular) artistic practice. Museums, art institutions and heritage institutions can only apply for a grant for individual productions concerning visual art. The project may not be directly linked to the applicant’s existing activities (e.g. an article or publication accompanying an exhibition). It is not possible to apply for a grant for television or film productions. It is not possible to apply for a grant for making profiles or portraits of artists. The applicant is expected to comply with the requirements regarding Fair Pay. Other parties working on the project who are included in the budget therefore must also receive remuneration in line with the applicable collective labour agreements or guidelines.",Art Media,"For platforms such as (online) magazines and other public media, and individuals working as curators, critics, social content creators or journalists. New initiatives and collaborations may also apply. The planned publication must be accessible on at least one public medium or platform with appropriate reach. It is not possible to apply for a grant for regular activities, e.g.: continuing a project that was previously supported by the Fund, such as a new season of an existing (podcast) series. activities that are not distinctly recognisable as a separate project in terms of form and/or substance, such as a column with a new subject, but using a customary method. for individuals who, in addition to working as a visual artist, are also active as a curator, critic, social content creator or journalist, the project for which funding is being requested must clearly form part of their reflective practice, rather than their (regular) artistic practice. Museums, art institutions and heritage institutions can only apply for a grant for individual productions concerning visual art. The project may not be directly linked to the applicant’s existing activities (e.g. an article or publication accompanying an exhibition). It is not possible to apply for a grant for television or film productions. It is not possible to apply for a grant for making profiles or portraits of artists. The applicant is expected to comply with the requirements regarding Fair Pay. Other parties working on the project who are included in the budget therefore must also receive remuneration in line with the applicable collective labour agreements or guidelines.",15.10.2026,2026-09-23,2026-09-23 12:37:34.037408+00:00
nordic_culture_point_8b3a1cf01146,nordic_culture_point,https://www.nkk.org/en/norden-0-30-grant-programme/,https://applicant.nordiskkulturkontakt.org/,The Nordic Committee for Children and Young People,"Norden 0–30 supports Nordic co-operation projects aimed at children and young people up to the age of 30. The projects may relate to culture, social issues and/or politics. The programme has been established by the Nordic Committee for Children and Young People , which advises on and coordinates work relating to children and young people within the Nordic Council of Ministers. Through Norden 0–30, the committee aims to support projects initiated by children and young people themselves that strengthen their participation and influence in political, cultural and social activities.","culture, social issues and/or politics",grant programme,Nordic Region,,"For co-operation between three or more Nordic countries, you may apply for up to EUR 50,000. For co-operation between two Nordic countries, you may apply for up to EUR 10,000.",,,en,Norden 0–30 grant programme,"Funding can be granted to: organisations local authorities institutions associations networks. You must have corporate identity number in order to apply. The lead applicant must be based in the Nordic Region. The applicant does not need to be a young person but must represent an organisation that either consists of, or has experience of involving, children and young people. Projects must also involve co-operation between two or more Nordic countries. For projects involving two Nordic countries, one of the participating countries must be Greenland, Iceland, the Faroe Islands, or Åland. At least three participating countries must be Nordic countries in projects in which three or more countries are participating. Denmark, the Faroe Islands, Finland, Greenland, Iceland, Norway, Sweden, and Åland are considered as separate countries. Co-operation with organisations from Greenland, the Faroe Islands, Åland, or Sápmi is considered particularly valuable. Only Nordic project partners count towards the minimum partnership requirement. The partner is considered to represent the country or area in which the organisation is registered. A partner organisation is considered to represent the country or territory in which it is registered. Organisations and/or participants from the Baltic countries may take part in both the application and the project’s activities. Please note that the programme is not open to: individuals sports organisations organisations or networks that neither consist of nor have experience of inclusive work with children and young people organisations or networks that are not based in the Nordic countries.",Norden 0–30 grant programme,"Funding can be granted to: organisations local authorities institutions associations networks. You must have corporate identity number in order to apply. The lead applicant must be based in the Nordic Region. The applicant does not need to be a young person but must represent an organisation that either consists of, or has experience of involving, children and young people. Projects must also involve co-operation between two or more Nordic countries. For projects involving two Nordic countries, one of the participating countries must be Greenland, Iceland, the Faroe Islands, or Åland. At least three participating countries must be Nordic countries in projects in which three or more countries are participating. Denmark, the Faroe Islands, Finland, Greenland, Iceland, Norway, Sweden, and Åland are considered as separate countries. Co-operation with organisations from Greenland, the Faroe Islands, Åland, or Sápmi is considered particularly valuable. Only Nordic project partners count towards the minimum partnership requirement. The partner is considered to represent the country or area in which the organisation is registered. A partner organisation is considered to represent the country or territory in which it is registered. Organisations and/or participants from the Baltic countries may take part in both the application and the project’s activities. Please note that the programme is not open to: individuals sports organisations organisations or networks that neither consist of nor have experience of inclusive work with children and young people organisations or networks that are not based in the Nordic countries.",02.10.2026 15:59 (UTC +3),2027-03-23,2026-09-23 12:37:34.059155+00:00
nordic_culture_point_98a22945e2cb,nordic_culture_point,https://www.nkk.org/en/culture-and-art-programme/,https://applicant.nordiskkulturkontakt.org/,Nordic Culture Point,"The programme funds all phases of art and culture projects: preparatory work, production, performance, and dissemination. Funding is available for projects that produce art, culture, and other forms of creativity, as well as to organise and run skills enhancement projects in the fields of art and culture.",art and culture,funding,Nordic Region,,"A project can be granted up to EUR 7,000 without other sources of funding up to EUR 40 000 with at least 30% co-funding up to EUR 100 000 with at least 50% co-funding",,,en,Culture and Art Programme,"Anyone within the field of art and culture can apply, as long as the project meets the programme criteria and is realised by way of co-operation with partners from at least three countries, at least two of which must be Nordic. In this context, Norway, Denmark, Sweden, Iceland, Finland, Åland, the Faroe Islands and Greenland are considered as Nordic countries. Country affiliation is assessed according to the partners’ registered addresses, not nationality. The person submitting the application does not need to be resident in the Nordic Region, as long as the Nordic dimension of the project is met in terms of its partners and content. Example: An applicant from Lithuania or Canada can submit an application for a collaborative project if there are also partners from Finland and Åland.",Culture and Art Programme,"Anyone within the field of art and culture can apply, as long as the project meets the programme criteria and is realised by way of co-operation with partners from at least three countries, at least two of which must be Nordic. In this context, Norway, Denmark, Sweden, Iceland, Finland, Åland, the Faroe Islands and Greenland are considered as Nordic countries. Country affiliation is assessed according to the partners’ registered addresses, not nationality. The person submitting the application does not need to be resident in the Nordic Region, as long as the Nordic dimension of the project is met in terms of its partners and content. Example: An applicant from Lithuania or Canada can submit an application for a collaborative project if there are also partners from Finland and Åland.",Active Next year – the application dates will be published in November,2027-09-23,2026-09-23 12:37:34.065176+00:00
nordic_culture_point_9dc9950cca03,nordic_culture_point,https://www.nkk.org/en/demos/,https://applicant.nordiskkulturkontakt.org/,Nordic Culture Point,"The aim with Demos is to facilitate networks and meetings between civil society organisations in the Nordics. A strong and dynamic civil society is a cornerstone of Nordic democracy. The funding programme promotes the ability of stakeholders in Nordic civil society to work together, to influence, and to strengthen their voice. The partnerships will help the Nordic Region on its way to becoming the most sustainable and integrated region in the world by 2030.",all areas of society,funding programme,Nordic Region,,"A project can be granted a maximum of EUR 50,000 in funding from Demos.",,,en,Demos,"Please note that only civil society organisations can apply for funding.

Funding can be applied for by non-profit civil society organisations in all areas of society . These organisations include associations, foundations, charities, citizens organisations, interest groups, labour market organisations, religious communities, social enterprises, and NGOs. Demos funds projects with participation from at least three (3) different Nordic countries. Denmark, the Faroe Islands, Finland, Greenland, Iceland, Norway, Sweden, and Åland are considered as separate countries in this context. To be eligible, the applicant organisation must be established and registered in the Nordic Region. Denmark, the Faroe Islands, Finland, Greenland, Iceland, Norway, Sweden, and Åland are considered as Nordic countries in this context. Although the project may cover additional partners who do not operate in the Nordic Region, at least three Nordic countries must be represented. The partner is considered to represent the country or area in which the organisation is registered. The organisation and partners must have a democratic structure and operations. The organisation and partners must not pursue making a profit. The organisation must not owe taxes or fees to the state and must not have applied for bankruptcy or be in liquidation. Please note that individuals cannot apply for funding.",Demos,"Please note that only civil society organisations can apply for funding.

Funding can be applied for by non-profit civil society organisations in all areas of society . These organisations include associations, foundations, charities, citizens organisations, interest groups, labour market organisations, religious communities, social enterprises, and NGOs. Demos funds projects with participation from at least three (3) different Nordic countries. Denmark, the Faroe Islands, Finland, Greenland, Iceland, Norway, Sweden, and Åland are considered as separate countries in this context. To be eligible, the applicant organisation must be established and registered in the Nordic Region. Denmark, the Faroe Islands, Finland, Greenland, Iceland, Norway, Sweden, and Åland are considered as Nordic countries in this context. Although the project may cover additional partners who do not operate in the Nordic Region, at least three Nordic countries must be represented. The partner is considered to represent the country or area in which the organisation is registered. The organisation and partners must have a democratic structure and operations. The organisation and partners must not pursue making a profit. The organisation must not owe taxes or fees to the state and must not have applied for bankruptcy or be in liquidation. Please note that individuals cannot apply for funding.",Next year – the application dates will be published in November,2027-09-23,2026-09-23 12:37:34.071660+00:00
nordic_culture_point_c76ae887354b,nordic_culture_point,https://www.nkk.org/en/funding-for-artist-residencies/,https://applicant.nordiskkulturkontakt.org/,Nordic–Baltic Mobility Programme for Culture,"Funding for artist residencies is part of the Nordic–Baltic Mobility Programme for Culture, which promotes artistic and cultural co-operation across the Nordic and Baltic regions.",all areas of art and culture,funding,"Nordic Region (Denmark, Finland, the Faroe Islands, Greenland, Iceland, Norway, Sweden, Åland) or the Baltic countries (Estonia, Latvia, Lithuania)",,"Funding for artist residencies can amount to EUR 50,000.",,,en,Funding for artist residencies,"Funding is available to established residency centres, organisations, and institutions with at least one year’s documented experience of organising artist residencies within the arts and cultural sector. Residency centres applying for funding must be located in the Nordic Region (Denmark, Finland, the Faroe Islands, Greenland, Iceland, Norway, Sweden, Åland) or the Baltic countries (Estonia, Latvia, Lithuania) and the invited artists must have a permanent address in one of these countries. However, they do not need to be a Nordic or Baltic citizen. Individual practitioners of art and culture cannot get funding for artist residencies.",Funding for artist residencies,"Funding is available to established residency centres, organisations, and institutions with at least one year’s documented experience of organising artist residencies within the arts and cultural sector. Residency centres applying for funding must be located in the Nordic Region (Denmark, Finland, the Faroe Islands, Greenland, Iceland, Norway, Sweden, Åland) or the Baltic countries (Estonia, Latvia, Lithuania) and the invited artists must have a permanent address in one of these countries. However, they do not need to be a Nordic or Baltic citizen. Individual practitioners of art and culture cannot get funding for artist residencies.","15:59, Finnish time.",2026-09-23,2026-09-23 12:37:34.074308+00:00
nordic_culture_point_8e6618f7a6eb,nordic_culture_point,https://www.nkk.org/en/long-term-network-funding/,https://applicant.nordiskkulturkontakt.org/,Nordic Culture Point,"Long-term network funding is part of the Nordic–Baltic Mobility Programme for Culture, which promotes artistic and cultural co-operation across the Nordic and Baltic regions. The focus of the programme is on increasing the exchange of knowledge, contacts, and interest in Nordic and Baltic art and culture.",all forms of art and culture,funding,"Nordic Region (Denmark, Finland, the Faroe Islands, Greenland, Iceland, Norway, Sweden, or Åland) or the Baltic countries (Estonia, Latvia, or Lithuania)",,"Networks planning to co-operate for up to three years may apply for funding of up to EUR 100,000. The requested funding may cover a maximum of 50% of the total project budget.",,professional artists or cultural practitioners,en,Long-term network funding,"Funding is available for groups of at least three organisations and/or professional artists or cultural practitioners (such as curators, producers, literary translators, cultural editors or researchers) in all forms of art and culture. It is assumed that you have confirmed such collaboration with the network partners before submitting your application. “Professional” means that there is documented experience of work in the field of art and culture and/or training in art or culture. To apply for network funding, you must be a resident of the Nordic Region (Denmark, Finland, the Faroe Islands, Greenland, Iceland, Norway, Sweden, or Åland) or the Baltic countries (Estonia, Latvia, or Lithuania), although you do not need to be a Nordic or Baltic citizen. The network must consist of partners from: at least three Nordic and/or Baltic countries (Denmark, Estonia, Finland, the Faroe Islands, Greenland, Iceland, Latvia, Lithuania, Norway, Sweden, and Åland.) The network may cover additional partners who do not operate in the Nordic or Baltic region.",Long-term network funding,"Funding is available for groups of at least three organisations and/or professional artists or cultural practitioners (such as curators, producers, literary translators, cultural editors or researchers) in all forms of art and culture. It is assumed that you have confirmed such collaboration with the network partners before submitting your application. “Professional” means that there is documented experience of work in the field of art and culture and/or training in art or culture. To apply for network funding, you must be a resident of the Nordic Region (Denmark, Finland, the Faroe Islands, Greenland, Iceland, Norway, Sweden, or Åland) or the Baltic countries (Estonia, Latvia, or Lithuania), although you do not need to be a Nordic or Baltic citizen. The network must consist of partners from: at least three Nordic and/or Baltic countries (Denmark, Estonia, Finland, the Faroe Islands, Greenland, Iceland, Latvia, Lithuania, Norway, Sweden, and Åland.) The network may cover additional partners who do not operate in the Nordic or Baltic region.","15:59, Finnish time",2026-09-23,2026-09-23 12:37:34.077618+00:00
nordic_culture_point_68739869a8ce,nordic_culture_point,https://www.nkk.org/en/mobility-funding/,https://applicant.nordiskkulturkontakt.org/,Nordic Culture Point,"Mobility funding gives individual applicants access to contacts, expertise and knowledge from different parts of the region. Funding can also be used to present art and culture productions and to raise interest in Nordic and Baltic art and culture.",all forms of art and culture,funding,"Denmark, Estonia, Finland, the Faroe Islands, Greenland, Iceland, Latvia, Lithuania, Norway, Sweden and Åland",,Funding is based on a fixed travel cost and/or a fixed allowance per day which is calculated according to the length of the stay and destination.,,professional artists and cultural practitioners,en,Mobility funding,"Funding is available for professional artists and cultural practitioners (such as curators, producers, literary translators, cultural editors or researchers) in all forms of art and culture. “Professional” means that there is documented experience of work in the field of art and culture and/or training in art or culture. Mobility funding can only be granted to individuals. You cannot apply on behalf of another person, i.e. organisations cannot apply for funding to invite artists. If you apply as part of a group traveling together within the framework of the same project, all group members must submit individual applications. The user account that you create in our application system must be for an individual applicant in order to apply for mobility funding. To be able to apply for mobility funding, the applicant must be a resident of the Nordic Region (Denmark, Finland, the Faroe Islands, Greenland, Iceland, Norway, Sweden, Åland) or the Baltic countries (Estonia, Latvia, or Lithuania), although the applicant does not have to be a Nordic or Baltic citizen. Students are not granted mobility funding. However, professional artists and cultural practitioners can apply for funding in some cases, if the purpose of the trip is not linked to studies, but is part of the artist’s continued professional work. Trips within one and the same country/area Trips to or from countries outside the Nordic/Baltic region Trips which are a part of the applicant’s formal studies Organisational or company travel Official travel for employees in public administration – e.g. state authorities, municipalities, regions or the equivalent. Activities that have already been carried out.",Mobility funding,"Funding is available for professional artists and cultural practitioners (such as curators, producers, literary translators, cultural editors or researchers) in all forms of art and culture. “Professional” means that there is documented experience of work in the field of art and culture and/or training in art or culture. Mobility funding can only be granted to individuals. You cannot apply on behalf of another person, i.e. organisations cannot apply for funding to invite artists. If you apply as part of a group traveling together within the framework of the same project, all group members must submit individual applications. The user account that you create in our application system must be for an individual applicant in order to apply for mobility funding. To be able to apply for mobility funding, the applicant must be a resident of the Nordic Region (Denmark, Finland, the Faroe Islands, Greenland, Iceland, Norway, Sweden, Åland) or the Baltic countries (Estonia, Latvia, or Lithuania), although the applicant does not have to be a Nordic or Baltic citizen. Students are not granted mobility funding. However, professional artists and cultural practitioners can apply for funding in some cases, if the purpose of the trip is not linked to studies, but is part of the artist’s continued professional work. Trips within one and the same country/area Trips to or from countries outside the Nordic/Baltic region Trips which are a part of the applicant’s formal studies Organisational or company travel Official travel for employees in public administration – e.g. state authorities, municipalities, regions or the equivalent. Activities that have already been carried out.",Next year – the application dates will be published in November,2027-09-23,2026-09-23 12:37:34.083129+00:00
nordic_culture_point_99a3ce7db217,nordic_culture_point,https://www.nkk.org/en/short-term-network-funding/,https://applicant.nordiskkulturkontakt.org/,Nordic Culture Point,"Network funding facilitates meetings, the exchange of ideas and knowledge between professional artists and cultural practitioners in the Nordic and/or Baltic region, which in this context is the countries of Denmark, Estonia, Finland, Faroe Islands, Greenland, Iceland, Latvia, Lithuania, Norway, Sweden, and Åland.",all forms of art and culture,funding,"Denmark, Estonia, Finland, Faroe Islands, Greenland, Iceland, Latvia, Lithuania, Norway, Sweden, and Åland",,"For networks that will work together for up to one year, you can get funding of up to EUR 20,000. The contribution from Nordic Culture Point can make up a maximum of 70% of the project’s budget.",,,en,Short-term network funding,"Funding is available for professional artists and cultural practitioners (such as curators, producers, literary translators, cultural editors or researchers) in all forms of art and culture. Applications may be submitted by individuals or organisations. “Professional” means that there is documented experience of work in the field of art and culture and/or training in art or culture. To apply for network funding, you must be a resident of the Nordic Region (Denmark, Finland, the Faroe Islands, Greenland, Iceland, Norway, Sweden, or Åland) or the Baltic countries (Estonia, Latvia, or Lithuania), although you do not need to be a Nordic or Baltic citizen. Groups, organisations, and institutions must be registered in a Nordic or Baltic country in order to apply. The network must consist of partners from: at least three Nordic and/or Baltic countries (Denmark, Estonia, Finland, the Faroe Islands, Greenland, Iceland, Latvia, Lithuania, Norway, Sweden, and Åland.) The network may include additional partners who do not operate in the Nordic or Baltic region.",Short-term network funding,"Funding is available for professional artists and cultural practitioners (such as curators, producers, literary translators, cultural editors or researchers) in all forms of art and culture. Applications may be submitted by individuals or organisations. “Professional” means that there is documented experience of work in the field of art and culture and/or training in art or culture. To apply for network funding, you must be a resident of the Nordic Region (Denmark, Finland, the Faroe Islands, Greenland, Iceland, Norway, Sweden, or Åland) or the Baltic countries (Estonia, Latvia, or Lithuania), although you do not need to be a Nordic or Baltic citizen. Groups, organisations, and institutions must be registered in a Nordic or Baltic country in order to apply. The network must consist of partners from: at least three Nordic and/or Baltic countries (Denmark, Estonia, Finland, the Faroe Islands, Greenland, Iceland, Latvia, Lithuania, Norway, Sweden, and Åland.) The network may include additional partners who do not operate in the Nordic or Baltic region.","15:59, Finnish time",2026-09-23,2026-09-23 12:37:34.085983+00:00
nordic_culture_point_e5ff586e656e,nordic_culture_point,https://www.nkk.org/en/volt/,https://applicant.nordiskkulturkontakt.org/,Nordic Culture Point,projects relating to the cultural and artistic creativity of children and young people.,"all areas of the arts, including film, literature, the performing arts, the visual arts, and cultural heritage",funding,Nordic Region,,"Project funding from Volt up to EUR 35,000 is available. Funding of up to EUR 7,000 may be awarded with full funding. For applications requesting higher sums, funding from Volt may account for a maximum of 70% of the project’s costs.",,,en,Volt,"Eligible applicants are: Individuals Organisations, associations, and institutions Applicants do not need to belong to the target group themselves but should have experience of working with children and young people. If you are under the age of 18, you can present your idea for a project to an association or organisation, or to an adult who can help you develop and implement the project. To be granted funding from Volt, the project must be conducted in collaboration with participants from at least three Nordic countries (Denmark, Finland, the Faroe Islands, Greenland, Iceland, Norway, Sweden, or Åland). Projects can be implemented in one or more of these countries. Although projects are welcome to have partners that don’t live in the Nordic Region, the programme will not cover their costs. The applicant must be resident in the Nordic Region but does not require Nordic citizenship.",Volt,"Eligible applicants are: Individuals Organisations, associations, and institutions Applicants do not need to belong to the target group themselves but should have experience of working with children and young people. If you are under the age of 18, you can present your idea for a project to an association or organisation, or to an adult who can help you develop and implement the project. To be granted funding from Volt, the project must be conducted in collaboration with participants from at least three Nordic countries (Denmark, Finland, the Faroe Islands, Greenland, Iceland, Norway, Sweden, or Åland). Projects can be implemented in one or more of these countries. Although projects are welcome to have partners that don’t live in the Nordic Region, the programme will not cover their costs. The applicant must be resident in the Nordic Region but does not require Nordic citizenship.",the application window closes at 15:59 Finnish time.,2026-09-23,2026-09-23 12:37:34.088557+00:00
rijksakademie_355e23d52adb,rijksakademie,https://rijksakademie.nl/en/residency-apply,https://rijksakademie.nl/en/residency-apply/apply,Rijksakademie,"The Rijksakademie is a two-year residency programme that annually offers 50 artists space for research, experiment and for the production of new work.",visual arts,residency,The Netherlands,Amsterdam,"Residents are supported with a studio, a work budget and a stipend",,,en,Residency,"The Rijksakademie is a two-year residency programme that annually offers 50 artists space for research, experiment and for the production of new work.",Residency,"The Rijksakademie is a two-year residency programme that annually offers 50 artists space for research, experiment and for the production of new work.",,,2026-09-23 12:37:34.088589+00:00
u_jazdowski_warsaw_ea8781efb99b,u_jazdowski_warsaw,https://u-jazdowski.pl/en/programme/residencies/open-calls/cwiczenia-ze-wspolistnienia,,Ujazdowski Castle Centre for Contemporary Art,"We invite you to apply for the open call entitled Practicing Togetherness for an artistic residency at the Ujazdowski Castle Centre for Contemporary Art in Warsaw . In 2026 , Ujazdowski residencies will become a space for activities focused on reflecting on togetherness , collaboration , and the relationship in post - human world in the face of contemporary crises . We invite artists and researchers of various disciplines , whose work explores possible strategies of coexistence and regeneration . We are interested in how our everyday practices can become a starting point for building more sustainable and solidaristic futures . Projects developed within the Ujazdowski residencies often take an intimate , small - scale form , unfold over time , and remain open to process , uncertainty , and failure . While working at Ujazdowski , residents draw on its resources and engage with the surrounding environment , frequently uncovering new meanings through attentive and context - sensitive approaches . Projects developed in collaboration with artists , researchers , and local communities create a space for experimentation , knowledge exchange , and shared experience , both within Ujazdowski and beyond its walls .","visual arts , performance , literature , music , etc .",artistic residency,Poland,Warsaw,"Monthly per diems of 5 , 000 PLN ( gross ) 5 , 000 PLN project budget Travel tickets ( roundtrip ) Accommodation Studio with living space , kitchenette , and bathroom + common spaces ( fully equipped kitchen and common room ) Working space Wood workshop with essential tools , conference room , meeting room , theatre room with a professional dance floor , possibility of borrowing audiovisual equipment and technical tools",,,en,Practising Togetherness,"Open call for Palestinian artists , cultural practitioners , theorists , curators , and people working at the intersection of education / art / activism
We encourage applications from individuals whose practice is based on artistic research , regardless of the medium they use ( visual arts , performance , literature , music , etc . ) .
Target group Artists , cultural practitioners , theorists , curators , and people working at the intersection of education / art / activism; and those engaged in participatory work with communities who recognize themselves as Palestinians .
Collectives Yes , max two people",Practising Togetherness,"Open call for Palestinian artists , cultural practitioners , theorists , curators , and people working at the intersection of education / art / activism
We encourage applications from individuals whose practice is based on artistic research , regardless of the medium they use ( visual arts , performance , literature , music , etc . ) .
Target group Artists , cultural practitioners , theorists , curators , and people working at the intersection of education / art / activism; and those engaged in participatory work with communities who recognize themselves as Palestinians .
Collectives Yes , max two people","May 18 , 2026 at 12 : 00 CET",,2026-09-23 12:37:34.094678+00:00
u_jazdowski_warsaw_1ae39a067e01,u_jazdowski_warsaw,https://u-jazdowski.pl/en/programme/residencies/open-calls/open-call-international-fellowship-mensch-maschine-2026,https://www.kunststrom.com/mensch-maschine-2026-open-call.html,Ujazdowski Castle Centre for Contemporary Art,"Under the theme Mensch Maschine 2026 : Mechanic Ghosts and Entangled Realities , the programme will award four fully funded international artist fellowships ( each worth EUR 20 , 000 ) . The initiative supports projects at the intersection of art , energy , and ecology , exploring the relationship between humans and machines within social , political , and environmental contexts .",all disciplines,artist fellowships,,Warsaw,"four fully funded international artist fellowships ( each worth EUR 20 , 000 )",,,en,Open Call : International Fellowship Mensch Maschine 2026,"Artists from all disciplines are invited to apply , particularly those working with sound , performance , film , and literature / poetry .",Open Call : International Fellowship Mensch Maschine 2026,"Artists from all disciplines are invited to apply , particularly those working with sound , performance , film , and literature / poetry .",16 November 2025,2025-11-16,2026-09-23 12:37:34.099479+00:00
u_jazdowski_warsaw_12d96c6e05cf,u_jazdowski_warsaw,https://u-jazdowski.pl/en/programme/residencies/open-calls/rezydencje-kryzysowe-pazdziernik,,"Ujazdowski Castle Centre for Contemporary Art, Zachęta – National Gallery of Art and Centre of Polish Sculpture in Orońsko","Ujazdowski Castle Centre for Contemporary Art , Zachęta – National Gallery of Art and Centre of Polish Sculpture in Orońsko invite Ukrainian artists and other art professionals seeking refuge from the war to apply for residencies in Warsaw or Orońsko . Families are welcome .",artists and other art professionals,residencies,Poland,Warsaw or Orońsko,"— per diems — free access to the library and gallery , cinema and the other facilities of the host organization",,,en,Emergency residencies for Ukrainian artists,"This open call is dedicated to all Ukrainian artists who crossed the Ukrainian border after February 24 , 2022 , because of the war . In the title of the e - mail please indicate to which institution you are applying : Ujazdowski Castle Centre for Contemporary Art or Zachęta – National Gallery of Art Please send your submission in English or Ukrainian language to : emergency . residency@kultura . gov . pl",Emergency residencies for Ukrainian artists,"This open call is dedicated to all Ukrainian artists who crossed the Ukrainian border after February 24 , 2022 , because of the war . In the title of the e - mail please indicate to which institution you are applying : Ujazdowski Castle Centre for Contemporary Art or Zachęta – National Gallery of Art Please send your submission in English or Ukrainian language to : emergency . residency@kultura . gov . pl","11 September 2022 , 11 : 59 pm ( GMT+2 )",,2026-09-23 12:37:34.109896+00:00
wiels_brussels_8d2eff24505b,wiels_brussels,https://wiels.org/en/blog/open-call-residency-2026,https://docs.google.com/forms/d/e/1FAIpQLSerwis_ix545hhkAUkkuKPkGd_3Y4D-wIN7fcVsbtwbyd5hKw/viewform,WIELS,WIELS launches its annual open call for artists based in Belgium for a residency as part of its international residency programme . These six-month residencies provide time for reflection and a studio space dedicated to research and artistic practice.,artists,residency,Belgium,,"an artistic recognition grant of €3,000",,,en,Residencies 2027 – Call for Applications (Belgian artists or artists residing in Belgium),"This call is open exclusively to Belgian artists or to artists living and working in Belgium, with at least three years of contribution to the Belgian contemporary art scene.",Residencies 2027 – Call for Applications (Belgian artists or artists residing in Belgium),"This call is open exclusively to Belgian artists or to artists living and working in Belgium, with at least three years of contribution to the Belgian contemporary art scene.",31 May 2026,2026-05-31,2026-09-23 12:37:34.112978+00:00
